age,income,credit_amount,duration,debt_to_income_ratio,credit_history_length,purpose,employment_status,housing,savings_account,checking_account,credit_risk,credit_to_income_ratio,monthly_payment,age_group,income_group
45,17820.77444,2856.076805,14,0.118721657,2.468165074,car,employed,rent,quite_rich,rich,0,0.160266705,204.0054861,Middle,Low
38,17558.49129,3849.122309,6,0.085583955,0.076113628,car,employed,own,quite_rich,little,0,0.219217144,641.5203848,Middle,Low
47,8974.8223,3047.555739,10,0.14568726,11.42731582,car,retired,rent,quite_rich,little,0,0.339567251,304.7555739,Middle,Low
58,18675.25948,5368.664379,10,0.173930268,3.743764557,furniture,self-employed,rent,rich,moderate,1,0.287474687,536.8664379,Senior,Low
37,31774.34687,12806.94429,6,0.467306691,9.479012959,vacation,self-employed,own,quite_rich,moderate,0,0.403059246,2134.490714,Middle,Below_Avg
37,11647.93209,2652.257052,27,0.10054756,0.308870135,education,employed,own,rich,rich,0,0.227701967,98.23174267,Middle,Low
58,37206.5956,10945.20126,9,0.260146715,1.290345229,car,employed,own,quite_rich,little,0,0.294173683,1216.133473,Senior,Below_Avg
49,28110.18965,2629.798068,14,0.288223042,1.501337996,furniture,employed,rent,moderate,rich,0,0.093553196,187.8427192,Middle,Low
34,15258.36779,2494.63631,6,0.158575586,2.444435991,car,employed,own,little,little,0,0.163492999,415.7727183,Adult,Low
46,20521.63925,9460.4544,11,0.495252061,8.119367337,medical,employed,rent,little,little,0,0.460998962,860.0413091,Middle,Low
34,48979.68522,10275.82268,25,0.115193645,2.443346765,furniture,employed,rent,moderate,rich,1,0.209797646,411.0329072,Adult,Below_Avg
34,31785.76753,9712.101356,10,0.52189623,1.144887238,medical,employed,rent,quite_rich,little,0,0.305548744,971.2101356,Adult,Below_Avg
42,22123.41497,1715.332251,14,0.023405247,0.335991665,furniture,employed,rent,moderate,moderate,0,0.077534696,122.5237322,Middle,Low
18,19558.36481,3385.440188,21,0.150283766,0.41414657,vacation,unemployed,own,little,moderate,0,0.173094235,161.2114375,Young,Low
19,22886.54667,9493.768107,8,0.546524593,7.136565332,car,unemployed,free,moderate,little,1,0.414818725,1186.721013,Young,Low
33,17053.62757,5080.848085,7,0.279760142,2.942161286,car,employed,own,rich,moderate,0,0.297933566,725.8354407,Adult,Low
27,7689.60924,2081.91979,6,0.275533428,6.476442102,car,employed,own,rich,moderate,0,0.27074455,346.9866317,Adult,Low
43,61150.23324,7091.51552,15,0.087799908,5.733036013,education,employed,own,moderate,little,0,0.11596874,472.7677013,Middle,Average
29,23805.27562,2774.30125,22,0.089058209,0.727224454,furniture,self-employed,rent,little,moderate,0,0.116541446,126.1046023,Adult,Low
23,26878.27538,20653.08287,15,0.805443358,0.770933018,furniture,retired,own,quite_rich,rich,0,0.768393157,1376.872191,Young,Low
57,21397.85848,16913.59761,6,0.845728447,7.039470125,vacation,unemployed,rent,rich,little,0,0.790434128,2818.932936,Senior,Low
37,15251.62906,7968.710314,6,0.458157725,6.387527926,car,self-employed,own,little,rich,1,0.522482568,1328.118386,Middle,Low
40,20071.13033,14600.41693,6,0.650825671,2.374323259,furniture,employed,rent,rich,little,1,0.727433716,2433.402821,Middle,Low
22,9900.12457,5176.234188,6,0.46193175,3.580633891,vacation,employed,rent,little,little,0,0.522845359,862.705698,Young,Low
33,68771.40063,9066.57629,10,-0.008288966,0.060858992,furniture,employed,rent,little,moderate,0,0.131836435,906.657629,Adult,Average
41,11881.57311,16029.34263,6,1.190049597,1.699489133,vacation,self-employed,free,rich,little,0,1.349092623,2671.557106,Middle,Low
26,13147.89381,5981.334278,21,0.484643897,0.04632531,furniture,employed,rent,rich,rich,0,0.454927182,284.8254418,Adult,Low
44,17674.36207,4007.208979,58,0.320583971,1.307295409,furniture,self-employed,own,little,rich,0,0.226724391,69.08980998,Middle,Low
32,41941.78492,1256.772786,6,0.117069224,2.719333765,car,self-employed,own,little,rich,0,0.029964695,209.462131,Adult,Below_Avg
36,22186.83779,4598.535579,40,-0.030935,3.580633891,medical,employed,rent,little,moderate,0,0.207264128,114.9633895,Middle,Low
32,11871.93039,9497.069418,19,0.77545349,0.550624558,vacation,unemployed,own,quite_rich,rich,0,0.799959999,499.8457588,Adult,Low
62,41240.21619,10472.48627,35,0.14372949,11.33789682,medical,employed,own,rich,moderate,1,0.253938685,299.2138935,Senior,Below_Avg
39,31745.31116,7357.621933,6,0.246144096,4.403050003,furniture,unemployed,own,moderate,moderate,0,0.231770352,1226.270322,Middle,Below_Avg
27,28831.31721,3187.399705,42,0.068771033,13.62514414,vacation,unemployed,rent,little,little,0,0.110553385,75.89046918,Adult,Below_Avg
49,31503.91556,1010.84586,57,0.091277547,2.121910791,furniture,employed,own,little,little,1,0.032086356,17.7341379,Middle,Below_Avg
25,72924.5738,3307.103208,42,0.043434332,5.652758894,furniture,employed,own,rich,moderate,0,0.045349641,78.74055258,Young,Average
42,65679.84916,3852.679284,27,-0.130941722,1.145127044,vacation,employed,own,little,little,0,0.058658467,142.6918253,Middle,Average
18,15625.23209,3826.312506,6,0.148171776,4.816129752,car,self-employed,rent,moderate,rich,0,0.244880363,637.718751,Young,Low
24,49609.74159,8061.420701,6,0.16307524,0.693930041,car,employed,rent,rich,little,0,0.162496728,1343.570117,Young,Below_Avg
42,26677.72149,24065.65812,43,0.911099256,0.010414034,furniture,unemployed,rent,little,little,1,0.902088213,559.6664678,Middle,Low
48,28269.7585,5425.27225,6,0.051343129,13.40692948,business,employed,own,little,little,0,0.19191081,904.2120417,Middle,Below_Avg
42,9450.893669,4132.403875,7,0.283604095,4.04721834,furniture,self-employed,free,little,little,1,0.437250065,590.3434107,Middle,Low
38,20227.67747,3994.295709,6,0.203091382,13.08241665,furniture,retired,own,moderate,little,1,0.197466848,665.7159515,Middle,Low
36,14670.41566,5428.98686,17,0.229696871,2.031063365,medical,self-employed,rent,rich,moderate,0,0.370063602,319.3521682,Middle,Low
22,33323.87571,2533.520184,14,-0.090835766,1.985893198,furniture,employed,free,moderate,little,0,0.076027177,180.9657274,Young,Below_Avg
31,37629.37409,5410.835775,58,0.099278821,2.559589448,car,employed,free,little,moderate,0,0.143792872,93.29027199,Adult,Below_Avg
34,7806.849938,7049.062224,40,0.854088364,6.121574613,education,employed,rent,moderate,little,0,0.902932973,176.2265556,Adult,Low
52,21785.12264,5812.400031,12,0.178965888,4.171349535,vacation,employed,free,little,little,0,0.266805936,484.3666693,Senior,Low
44,38597.03552,7087.114445,16,0.113244407,12.97505246,car,employed,rent,little,rich,0,0.183618103,442.9446528,Middle,Below_Avg
18,20063.56011,6953.483858,9,0.347956355,0.128850583,education,employed,own,moderate,little,0,0.346572783,772.6093175,Young,Low
43,31714.581,1190.921498,6,-0.034465061,6.158363612,car,self-employed,own,quite_rich,little,1,0.037551229,198.4869163,Middle,Below_Avg
35,26254.23882,8180.398352,36,0.318653611,2.004833874,education,employed,rent,rich,rich,0,0.311583909,227.2332876,Adult,Low
31,26129.75849,2873.218542,14,0.071912775,0.993679603,car,self-employed,rent,rich,little,0,0.109959629,205.2298958,Adult,Low
47,19232.22451,2045.359136,9,0.123115643,3.570788034,furniture,employed,own,rich,little,0,0.106350627,227.2621262,Middle,Low
52,11988.57747,2031.314781,6,0.257258072,3.516631908,furniture,employed,rent,rich,little,0,0.169437516,338.5524635,Senior,Low
51,12572.09465,6952.338024,19,0.636922373,0.736766837,medical,employed,own,rich,little,0,0.552997589,365.9125276,Senior,Low
29,31403.55108,4113.131988,9,0.259797699,1.127582173,business,employed,own,moderate,little,0,0.130976652,457.0146654,Adult,Below_Avg
36,22241.80995,1279.756332,6,0.141353008,2.622634165,medical,employed,own,little,rich,1,0.057538318,213.2927219,Middle,Low
43,20552.62353,7204.27769,37,0.374384126,2.628101067,business,self-employed,free,little,little,0,0.350528373,194.7102078,Middle,Low
51,17819.61291,1553.574207,6,0.043840223,1.910389709,car,retired,rent,moderate,little,0,0.087183387,258.9290345,Senior,Low
34,18909.23256,5496.446584,13,0.251899194,0.804044031,car,employed,rent,quite_rich,rich,0,0.290675286,422.8035834,Adult,Low
37,37177.38396,5947.933579,28,0.072210223,0.021916358,medical,employed,rent,moderate,little,1,0.159987954,212.4261992,Middle,Below_Avg
26,18627.19631,9981.23057,34,0.536294738,17.57212085,education,employed,rent,little,little,0,0.535841809,293.565605,Adult,Low
25,11265.13282,20442.01926,30,1.884366199,14.36750504,medical,unemployed,free,moderate,moderate,1,1.814627452,681.4006421,Young,Low
49,31946.75494,1649.551875,40,-0.020932349,3.304855916,car,self-employed,own,moderate,little,1,0.051634411,41.23879688,Middle,Below_Avg
56,19881.83278,4712.721886,6,0.233314806,3.580633891,car,self-employed,rent,quite_rich,little,0,0.237036592,785.4536476,Senior,Low
39,22374.96397,3939.983301,50,0.1083527,5.598990622,furniture,employed,own,little,moderate,0,0.176088923,78.79966602,Middle,Low
52,49206.90082,6953.49541,6,0.16224682,0.356714963,furniture,employed,free,rich,rich,0,0.141311387,1158.915902,Senior,Below_Avg
44,21801.18753,5840.285822,6,0.212950088,0.626218859,car,employed,free,moderate,little,1,0.267888426,973.3809703,Middle,Low
32,25453.07492,3706.943664,6,0.071687286,12.39129461,furniture,unemployed,rent,quite_rich,moderate,0,0.145638343,617.823944,Adult,Low
44,12216.44476,3453.965427,52,0.214734149,4.971966851,education,employed,own,moderate,little,0,0.282730819,66.42241206,Middle,Low
58,19735.3214,2011.909029,9,0.152277456,9.263398773,furniture,self-employed,own,rich,little,0,0.101944579,223.5454476,Senior,Low
39,29874.57379,10832.31707,6,0.352918251,11.42714795,car,employed,own,little,little,0,0.362593192,1805.386178,Middle,Below_Avg
58,10120.44722,7096.545145,6,0.658366479,2.970510931,business,employed,own,little,little,1,0.701208652,1182.757524,Senior,Low
18,24353.29765,10241.61456,6,0.446683685,0.248714335,furniture,employed,rent,little,little,0,0.420543234,1706.93576,Young,Low
49,23164.94761,3834.073488,17,0.124060235,1.043001278,education,self-employed,own,moderate,rich,0,0.165511857,225.5337346,Middle,Low
41,22485.90006,2905.996457,6,0.241888175,0.344456958,furniture,employed,free,moderate,rich,1,0.129236386,484.3327429,Middle,Low
36,36996.5317,2074.235532,16,-0.04132094,1.045832471,vacation,retired,own,little,moderate,1,0.056065675,129.6397208,Middle,Below_Avg
41,26035.57777,6549.435011,26,0.232859971,2.642682077,education,employed,free,moderate,little,0,0.251557122,251.9013466,Middle,Low
18,46121.56694,2139.153396,16,-0.094095761,0.628931945,medical,employed,rent,little,moderate,0,0.046380761,133.6970872,Young,Below_Avg
37,13402.61669,21567.23309,31,1.574493334,0.912007287,education,employed,own,moderate,moderate,1,1.609180773,695.7171964,Middle,Low
44,23575.47566,1726.559424,6,-0.094728148,2.951344755,car,self-employed,own,little,little,0,0.073235401,287.759904,Middle,Low
57,22976.64153,6117.618069,6,0.34088545,2.078872466,furniture,employed,free,quite_rich,little,0,0.266253798,1019.603012,Senior,Low
33,12905.03408,17214.09434,22,1.410555753,3.152346862,education,employed,rent,moderate,little,0,1.333905376,782.4588338,Adult,Low
30,35530.52628,7936.850455,31,0.301798185,3.580633891,education,employed,own,little,little,0,0.223381168,256.027434,Adult,Below_Avg
33,70427.3283,5656.377621,12,0.083202344,5.1708411,business,employed,own,moderate,little,0,0.080315096,471.3648017,Adult,Average
50,21839.96796,2264.735111,30,0.015709774,13.838169,car,self-employed,rent,little,rich,1,0.103696815,75.49117038,Middle,Low
43,28353.63569,1627.148946,11,-0.022646398,0.570685355,business,employed,own,moderate,little,0,0.057387665,147.9226314,Middle,Below_Avg
33,22977.23536,9100.094592,6,0.549065488,0.522693985,business,self-employed,own,little,little,1,0.396048282,1516.682432,Adult,Low
46,15416.71617,16398.05145,11,1.207221686,9.580022946,business,self-employed,rent,rich,rich,0,1.063653976,1490.73195,Middle,Low
41,8862.816311,3459.640662,6,0.402610064,3.530115651,furniture,unemployed,rent,quite_rich,moderate,0,0.390354549,576.6067769,Middle,Low
51,15477.04533,1975.843735,11,0.076099448,7.270832666,medical,employed,own,little,moderate,0,0.127662851,179.6221578,Senior,Low
31,10982.08744,687.7768611,6,0.199489494,1.213045813,furniture,employed,free,little,little,0,0.062627152,114.6294769,Adult,Low
36,51639.95838,2242.593136,6,-0.026022839,8.826441898,car,unemployed,rent,little,moderate,1,0.043427478,373.7655226,Middle,Below_Avg
35,20794.52798,4487.605427,38,0.238691956,12.87502935,vacation,self-employed,rent,moderate,little,0,0.215807035,118.0948797,Adult,Low
22,18528.03622,17664.25867,6,1.088575703,5.04591066,car,employed,own,little,little,1,0.953379973,2944.043111,Young,Low
43,34357.54459,8421.194433,6,0.161470814,0.559570951,business,employed,own,rich,moderate,0,0.245104664,1403.532405,Middle,Below_Avg
43,12570.70579,6273.36595,60,0.581968797,11.28303316,car,unemployed,own,moderate,moderate,1,0.499046438,104.5560992,Middle,Low
40,15011.44188,3568.513034,15,0.289775618,7.862823979,car,employed,own,moderate,little,0,0.237719538,237.9008689,Middle,Low
37,22789.06591,3082.411198,15,0.131306685,6.949058228,car,self-employed,free,moderate,moderate,0,0.135258339,205.4940799,Middle,Low
23,36841.65803,15131.25995,33,0.311367253,0.187098262,furniture,employed,free,quite_rich,little,1,0.410710613,458.5230287,Young,Below_Avg
34,28306.38064,5770.943317,13,0.131430316,8.021319734,car,employed,rent,little,moderate,0,0.203874292,443.9187167,Adult,Below_Avg
35,24938.36279,914.0812354,6,0.065598726,0.742215888,car,employed,rent,rich,little,0,0.036653618,152.3468726,Adult,Low
30,22903.81725,2867.420952,9,-0.01713966,1.257626242,business,employed,rent,moderate,rich,0,0.12519402,318.602328,Adult,Low
38,26906.35889,2473.593361,25,0.105007797,4.303509547,business,employed,rent,moderate,little,1,0.091933411,98.94373445,Middle,Low
44,24363.13608,3174.764682,37,0.18441528,1.539293104,vacation,unemployed,own,moderate,little,0,0.130310181,85.80445086,Middle,Low
62,13161.00885,7710.424537,6,0.684375626,3.580633891,vacation,self-employed,rent,little,little,0,0.585853609,1285.070756,Senior,Low
42,22539.83824,4509.962396,6,0.060252791,4.683365844,furniture,self-employed,rent,moderate,rich,0,0.200088499,751.6603993,Middle,Low
43,12876.45425,4621.652825,7,0.490547515,0.572284356,vacation,self-employed,own,rich,rich,0,0.358922785,660.2361178,Middle,Low
39,22937.79513,14055.63313,16,0.782308111,5.335780025,education,employed,own,little,little,1,0.612771762,878.4770707,Middle,Low
18,17321.01926,2815.319767,6,0.203552922,12.88214411,furniture,employed,own,moderate,moderate,0,0.162537766,469.2199612,Young,Low
39,78408.75032,21836.96862,40,0.174696821,0.878377883,business,unemployed,rent,little,little,0,0.278501679,545.9242155,Middle,Above_Avg
40,21591.45272,2872.545722,60,0.100229944,4.544863135,car,employed,own,moderate,little,1,0.133040873,47.87576204,Middle,Low
69,10914.85754,5278.295789,20,0.478828428,2.091728833,business,employed,rent,rich,rich,0,0.483588152,263.9147894,Senior,Low
37,20597.18911,3924.668326,60,0.217590231,3.077336358,furniture,retired,own,moderate,little,0,0.19054388,65.41113876,Middle,Low
43,28557.62837,5424.79455,6,0.192157716,1.691370549,car,employed,own,little,little,1,0.189959561,904.1324251,Middle,Below_Avg
39,50852.36822,7014.0713,30,0.166046596,2.185790095,car,unemployed,rent,little,moderate,0,0.137930082,233.8023767,Middle,Below_Avg
25,16403.89032,6953.971346,20,0.414847407,0.146690023,car,unemployed,rent,rich,rich,0,0.423922083,347.6985673,Young,Low
53,9984.468484,2690.564052,6,0.29598565,19.96392554,vacation,employed,own,little,little,0,0.269474941,448.4273421,Senior,Low
49,33137.4223,2001.532184,6,0.01434862,4.901479271,medical,employed,rent,little,little,0,0.060400962,333.5886973,Middle,Below_Avg
49,11044.64139,36407.76783,12,3.262600519,3.472796791,furniture,retired,own,moderate,little,0,3.296419191,3033.980652,Middle,Low
29,17710.665,3336.950111,28,0.13081221,2.420231636,car,employed,rent,little,little,0,0.188414727,119.1767897,Adult,Low
56,19364.36417,8598.731324,37,0.6357752,3.875850291,car,employed,rent,rich,little,1,0.444049247,232.3981439,Senior,Low
23,21272.77305,1358.161127,18,0.210235122,2.391033906,vacation,employed,own,little,rich,0,0.063845044,75.45339597,Young,Low
47,31088.15721,3929.666433,23,0.181933387,2.230716248,car,self-employed,rent,moderate,little,0,0.126403968,170.8550623,Middle,Below_Avg
66,15649.32179,4439.248982,6,0.416201275,3.117606936,medical,self-employed,own,little,moderate,0,0.283670375,739.8748303,Senior,Low
28,19209.02258,7174.2396,24,0.453328937,1.614702264,business,unemployed,own,moderate,rich,0,0.373482803,298.92665,Adult,Low
33,21869.86243,556.7056739,16,0.043582497,0.992558971,vacation,unemployed,own,moderate,moderate,0,0.025455381,34.79410462,Adult,Low
41,23737.20622,5613.403452,6,0.085924084,4.06648142,education,unemployed,own,rich,little,0,0.236481219,935.567242,Middle,Low
33,23130.64377,1959.034122,53,0.058477927,9.250082757,business,employed,rent,moderate,moderate,0,0.084694319,36.96290796,Adult,Low
21,27391.9071,6370.776043,12,0.19907498,0.829258725,education,self-employed,rent,little,rich,0,0.232578769,530.8980036,Young,Low
40,33587.85273,2145.089687,28,-0.049442473,0.16641048,vacation,employed,rent,little,little,0,0.063865044,76.61034596,Middle,Below_Avg
27,26804.28543,2479.008209,13,-0.05613071,1.41720038,vacation,employed,own,quite_rich,little,0,0.092485517,190.6929391,Adult,Low
45,27633.7398,3948.527137,48,0.192159838,19.49075915,education,self-employed,rent,moderate,little,1,0.142887903,82.26098202,Middle,Low
28,9985.490982,2117.807055,6,0.244538857,8.823389744,education,employed,own,moderate,moderate,1,0.212088425,352.9678425,Adult,Low
58,22586.63976,3359.584023,14,0.032002393,4.530044526,medical,unemployed,rent,quite_rich,little,0,0.148742091,239.9702874,Senior,Low
30,27994.23217,1891.829038,6,-0.007008607,13.24293705,medical,employed,rent,little,moderate,0,0.067579244,315.3048397,Adult,Low
36,31712.63933,1133.951414,6,0.151879308,2.946451025,business,self-employed,own,moderate,moderate,0,0.035757081,188.9919023,Middle,Below_Avg
49,15581.2666,11096.28495,6,0.624385864,20.45592856,car,employed,free,little,little,1,0.712155515,1849.380825,Middle,Low
25,15842.95756,1742.64795,11,0.127075006,1.757030281,car,employed,rent,little,moderate,1,0.109995116,158.4225409,Young,Low
42,16530.28881,4260.131426,30,0.238738867,1.374196143,vacation,employed,rent,little,little,0,0.257716697,142.0043809,Middle,Low
55,28802.19706,8976.029059,11,0.362280248,5.081221142,car,employed,rent,rich,moderate,0,0.311643901,816.0026417,Senior,Below_Avg
20,36935.94693,3005.035673,14,-0.004252741,2.375313769,car,employed,rent,little,moderate,0,0.081358024,214.6454052,Young,Below_Avg
42,17966.60339,2539.867721,46,0.150374396,4.922386722,car,unemployed,free,little,moderate,0,0.141366048,55.21451567,Middle,Low
43,34682.1754,5889.877456,25,0.186696595,1.819184925,education,self-employed,rent,little,little,1,0.169824337,235.5950982,Middle,Below_Avg
49,23429.23556,12020.2386,6,0.536062502,4.81060353,education,employed,own,little,moderate,1,0.513044421,2003.3731,Middle,Low
25,20699.34035,1928.596447,6,0.101079265,1.613067396,car,employed,rent,rich,little,0,0.09317188,321.4327412,Young,Low
24,19817.24674,4358.493436,6,0.25439529,0.261585243,car,employed,own,moderate,little,0,0.219934358,726.4155726,Young,Low
46,31994.06457,1229.059257,6,0.25759226,12.15981999,business,employed,free,quite_rich,little,0,0.038415227,204.8432095,Middle,Below_Avg
43,25920.48621,3588.319252,7,0.394565424,10.73668373,medical,self-employed,free,rich,little,0,0.138435646,512.6170361,Middle,Low
43,68728.05151,5051.112261,23,0.009572573,17.66761595,car,employed,rent,rich,little,0,0.073494187,219.6135765,Middle,Average
44,14384.22902,2480.710491,6,-0.059363856,6.3031951,car,self-employed,rent,little,little,0,0.172460442,413.4517486,Middle,Low
31,28539.68492,3409.791869,8,0.179024986,5.739871631,education,employed,free,little,little,0,0.119475456,426.2239836,Adult,Below_Avg
42,16905.58797,1593.070532,9,0.112858616,4.093586826,vacation,employed,own,moderate,moderate,0,0.09423337,177.0078369,Middle,Low
43,14262.03665,5227.36648,16,0.472627328,0.673045102,business,self-employed,rent,moderate,little,0,0.366523142,326.710405,Middle,Low
31,21907.10805,11436.38707,40,0.550528607,1.048887081,business,employed,own,moderate,little,1,0.522040017,285.9096766,Adult,Low
62,23592.31352,2043.225374,60,0.092465948,1.708718352,vacation,self-employed,rent,little,little,1,0.086605554,34.05375624,Senior,Low
45,94758.49515,2986.515454,16,0.144407786,11.04348701,car,self-employed,own,little,moderate,1,0.031517126,186.6572159,Middle,Above_Avg
25,20088.98818,7346.92397,12,0.492597024,0.94956867,car,self-employed,rent,little,moderate,0,0.365718965,612.2436642,Young,Low
47,12517.84663,12960.6429,20,0.896717193,12.81152064,education,employed,own,little,rich,0,1.035373199,648.0321452,Middle,Low
28,25248.07916,1488.386833,19,-0.022710121,3.69894846,vacation,unemployed,own,moderate,moderate,0,0.058950498,78.33614912,Adult,Low
49,7806.250057,4293.992407,13,0.539511785,6.286334099,education,self-employed,own,little,little,0,0.550071081,330.3071082,Middle,Low
53,21036.65368,6164.144618,24,0.302863019,0.584042791,medical,employed,own,little,moderate,1,0.293019256,256.8393591,Senior,Low
30,22203.66493,4529.445875,12,0.181397096,1.566938573,business,employed,own,little,little,0,0.203995416,377.4538229,Adult,Low
51,32771.03063,677.6062361,60,0.064097707,15.91255171,business,employed,rent,little,little,1,0.020676989,11.29343727,Senior,Below_Avg
44,35839.68667,7338.369863,6,0.304365892,1.547252793,car,employed,rent,little,rich,0,0.204755413,1223.061644,Middle,Below_Avg
49,17123.63909,16571.98803,10,1.140055211,1.758591388,car,retired,own,little,little,1,0.967784239,1657.198803,Middle,Low
62,20428.63746,5395.547746,9,0.32200817,1.100723916,business,employed,rent,moderate,moderate,1,0.264116868,599.5053051,Senior,Low
37,15017.02122,2154.071729,26,0.058208644,3.580633891,car,unemployed,rent,moderate,rich,0,0.143442011,82.84891264,Middle,Low
30,12531.09861,3260.051275,6,0.245419238,1.32802221,car,employed,own,moderate,little,0,0.260156861,543.3418792,Adult,Low
29,25718.02507,20250.41273,10,0.779866323,5.140679079,medical,employed,own,moderate,little,0,0.787401547,2025.041273,Adult,Low
30,11651.69831,10177.8598,21,0.924972721,3.038222262,vacation,retired,rent,little,little,0,0.873508697,484.6599907,Adult,Low
39,17902.33714,8201.081335,16,0.496917959,4.034445123,car,employed,own,little,little,0,0.458101156,512.5675835,Middle,Low
44,13392.00304,6536.323084,14,0.693116248,0.652621471,business,employed,own,rich,little,1,0.488076583,466.8802203,Middle,Low
43,28993.92468,2896.013196,10,0.053732135,8.100382691,car,unemployed,free,moderate,rich,0,0.099883449,289.6013196,Middle,Below_Avg
49,54215.11644,4186.176454,25,0.115689246,7.66457698,car,unemployed,rent,little,rich,1,0.077214193,167.4470582,Middle,Average
40,11489.6971,4617.745193,18,0.637374267,0.109131915,education,self-employed,own,quite_rich,moderate,1,0.401903127,256.5413996,Middle,Low
57,8721.013686,7628.598716,37,0.816216926,2.418607204,business,unemployed,rent,moderate,moderate,1,0.874737615,206.1783437,Senior,Low
36,20693.12001,16434.45156,23,0.808713693,0.356248162,car,self-employed,rent,little,little,0,0.794198823,714.5413723,Middle,Low
72,22200.02953,12024.12719,6,0.44713858,7.853629418,furniture,employed,rent,little,moderate,0,0.54162663,2004.021198,Senior,Low
47,24571.184,1578.913949,17,0.072467455,6.68313592,car,self-employed,own,little,little,0,0.064258765,92.87729109,Middle,Low
29,17620.87825,5879.317573,6,0.255634615,11.6133316,medical,retired,own,quite_rich,little,0,0.33365633,979.8862621,Adult,Low
27,19924.00073,8860.962537,8,0.549418206,1.348581859,business,employed,rent,little,little,0,0.444738116,1107.620317,Adult,Low
45,26469.67998,8063.381304,9,0.319358965,3.046750415,furniture,employed,own,little,moderate,0,0.304627079,895.931256,Middle,Low
37,37057.10745,2970.87853,34,-0.01336945,1.019694958,car,employed,free,moderate,little,1,0.080170276,87.37878028,Middle,Below_Avg
48,8287.26779,50578.77863,6,6.187247822,2.319987984,education,self-employed,own,little,little,1,6.103191053,8429.796438,Middle,Low
45,18316.00012,1769.287762,18,0.114564537,3.693267853,education,employed,own,little,moderate,0,0.096597933,98.29376455,Middle,Low
39,24511.66479,2066.164446,6,0.179574987,0.274027749,vacation,self-employed,free,rich,moderate,0,0.08429311,344.3607409,Middle,Low
29,13919.02583,5924.645097,53,0.310884582,6.274057513,car,employed,own,little,little,1,0.425650844,111.7857566,Adult,Low
21,52343.59273,26727.3441,13,0.547495922,3.918570103,medical,self-employed,own,quite_rich,little,1,0.510613481,2055.949546,Young,Below_Avg
34,16031.24741,2517.556631,22,0.234374764,8.829260429,furniture,employed,rent,moderate,rich,0,0.157040595,114.4343923,Adult,Low
50,21576.3623,3973.240579,18,0.141810094,1.585763834,car,employed,own,rich,little,0,0.184147843,220.7355877,Middle,Low
42,29085.96541,11635.71979,6,0.274145579,11.68180078,furniture,self-employed,rent,moderate,moderate,0,0.400045851,1939.286632,Middle,Below_Avg
25,16388.86805,4845.037557,41,0.291469037,33.20490006,education,employed,own,moderate,little,0,0.295629786,118.1716477,Young,Low
42,8749.164386,3760.536515,17,0.552628178,12.58498676,medical,employed,own,little,moderate,1,0.429816649,221.2080303,Middle,Low
44,17777.2128,7727.234546,12,0.54726379,7.522968356,business,employed,own,moderate,moderate,0,0.434670757,643.9362121,Middle,Low
29,36854.03089,6112.030935,13,0.123001456,8.366384801,education,employed,rent,little,rich,0,0.165844299,470.1562258,Adult,Below_Avg
41,18611.82549,11207.64068,39,0.473869931,4.263578716,car,employed,own,little,little,0,0.602178475,287.3754021,Middle,Low
40,14425.93416,13810.37101,6,0.914211436,1.054555018,car,retired,own,little,little,0,0.957329408,2301.728501,Middle,Low
26,34990.648,6282.997459,8,0.132714427,5.65114462,education,self-employed,rent,little,rich,0,0.179562192,785.3746824,Adult,Below_Avg
44,18668.86705,6206.709605,33,0.377107789,6.237064067,business,unemployed,free,little,little,1,0.33246311,188.0821093,Middle,Low
46,17067.29935,5833.012011,6,0.331265227,21.12858239,business,employed,rent,rich,rich,0,0.341765378,972.1686684,Middle,Low
52,23735.5225,7268.494356,18,0.230902117,3.896808735,car,employed,own,little,moderate,0,0.306228538,403.805242,Senior,Low
52,32382.55416,5136.54786,9,0.269047144,1.582939343,car,employed,rent,little,little,0,0.158620837,570.72754,Senior,Below_Avg
23,72464.84059,4912.376983,6,0.081832386,5.754886392,furniture,self-employed,rent,quite_rich,rich,1,0.067789799,818.7294971,Young,Average
28,33310.17064,12801.29602,17,0.427847493,19.40645544,medical,employed,rent,moderate,little,0,0.384305928,753.0174132,Adult,Below_Avg
46,39336.96666,16529.35127,32,0.247700386,0.975295125,education,self-employed,rent,quite_rich,moderate,1,0.420198929,516.5422271,Middle,Below_Avg
46,17103.13229,1471.382397,11,-0.156396491,1.972610399,furniture,employed,free,quite_rich,moderate,0,0.086029996,133.7620361,Middle,Low
46,13188.04409,4954.328517,6,0.231913602,3.903131012,furniture,employed,rent,little,moderate,0,0.37566818,825.7214195,Middle,Low
80,22723.74461,2832.86672,6,0.076611146,0.932941039,car,employed,own,quite_rich,moderate,0,0.124665488,472.1444534,Senior,Low
46,23238.94834,3832.309208,60,0.222544493,0.112356186,furniture,self-employed,rent,little,moderate,1,0.164908891,63.87182013,Middle,Low
53,12845.43314,6781.902646,6,0.293737475,2.054774164,business,employed,rent,quite_rich,moderate,0,0.527962162,1130.317108,Senior,Low
51,20178.09189,8396.335984,6,0.575396701,10.02615479,medical,employed,rent,moderate,little,1,0.416111495,1399.389331,Senior,Low
47,26894.0083,4493.103053,60,0.184123668,0.222207264,education,unemployed,free,moderate,moderate,1,0.167067066,74.88505088,Middle,Low
36,26375.65481,1063.507548,38,0.176351059,2.801209186,car,self-employed,rent,rich,little,0,0.04032156,27.98704074,Middle,Low
49,28343.24266,2270.972733,22,-0.008473052,7.181642725,business,employed,rent,rich,little,0,0.080123956,103.2260333,Middle,Below_Avg
30,25475.7517,10068.82944,6,0.445617881,15.30750142,business,employed,own,moderate,little,0,0.395231888,1678.138239,Adult,Low
37,17094.21994,548.7587241,6,0.040621597,21.15955723,car,employed,rent,moderate,little,0,0.032102004,91.45978735,Middle,Low
34,17035.41492,12707.42467,6,0.827710232,2.740642185,vacation,employed,own,little,rich,1,0.745941601,2117.904112,Adult,Low
40,12094.72034,7457.563211,17,0.593217444,15.01723925,vacation,self-employed,free,rich,moderate,0,0.616596581,438.6801889,Middle,Low
67,53765.51307,14086.05902,9,0.309312121,0.180307206,furniture,employed,free,little,rich,0,0.2619906,1565.117669,Senior,Average
18,22175.09702,4192.886385,6,0.299300391,6.850470248,education,unemployed,rent,rich,little,0,0.189080859,698.8143975,Young,Low
48,19684.23759,944.7077881,6,-0.017124519,5.146541813,business,employed,own,moderate,moderate,0,0.04799311,157.451298,Middle,Low
20,13843.95507,6934.679475,35,0.525141931,1.435223762,business,employed,own,little,little,1,0.500917508,198.1336993,Young,Low
34,95590.52193,13625.82951,28,-0.046242494,3.539461799,car,retired,rent,moderate,little,0,0.14254373,486.6367683,Adult,Above_Avg
53,12878.77626,10298.74626,18,0.86991838,0.693746269,car,employed,own,rich,rich,1,0.799668078,572.15257,Senior,Low
40,17775.49384,2892.414251,6,0.358185461,10.2629135,car,unemployed,own,quite_rich,little,0,0.162719206,482.0690418,Middle,Low
27,27117.06241,5268.014737,38,0.069825769,3.580633891,business,self-employed,rent,little,little,1,0.194269374,138.6319668,Adult,Low
31,29735.78504,3209.052448,13,0.098780748,3.580633891,furniture,employed,own,quite_rich,little,0,0.107918874,246.8501883,Adult,Below_Avg
48,35559.62086,2551.883081,12,0.159811637,0.864488226,education,employed,own,quite_rich,moderate,0,0.071763506,212.6569234,Middle,Below_Avg
31,54382.85697,10554.5345,48,0.197220085,1.154397261,business,employed,rent,rich,little,1,0.194078338,219.8861354,Adult,Average
42,28369.75318,1885.548711,6,0.082973301,24.11437452,furniture,unemployed,free,rich,little,1,0.066463346,314.2581185,Middle,Below_Avg
40,12990.6429,2404.138378,14,0.145966984,6.993583893,business,employed,rent,moderate,little,0,0.185066928,171.7241699,Middle,Low
32,19370.90423,2032.007487,28,0.062084756,16.34714562,furniture,employed,free,little,little,0,0.104899981,72.57169596,Adult,Low
65,25691.51823,1491.894371,6,0.049400114,1.753827661,furniture,employed,rent,moderate,little,0,0.058069529,248.6490618,Senior,Low
47,61951.86681,5525.513336,7,0.093357567,0.89900095,furniture,self-employed,own,rich,rich,0,0.089190425,789.3590479,Middle,Average
18,10950.02765,12446.59585,60,1.018528423,3.496515079,medical,employed,free,quite_rich,rich,0,1.136672549,207.4432642,Young,Low
42,40186.57456,4239.067501,6,0.09888247,3.412700992,business,employed,own,moderate,rich,0,0.105484669,706.5112501,Middle,Below_Avg
32,24099.76057,1473.508778,13,0.217995444,0.961535315,car,retired,own,rich,rich,0,0.061142051,113.3468291,Adult,Low
50,33487.08991,9623.426178,24,0.245463822,6.606646584,medical,employed,own,rich,rich,0,0.287377201,400.9760907,Middle,Below_Avg
30,20931.33593,18931.10098,8,0.780712759,2.245341822,business,employed,rent,little,rich,1,0.904438257,2366.387623,Adult,Low
38,14454.82698,2930.728016,9,0.187609213,1.031218502,car,self-employed,free,little,rich,0,0.202750819,325.6364462,Middle,Low
46,32062.30723,3351.477548,6,0.033068861,2.017211236,car,self-employed,own,rich,rich,0,0.104530143,558.5795913,Middle,Below_Avg
50,30552.91916,7424.410036,6,0.109167476,4.146652714,furniture,employed,own,little,little,0,0.243001659,1237.401673,Middle,Below_Avg
25,35811.64801,17988.69885,38,0.516231033,6.481736909,education,employed,rent,little,little,1,0.502314187,473.3868119,Young,Below_Avg
35,21880.42504,3242.606249,30,0.077168472,3.287847071,education,employed,own,moderate,moderate,0,0.148196676,108.086875,Adult,Low
34,16319.05934,1692.632309,6,0.041249777,3.728469351,car,employed,rent,rich,moderate,0,0.103721193,282.1053848,Adult,Low
32,10103.19008,8144.799342,8,0.821503889,0.747989922,furniture,self-employed,own,moderate,moderate,0,0.806161151,1018.099918,Adult,Low
61,33179.47146,9313.818704,10,0.12739282,12.30737219,car,employed,own,little,moderate,0,0.280710279,931.3818704,Senior,Below_Avg
44,27226.46457,4938.935792,7,0.007245059,13.20599196,car,self-employed,own,little,moderate,0,0.181402025,705.5622561,Middle,Low
24,13590.26061,3144.761691,19,0.298485408,5.751000612,education,employed,own,little,little,0,0.231398189,165.5137732,Young,Low
51,16826.54812,10888.9412,6,0.45404528,0.088943469,furniture,self-employed,rent,moderate,little,0,0.64712864,1814.823534,Senior,Low
65,17441.72484,7498.278978,38,0.332236901,3.850942656,education,employed,free,rich,rich,0,0.429904671,197.323131,Senior,Low
52,10493.46314,2657.793607,6,0.073296929,4.960718059,medical,unemployed,own,moderate,moderate,0,0.253280883,442.9656011,Senior,Low
21,14634.81856,5111.641094,37,0.300665784,26.15724184,car,employed,rent,little,little,1,0.349279431,138.152462,Young,Low
34,12495.01222,1666.755122,10,0.176199512,27.69170697,car,self-employed,rent,moderate,rich,0,0.133393637,166.6755122,Adult,Low
55,17921.57358,8507.576217,26,0.485945247,9.745970914,car,employed,own,rich,little,1,0.474711452,327.2144699,Senior,Low
31,15224.34775,3984.683417,31,0.500918316,0.329796274,furniture,employed,rent,little,little,1,0.261730977,128.5381748,Adult,Low
45,9764.391623,3468.339867,6,0.463894426,15.31752846,business,self-employed,rent,little,little,0,0.355202864,578.0566446,Middle,Low
49,60554.26083,4787.197336,18,-0.01405946,4.742278192,education,employed,own,moderate,rich,1,0.079056325,265.9554076,Middle,Average
28,41203.16552,5075.834173,16,0.003484893,8.069408118,furniture,employed,own,little,moderate,0,0.123190393,317.2396358,Adult,Below_Avg
39,14920.48365,10056.19407,11,0.944654592,2.614430716,furniture,self-employed,free,moderate,little,1,0.673985798,914.1994611,Middle,Low
18,25240.64064,7886.221683,11,0.418698624,1.925882636,furniture,self-employed,rent,little,rich,0,0.312441423,716.929244,Young,Low
27,27139.14813,4336.715646,6,0.218732531,3.111059675,furniture,employed,own,little,rich,0,0.15979557,722.785941,Adult,Low
36,39956.3516,9053.751849,6,0.234076236,0.794243149,education,employed,own,little,moderate,1,0.226591055,1508.958642,Middle,Below_Avg
25,14628.06886,6772.257745,14,0.490315369,2.208567098,car,employed,own,little,rich,0,0.462963212,483.7326961,Young,Low
59,38027.06386,3493.712806,6,-0.05633295,9.746190896,business,unemployed,own,little,moderate,1,0.091874377,582.2854677,Senior,Below_Avg
22,16748.22142,4448.069556,48,0.281288509,0.1934468,education,employed,own,rich,moderate,1,0.265584592,92.66811575,Young,Low
34,11294.47332,4365.210488,18,0.393613981,0.817762298,car,self-employed,own,little,little,0,0.386490841,242.5116938,Adult,Low
41,31636.54693,7362.899401,10,0.142320093,0.668320777,education,employed,own,moderate,little,0,0.232733978,736.2899401,Middle,Below_Avg
57,41998.08127,3664.260822,6,0.033395646,2.579823554,medical,employed,rent,rich,little,1,0.087248291,610.710137,Senior,Below_Avg
22,80334.50323,3596.342554,17,0.196284737,29.02393063,car,employed,own,little,rich,0,0.044767098,211.549562,Young,Above_Avg
53,12090.04139,23742.11721,6,1.951257191,0.951917416,car,self-employed,own,little,little,1,1.963774684,3957.019535,Senior,Low
40,31240.16365,10423.18974,20,0.540764222,0.786092359,furniture,employed,own,moderate,little,1,0.333647091,521.1594869,Middle,Below_Avg
28,17945.58456,2674.50466,6,-0.025033809,12.32879941,education,employed,own,little,little,0,0.149034134,445.7507767,Adult,Low
45,32587.34674,7760.117813,19,0.185919833,10.68749428,car,employed,own,moderate,little,0,0.238132852,408.4272533,Middle,Below_Avg
42,10559.22563,5402.840174,9,0.356942258,0.163857693,medical,employed,rent,rich,little,0,0.511670113,600.3155749,Middle,Low
32,11714.88005,6722.671776,19,0.452915254,6.965707954,education,employed,own,little,rich,0,0.5738575,353.8248303,Adult,Low
40,14943.96156,5485.552296,6,0.284254269,5.327808166,vacation,employed,own,moderate,rich,0,0.36707484,914.2587159,Middle,Low
35,22913.51117,12729.96722,6,0.58709694,7.29950666,furniture,self-employed,rent,quite_rich,little,1,0.555565977,2121.661203,Adult,Low
41,15985.85211,6480.132753,6,0.432049357,3.411060484,vacation,employed,rent,little,moderate,0,0.40536674,1080.022126,Middle,Low
47,30623.62877,4676.611281,9,0.08478348,23.76789766,furniture,employed,own,little,rich,0,0.152712512,519.6234757,Middle,Below_Avg
59,36807.1467,11313.50543,6,0.084592564,0.224186782,car,retired,own,moderate,little,0,0.30737252,1885.584238,Senior,Below_Avg
25,29726.33911,5923.175777,6,0.347026106,1.335291633,medical,employed,free,quite_rich,moderate,0,0.199256819,987.1959628,Young,Below_Avg
65,49483.46339,5416.379398,7,0.080881901,2.525427209,car,unemployed,free,little,little,0,0.109458373,773.7684854,Senior,Below_Avg
18,27116.92403,6318.379727,22,0.121376014,2.987166698,medical,employed,own,little,rich,1,0.233005031,287.1990785,Young,Low
38,11986.68399,4560.15905,15,0.407928489,12.71484471,furniture,employed,own,little,little,0,0.380435411,304.0106033,Middle,Low
47,43551.01362,4951.181898,59,0.134131467,4.104952352,medical,employed,own,little,moderate,1,0.11368695,83.91833726,Middle,Below_Avg
43,16275.59267,3073.721523,10,0.156587014,0.230800855,education,employed,own,little,moderate,0,0.18885466,307.3721523,Middle,Low
32,34724.79451,2694.764847,7,0.09245658,2.620085951,business,employed,own,little,moderate,0,0.077603479,384.9664067,Adult,Below_Avg
37,48381.2252,2210.875104,21,-0.06980602,2.693471981,car,employed,rent,moderate,little,0,0.045696964,105.2797669,Middle,Below_Avg
34,27676.63973,1613.907233,9,0.13430426,16.83266668,furniture,self-employed,own,quite_rich,moderate,0,0.058312976,179.3230259,Adult,Low
32,10424.56786,2431.408774,17,0.133551618,4.571427357,business,employed,own,rich,moderate,0,0.233238328,143.0240456,Adult,Low
50,13917.38305,4275.200891,52,0.246627286,5.048216374,business,employed,rent,rich,little,0,0.307184251,82.21540176,Middle,Low
44,42675.15729,5337.400768,12,0.189950623,6.24577547,car,employed,free,little,moderate,0,0.125070442,444.7833974,Middle,Below_Avg
31,20240.45609,3955.89737,12,0.315840967,7.349234612,furniture,self-employed,own,little,rich,1,0.195445071,329.6581141,Adult,Low
50,22920.495,746.5310483,26,0.191147916,3.580633891,furniture,employed,rent,moderate,rich,0,0.032570459,28.71273263,Middle,Low
43,32190.03489,17320.899,25,0.643662465,1.353759999,car,employed,own,moderate,little,1,0.538082642,692.8359601,Middle,Below_Avg
49,31199.62739,11721.54755,13,0.343287895,10.35918919,furniture,self-employed,own,moderate,little,0,0.375695114,901.6575042,Middle,Below_Avg
47,25321.26679,7020.627503,6,0.123158789,6.586077074,vacation,retired,rent,little,little,0,0.277262096,1170.104584,Middle,Low
30,19844.17544,22606.49511,60,1.279706085,6.771469121,furniture,employed,own,moderate,moderate,1,1.139200526,376.7749184,Adult,Low
33,18838.64788,2248.702599,8,0.256436053,28.3566818,furniture,unemployed,rent,little,rich,0,0.119366454,281.0878248,Adult,Low
48,33824.79568,22250.0625,6,0.590605693,8.110755287,medical,employed,own,moderate,rich,0,0.657803308,3708.34375,Middle,Below_Avg
47,29050.31965,2270.666634,60,0.170282128,8.834887566,car,unemployed,own,little,rich,0,0.078163224,37.8444439,Middle,Below_Avg
39,19367.46741,5949.070931,37,0.273950463,15.12122623,education,self-employed,rent,rich,moderate,1,0.307168243,160.7857008,Middle,Low
41,37837.50769,1773.889975,7,0.197009475,0.819269688,business,unemployed,own,little,moderate,0,0.046881787,253.4128535,Middle,Below_Avg
55,20650.25491,4972.884219,6,0.189328199,3.44306116,business,self-employed,own,quite_rich,little,0,0.240814665,828.8140364,Senior,Low
32,14388.27493,6693.774527,22,0.663089387,4.34425768,business,employed,rent,rich,little,0,0.465224258,304.2624785,Adult,Low
46,15070.80414,4342.683418,7,0.366764125,1.996985746,business,employed,own,rich,rich,0,0.288152071,620.3833454,Middle,Low
37,13502.49257,8700.205763,6,0.824095203,9.144296495,car,employed,own,quite_rich,moderate,1,0.644340719,1450.034294,Middle,Low
37,19221.69738,5319.90944,60,0.230386124,7.186246388,education,employed,rent,little,little,0,0.276765851,88.66515733,Middle,Low
53,40817.33466,3235.918904,15,0.119781015,6.380622486,business,employed,own,moderate,little,0,0.079278055,215.7279269,Senior,Below_Avg
49,14727.21482,3122.999964,25,0.115128467,29.30119864,car,retired,rent,rich,little,0,0.212056387,124.9199986,Middle,Low
49,24203.14544,9402.501201,22,0.472881539,1.501347301,car,employed,free,little,moderate,0,0.388482614,427.3864182,Middle,Low
55,15861.58341,2913.196981,25,0.273567846,6.648762107,vacation,employed,own,moderate,rich,0,0.183663693,116.5278793,Senior,Low
40,19338.35057,10222.25389,42,0.768302484,4.008168161,business,employed,own,little,little,1,0.528600092,243.3869973,Middle,Low
48,10352.4594,13071.23684,12,1.310825385,1.877026204,furniture,self-employed,rent,moderate,little,1,1.262621405,1089.269737,Middle,Low
36,19726.75047,1293.398993,25,0.13797516,0.875261435,medical,employed,own,quite_rich,moderate,0,0.06556574,51.7359597,Middle,Low
43,19993.19631,12165.27803,28,0.561387856,11.31124026,business,employed,rent,moderate,little,1,0.608470894,434.4742153,Middle,Low
38,28858.04162,25548.60918,52,0.939458207,4.524967467,medical,unemployed,own,little,little,1,0.885320269,491.3194072,Middle,Below_Avg
41,24628.02883,6012.542656,22,0.20614502,8.712956529,medical,self-employed,own,quite_rich,little,0,0.244134141,273.2973935,Middle,Low
47,12098.10294,7936.815063,40,0.66762406,3.941081771,furniture,self-employed,own,little,little,1,0.656037984,198.4203766,Middle,Low
30,37876.99149,11266.67192,6,0.314905812,1.24215988,business,self-employed,rent,rich,moderate,0,0.297454245,1877.778654,Adult,Below_Avg
65,24468.73649,3942.6728,6,0.125900546,2.05904202,business,employed,own,quite_rich,rich,0,0.161131034,657.1121333,Senior,Low
27,24323.46396,5686.351898,6,0.240075023,2.402604451,vacation,self-employed,rent,rich,moderate,1,0.233780514,947.7253164,Adult,Low
25,21925.57019,1717.526368,6,0.040804882,18.04753486,business,employed,rent,moderate,moderate,0,0.078334399,286.2543946,Young,Low
53,17002.59531,5491.232579,6,0.284991263,0.028246026,car,employed,own,rich,little,0,0.322964376,915.2054299,Senior,Low
49,24560.65791,7320.90766,6,0.40574104,21.22561274,car,employed,own,moderate,moderate,0,0.298074575,1220.151277,Middle,Low
47,27939.42962,7427.394612,60,0.283380528,19.67687658,car,employed,own,moderate,moderate,0,0.265839164,123.7899102,Middle,Low
47,9196.25996,11525.75965,6,1.288016092,27.79943742,vacation,employed,rent,little,little,0,1.253309465,1920.959942,Middle,Low
39,16824.97353,2644.291005,11,0.011434169,3.23693352,vacation,employed,rent,little,moderate,0,0.157164646,240.3900914,Middle,Low
29,19390.26694,3209.641715,31,0.207874329,16.59471985,furniture,employed,own,rich,little,1,0.165528496,103.5368295,Adult,Low
40,25036.38142,22390.8098,6,0.947373257,2.517588475,education,employed,own,moderate,moderate,1,0.894330911,3731.801633,Middle,Low
31,40000.8308,4357.863969,6,0.069110474,3.580633891,vacation,self-employed,own,moderate,moderate,1,0.108944336,726.3106615,Adult,Below_Avg
51,14974.88274,5767.69056,6,0.593660612,1.27025132,furniture,employed,own,moderate,moderate,1,0.385157644,961.28176,Senior,Low
38,17171.71919,4658.23531,6,0.042350945,14.52911462,car,unemployed,rent,rich,rich,0,0.271273671,776.3725517,Middle,Low
30,17047.05848,2546.958902,58,0.227844244,0.069301526,furniture,employed,own,rich,rich,0,0.14940753,43.91308452,Adult,Low
36,14753.5086,18012.53834,35,1.292179103,3.948225817,medical,self-employed,own,little,rich,1,1.220898623,514.6439525,Middle,Low
44,18516.30089,3222.261981,38,0.22818128,0.393060597,business,self-employed,rent,little,rich,1,0.174022987,84.79636792,Middle,Low
33,32383.39628,1994.545694,36,0.079212886,1.687139515,furniture,retired,own,little,little,0,0.061591616,55.40404705,Adult,Below_Avg
30,13004.90993,3426.887789,6,0.318575162,0.46108552,car,employed,own,moderate,little,0,0.26350723,571.1479649,Adult,Low
42,27279.94778,990.9213814,27,0.123141715,9.8137576,education,employed,own,little,little,0,0.036324167,36.7007919,Middle,Low
42,9405.49042,2918.923106,23,0.237753709,4.471065111,vacation,employed,rent,rich,little,0,0.310342468,126.9097003,Middle,Low
33,16636.11148,2265.378476,46,0.166091917,11.61937388,business,employed,own,little,little,0,0.136172355,49.24735818,Adult,Low
34,18680.87122,8054.151121,6,0.412812614,5.829423911,furniture,employed,own,little,rich,0,0.431144299,1342.35852,Adult,Low
42,50890.41307,2867.708645,9,-0.053026175,17.7073224,car,self-employed,own,rich,moderate,0,0.056350666,318.6342939,Middle,Below_Avg
22,19198.7192,9999.027812,6,0.592534439,3.565501174,medical,employed,own,little,moderate,0,0.520817441,1666.504635,Young,Low
23,7327.416399,15044.79246,6,1.996783216,5.090379646,car,employed,own,moderate,little,1,2.053219258,2507.46541,Young,Low
31,8107.586819,9181.448584,19,0.982665599,4.29375219,car,employed,own,quite_rich,moderate,1,1.132451467,483.234136,Adult,Low
37,22404.44808,4136.847771,6,0.130732972,3.310766746,vacation,employed,own,moderate,rich,0,0.184644038,689.4746286,Middle,Low
43,29938.04708,5502.135658,11,0.103894164,9.352694252,medical,unemployed,own,rich,little,1,0.183784054,500.1941508,Middle,Below_Avg
57,26575.04586,1451.005507,18,0.157448202,5.171503687,business,unemployed,own,rich,rich,1,0.054600301,80.61141703,Senior,Low
50,23951.47177,4415.942213,6,0.199689705,8.080104284,education,employed,rent,little,little,1,0.184370391,735.9903688,Middle,Low
38,39384.58593,2469.199346,6,0.200932836,7.71740675,furniture,employed,rent,moderate,rich,0,0.062694562,411.5332243,Middle,Below_Avg
39,16817.98939,8565.185813,60,0.442631523,1.060060931,car,unemployed,own,little,little,0,0.509287146,142.7530969,Middle,Low
27,34456.58063,38491.85392,28,1.204528819,5.251447347,car,employed,own,little,moderate,1,1.117111832,1374.709069,Adult,Below_Avg
39,9739.962607,7330.927406,20,1.036627132,1.11351836,education,self-employed,own,little,rich,1,0.752664841,366.5463703,Middle,Low
36,14009.99221,999.3328245,34,0.106933252,4.377189428,car,unemployed,own,moderate,moderate,0,0.071330006,29.3921419,Middle,Low
43,8923.819264,3681.28018,6,0.498687829,5.657248172,vacation,employed,own,rich,moderate,0,0.412522942,613.5466967,Middle,Low
30,19198.30647,5420.767775,6,0.351708326,29.45370267,car,employed,own,rich,moderate,0,0.28235656,903.4612958,Adult,Low
46,21522.82742,5270.528601,6,0.102673332,0.15509052,education,employed,own,moderate,little,0,0.244880865,878.4214334,Middle,Low
58,23319.62935,2739.003644,12,0.176036583,0.478384403,education,unemployed,rent,little,little,1,0.117454853,228.2503036,Senior,Low
38,22718.6551,5980.344142,15,0.293880587,0.400774842,education,employed,own,moderate,little,0,0.263234955,398.6896095,Middle,Low
44,13852.53233,1818.922061,6,0.105331366,2.540490786,furniture,employed,free,rich,little,0,0.131306105,303.1536768,Middle,Low
48,20027.85989,2307.853203,6,0.026828505,8.618309113,vacation,self-employed,rent,little,rich,0,0.115232142,384.6422004,Middle,Low
35,10417.85735,8239.031778,31,0.860254975,9.291302223,furniture,self-employed,rent,little,rich,1,0.790856651,265.7752186,Adult,Low
42,43547.80101,2180.848751,11,-0.047160951,6.677618335,business,employed,rent,moderate,little,0,0.050079423,198.2589774,Middle,Below_Avg
40,18924.01375,7559.567695,60,0.612834134,11.35922435,education,employed,own,moderate,rich,1,0.399469573,125.9927949,Middle,Low
41,17249.81919,1643.246242,6,0.106678559,1.949385752,car,employed,own,rich,little,1,0.09526165,273.8743737,Middle,Low
30,48750.47228,20168.16615,18,0.29137126,0.461424347,education,employed,own,moderate,little,0,0.413701964,1120.453675,Adult,Below_Avg
40,11835.71262,2645.417196,29,0.172111814,0.299562338,education,employed,own,little,moderate,1,0.223511442,91.22128264,Middle,Low
45,12546.61821,4109.541494,37,0.299728333,9.557200809,vacation,self-employed,own,little,little,0,0.327541767,111.068689,Middle,Low
57,12732.20434,6402.799585,6,0.744119917,6.55475266,vacation,employed,rent,quite_rich,little,1,0.502882252,1067.133264,Senior,Low
51,21291.52338,3126.658177,6,0.05839101,5.996838886,car,employed,own,little,moderate,0,0.146849905,521.1096961,Senior,Low
65,27332.06447,5512.231267,6,0.190054633,2.07512584,car,employed,own,little,rich,0,0.20167636,918.7052112,Senior,Low
30,31883.30298,7787.579562,19,0.19046976,2.389414455,car,employed,rent,rich,moderate,0,0.244252597,409.8726085,Adult,Below_Avg
50,79697.83171,10598.74192,13,0.182912427,15.86396195,medical,self-employed,own,moderate,little,0,0.132986578,815.2878398,Middle,Above_Avg
42,7152.976,9257.579948,16,1.242039397,0.329656088,car,self-employed,own,moderate,little,0,1.294227738,578.5987468,Middle,Low
66,29862.76885,4283.611019,6,0.02953753,7.430169895,business,self-employed,own,moderate,moderate,0,0.143443196,713.9351699,Senior,Below_Avg
30,16671.1459,4370.770467,8,0.242646309,1.852662038,education,self-employed,rent,quite_rich,moderate,0,0.262175767,546.3463084,Adult,Low
29,16428.82061,32185.99974,6,1.929178711,0.199188533,education,self-employed,rent,little,rich,1,1.959118096,5364.333291,Adult,Low
32,16157.08506,10508.20074,35,0.591152824,6.785039353,car,employed,rent,moderate,rich,0,0.650377262,300.234307,Adult,Low
18,13983.24582,2350.870761,26,0.114239499,2.009197585,car,employed,own,moderate,rich,1,0.168120534,90.41810618,Young,Low
33,51136.94031,5324.055112,10,0.222583261,6.403324745,furniture,self-employed,free,little,moderate,0,0.104113681,532.4055112,Adult,Below_Avg
30,33561.96342,3758.914466,17,0.080025221,6.149092786,car,employed,own,moderate,little,0,0.111999242,221.1126157,Adult,Below_Avg
41,22283.41568,4410.452685,6,0.084512576,3.82629823,car,employed,rent,rich,moderate,0,0.197925343,735.0754475,Middle,Low
44,43282.68183,1837.94591,18,-0.003747825,7.51129067,car,employed,free,moderate,moderate,0,0.042463771,102.1081061,Middle,Below_Avg
62,10339.59023,3534.974669,6,0.347320874,4.349879145,education,employed,rent,rich,little,0,0.341887308,589.1624448,Senior,Low
51,11323.63524,20936.40144,22,1.715284715,1.688823327,furniture,employed,rent,moderate,moderate,0,1.848911679,951.6546108,Senior,Low
33,7413.190066,7810.787271,15,1.216231549,6.623462634,car,self-employed,own,rich,little,0,1.053633753,520.7191514,Adult,Low
29,15526.33246,669.8614323,6,0.129901519,4.447511535,furniture,employed,own,rich,rich,0,0.043143571,111.643572,Adult,Low
45,23881.25841,13008.767,8,0.687744306,0.064044837,car,unemployed,rent,moderate,little,0,0.544727032,1626.095875,Middle,Low
24,23188.90682,11751.11746,6,0.545968804,11.59581768,furniture,employed,own,rich,rich,0,0.506755991,1958.519577,Young,Low
61,23734.1675,3687.012382,7,-0.05402356,3.580633891,car,employed,free,moderate,little,0,0.155346185,526.7160546,Senior,Low
54,10877.71614,8723.805524,60,0.955522081,10.14858347,business,employed,rent,moderate,moderate,0,0.801988709,145.3967587,Senior,Low
34,32911.49841,2471.253106,11,-0.011269003,10.71667315,car,employed,own,moderate,little,1,0.075087833,224.6593733,Adult,Below_Avg
19,24830.14602,3373.801493,11,0.057656543,2.943635445,medical,unemployed,rent,little,moderate,0,0.135875218,306.7092266,Young,Low
56,31777.92485,16298.64229,17,0.528524479,3.542928685,car,employed,own,rich,little,1,0.512891964,958.7436644,Senior,Below_Avg
38,8549.421606,3954.525776,11,0.60037191,2.687169078,medical,employed,own,little,little,1,0.462548925,359.5023433,Middle,Low
54,25738.55727,1101.264859,7,0.148115294,2.984067399,vacation,employed,own,moderate,little,0,0.042786581,157.3235514,Senior,Low
20,12162.5566,4672.069601,6,0.474763599,11.27598713,business,employed,own,little,moderate,0,0.384135487,778.6782668,Young,Low
32,18057.89698,4615.286779,17,0.224400034,7.759242732,medical,employed,free,moderate,rich,0,0.25558274,271.4874576,Adult,Low
40,28772.7043,12819.14269,24,0.412770629,0.676382723,car,employed,own,quite_rich,moderate,1,0.445531381,534.1309455,Middle,Below_Avg
40,23052.89883,4971.461488,46,0.250248872,4.711990174,car,employed,rent,rich,little,1,0.215654505,108.0752497,Middle,Low
34,14389.15404,3507.764261,6,0.230771268,27.49194612,car,self-employed,own,moderate,little,0,0.243778352,584.6273768,Adult,Low
47,22095.66199,11339.47088,6,0.602130756,4.526144467,car,self-employed,rent,moderate,rich,1,0.513198966,1889.911813,Middle,Low
27,10241.7967,5413.397541,41,0.611571129,7.705897817,furniture,employed,rent,moderate,moderate,0,0.528559363,132.0340864,Adult,Low
38,39149.13857,2697.233386,17,0.128030498,7.328018612,education,employed,own,little,little,0,0.068896366,158.6607874,Middle,Below_Avg
41,19877.7837,12381.98718,57,0.370309693,2.156357684,car,self-employed,free,little,little,0,0.622905821,217.2278452,Middle,Low
46,38533.18019,5738.363887,10,0.161718906,2.324875887,furniture,self-employed,rent,moderate,moderate,0,0.14892007,573.8363887,Middle,Below_Avg
48,16928.16626,4926.286675,9,0.280125853,6.438156711,car,employed,rent,quite_rich,little,1,0.291011241,547.3651861,Middle,Low
26,16953.20204,5666.498815,7,0.351046133,3.465571222,education,employed,free,moderate,moderate,0,0.334243573,809.4998308,Adult,Low
21,15031.55003,2086.96326,6,0.063406395,4.226490912,medical,employed,rent,moderate,moderate,1,0.138838859,347.8272101,Young,Low
55,34135.28796,3222.384779,8,-0.038078193,6.239724303,education,employed,rent,quite_rich,little,0,0.094400398,402.7980974,Senior,Below_Avg
43,15448.7662,4928.875173,6,0.365360373,7.515827172,furniture,employed,own,moderate,moderate,0,0.319046525,821.4791956,Middle,Low
31,30403.03495,4206.007099,12,0.102711554,1.583952048,furniture,employed,own,little,rich,0,0.138341685,350.5005915,Adult,Below_Avg
58,18192.66557,13601.59992,33,0.805111247,0.793769891,business,self-employed,free,little,little,1,0.747641948,412.1696947,Senior,Low
41,8201.057186,5848.407507,6,0.64603705,1.725105902,car,employed,own,little,little,1,0.713128488,974.7345845,Middle,Low
54,16561.61531,9739.286488,6,0.729654867,3.541693194,medical,employed,own,rich,moderate,1,0.588063803,1623.214415,Senior,Low
40,12215.31648,4951.848814,60,0.505486797,2.093825693,furniture,self-employed,own,little,little,1,0.405380313,82.53081357,Middle,Low
64,22403.02698,11441.82508,6,0.540409457,4.200848815,furniture,self-employed,own,rich,rich,1,0.510726746,1906.970846,Senior,Low
61,12146.49746,6754.891616,13,0.534789631,0.274740479,medical,employed,own,rich,rich,0,0.556118473,519.6070474,Senior,Low
37,34995.94758,4967.819986,29,0.227195038,3.564203268,medical,employed,rent,little,rich,1,0.14195415,171.3041375,Middle,Below_Avg
51,21045.92155,4862.818703,6,0.270312314,2.294210018,education,employed,free,little,little,0,0.231057533,810.4697838,Senior,Low
47,20154.88566,2290.325209,33,0.137494648,3.82500737,car,employed,own,moderate,moderate,0,0.113636229,69.4037942,Middle,Low
56,30575.24791,7372.650662,14,0.345417886,2.745522978,business,employed,rent,little,rich,0,0.241131345,526.6179044,Senior,Below_Avg
28,35666.01191,4759.206408,7,0.276091759,1.671952978,furniture,employed,own,moderate,little,0,0.133438143,679.8866298,Adult,Below_Avg
48,21806.22207,3289.222297,36,0.025597586,11.72265867,furniture,employed,own,moderate,little,0,0.150838705,91.36728602,Middle,Low
52,14978.93036,11910.42584,17,0.690106873,1.021394248,car,self-employed,rent,moderate,little,1,0.795145284,700.6132848,Senior,Low
18,9072.60935,1807.729974,17,0.121225312,5.718554192,education,employed,rent,quite_rich,rich,0,0.199251385,106.3370573,Young,Low
25,15630.43293,3505.201488,12,0.07401246,12.92770592,business,employed,own,little,moderate,0,0.22425492,292.100124,Young,Low
18,16177.77841,11183.27904,6,0.684999237,3.868207848,car,employed,own,little,moderate,0,0.691274089,1863.87984,Young,Low
36,23237.64162,6325.968047,6,0.332240994,10.45386707,medical,self-employed,own,rich,moderate,0,0.272229349,1054.328008,Middle,Low
48,18535.19358,4730.153143,6,0.253056646,0.66680834,car,unemployed,free,little,moderate,0,0.255198475,788.3588571,Middle,Low
58,31069.0208,6007.733497,6,0.139955163,3.404006234,car,self-employed,own,little,little,1,0.193367327,1001.288916,Senior,Below_Avg
40,16212.02232,5673.328927,6,0.462591564,3.053462586,education,retired,own,quite_rich,moderate,0,0.349945788,945.5548212,Middle,Low
59,21407.132,1460.698409,6,0.082289835,0.04075972,vacation,employed,rent,little,moderate,0,0.068234195,243.4497349,Senior,Low
23,39814.78965,3716.696413,6,0.12764794,2.928260795,medical,employed,rent,little,moderate,0,0.093349643,619.4494022,Young,Below_Avg
19,26131.91405,17911.84175,6,0.800862814,2.302482875,business,employed,free,moderate,moderate,0,0.685439334,2985.306959,Young,Low
39,21375.08412,2900.216569,20,0.123357919,5.540264473,car,employed,free,little,moderate,1,0.135682113,145.0108285,Middle,Low
44,16301.75059,3809.903687,6,0.43973273,13.9297705,medical,employed,own,moderate,rich,0,0.233711322,634.9839478,Middle,Low
39,16048.71883,3186.579583,13,0.153775133,0.448480825,medical,employed,rent,moderate,little,0,0.198556633,245.1215064,Middle,Low
18,14395.82299,4584.277629,12,0.518239805,1.983590277,car,employed,own,moderate,moderate,0,0.318444984,382.0231357,Young,Low
38,16806.08945,3082.516953,32,0.085943151,2.935517128,education,employed,free,little,moderate,1,0.183416669,96.3286548,Middle,Low
24,32139.23765,7254.615759,16,0.277473065,3.036548427,education,retired,own,quite_rich,rich,0,0.225724575,453.413485,Young,Below_Avg
48,19713.43899,5755.151984,44,0.227687321,7.454047745,furniture,employed,rent,little,moderate,0,0.291940538,130.7989087,Middle,Low
44,11216.18906,9125.592356,17,0.925565611,2.929503215,medical,employed,own,moderate,little,0,0.813608999,536.7995504,Middle,Low
28,53320.95296,2120.160489,6,-0.008061022,0.13768494,car,employed,own,quite_rich,little,1,0.039762239,353.3600815,Adult,Average
33,25847.84719,3743.317816,8,0.17390838,6.191166837,education,self-employed,own,moderate,little,0,0.144821261,467.914727,Adult,Low
27,10900.11152,4102.787479,21,0.31134447,10.80671667,car,self-employed,rent,little,little,0,0.37639867,195.3708324,Adult,Low
39,17660.31898,7076.378384,11,0.494416208,3.606753048,education,employed,own,little,moderate,0,0.40069369,643.3071258,Middle,Low
51,23282.17188,2605.612476,9,0.046339368,4.350716971,business,employed,own,quite_rich,rich,0,0.111914494,289.5124974,Senior,Low
28,51652.61212,10224.30536,20,0.366285111,0.889276361,car,self-employed,own,rich,moderate,0,0.197943627,511.2152681,Adult,Below_Avg
46,12656.72244,12697.14536,6,0.90359408,1.246449183,furniture,employed,own,quite_rich,little,0,1.003193791,2116.190893,Middle,Low
33,35883.05149,2228.094738,43,-0.072469557,1.340510024,medical,retired,rent,moderate,little,1,0.062093235,51.81615671,Adult,Below_Avg
30,44344.46661,3318.611276,9,0.169992308,2.817107382,business,employed,own,little,moderate,0,0.0748371,368.7345862,Adult,Below_Avg
38,16085.48912,3211.376028,17,0.140479924,13.16554077,education,employed,own,little,moderate,1,0.199644288,188.9044722,Middle,Low
27,19172.70996,40372.69478,60,2.105013792,3.688471845,car,unemployed,rent,quite_rich,rich,1,2.105737523,672.8782464,Adult,Low
33,13119.37437,3484.500261,27,0.23337546,1.066570379,furniture,employed,rent,moderate,rich,0,0.265599575,129.0555652,Adult,Low
25,19895.90935,18809.18049,13,0.814118455,1.546828943,business,employed,rent,little,rich,0,0.945379282,1446.860038,Young,Low
63,21627.15571,1784.144672,35,0.07479621,2.422663573,vacation,employed,free,moderate,little,0,0.082495576,50.97556205,Senior,Low
40,30632.75067,2226.707302,14,0.199182003,4.880986329,car,self-employed,own,little,moderate,0,0.072690413,159.0505216,Middle,Below_Avg
31,37990.51246,2837.607012,10,0.175006218,2.899388494,business,employed,rent,little,little,0,0.074692517,283.7607012,Adult,Below_Avg
42,15152.97207,2498.506796,37,0.18806487,2.491561582,car,employed,rent,moderate,little,0,0.164885594,67.5272107,Middle,Low
38,8236.555123,3966.665168,6,0.592819572,4.158927677,car,employed,rent,little,little,1,0.481592742,661.1108614,Middle,Low
37,21793.73038,2787.714707,9,0.021961751,1.384271161,education,self-employed,rent,little,little,0,0.127913609,309.7460786,Middle,Low
47,25508.54479,2551.72971,7,0.067488878,0.41095112,car,employed,own,moderate,little,0,0.100034311,364.5328157,Middle,Low
49,24951.98966,12416.45139,22,0.537194174,0.123586428,car,employed,own,moderate,rich,1,0.49761368,564.384154,Middle,Low
33,18707.19291,13082.55442,6,0.686291361,1.44681184,business,employed,rent,little,little,1,0.699332844,2180.425737,Adult,Low
33,23444.1447,10503.22045,19,0.423328059,0.480308498,furniture,self-employed,own,little,rich,1,0.448010392,552.8010763,Adult,Low
36,46991.51837,7474.101306,7,0.038987761,2.049931355,business,self-employed,rent,quite_rich,rich,0,0.159052135,1067.728758,Middle,Below_Avg
18,26658.60014,5293.285728,6,-0.009575861,7.412562653,business,employed,rent,little,rich,0,0.198558278,882.214288,Young,Low
21,18275.48435,3302.303213,60,0.26248244,6.299089766,business,self-employed,own,little,little,0,0.180695797,55.03838689,Young,Low
56,17152.53219,2292.67376,6,0.157986023,4.719949465,furniture,employed,own,little,moderate,1,0.133663866,382.1122933,Senior,Low
59,20233.07299,6570.837408,7,0.414957101,9.569643783,car,employed,own,little,little,0,0.324757263,938.6910583,Senior,Low
37,49929.63438,1921.950214,6,-0.005230418,1.656899495,education,self-employed,own,moderate,moderate,0,0.038493176,320.3250357,Middle,Below_Avg
46,20097.47864,2219.113912,19,0.03913974,10.81645339,car,employed,own,rich,rich,0,0.110417528,116.7954691,Middle,Low
43,21809.54131,12361.35812,27,0.567441504,2.547791883,vacation,self-employed,own,moderate,rich,0,0.566786708,457.8280784,Middle,Low
76,17306.60007,22483.10087,35,1.384525553,2.561577985,education,unemployed,own,rich,rich,1,1.299105589,642.3743105,Senior,Low
53,38158.03684,6732.057594,6,0.153280458,2.598924977,car,employed,own,quite_rich,moderate,0,0.17642568,1122.009599,Senior,Below_Avg
38,58683.77883,11910.38183,13,0.283137191,0.516226916,education,employed,own,little,moderate,0,0.202958672,916.183218,Middle,Average
28,27592.70002,4037.259285,19,0.045685409,18.54347207,medical,unemployed,free,moderate,rich,0,0.14631621,212.4873308,Adult,Low
20,22957.1899,1685.572674,17,0.057277717,0.745440453,car,employed,free,moderate,rich,0,0.07342243,99.15133379,Young,Low
42,22435.31181,8020.349632,22,0.350476358,2.08429176,car,employed,own,little,little,0,0.357487772,364.5613469,Middle,Low
30,6686.50507,7749.870857,26,1.281670622,1.923170346,vacation,employed,own,rich,moderate,0,1.159031628,298.071956,Adult,Low
22,31970.70943,5204.791086,6,0.183561476,0.388075212,car,employed,own,rich,rich,0,0.162798736,867.465181,Young,Below_Avg
32,23554.76014,4048.491548,6,0.34648348,3.580633891,car,self-employed,own,moderate,little,0,0.171875728,674.7485914,Adult,Low
27,27287.14593,10612.29446,23,0.254143372,0.229478052,furniture,employed,rent,little,rich,0,0.388911852,461.404107,Adult,Low
60,15433.08565,2233.697523,11,0.157726234,1.729413336,furniture,self-employed,own,little,little,0,0.144734344,203.0634111,Senior,Low
50,18174.44127,2646.453013,10,0.1635538,10.07414977,education,self-employed,own,little,little,0,0.145613996,264.6453013,Middle,Low
39,17934.60798,2194.072741,10,0.184346688,2.07335329,education,employed,rent,little,little,0,0.122337368,219.4072741,Middle,Low
57,36710.25754,5260.484281,8,0.061961402,0.6601873,medical,employed,rent,rich,moderate,0,0.143297395,657.5605351,Senior,Below_Avg
40,18226.28536,2058.402736,16,0.281380578,5.187969805,business,self-employed,free,little,little,1,0.112935944,128.650171,Middle,Low
29,62400.59946,2842.974822,7,0.04685645,28.42124067,medical,self-employed,own,moderate,little,0,0.045560056,406.1392603,Adult,Average
58,27321.55444,2794.463872,18,-0.006426192,1.321936178,furniture,employed,rent,little,rich,0,0.102280559,155.2479929,Senior,Low
46,11639.48725,3989.867631,6,0.341184734,1.639542093,car,employed,rent,rich,little,0,0.342787233,664.9779385,Middle,Low
27,20655.29234,1495.327377,25,0.041078242,17.85051643,medical,employed,rent,rich,little,0,0.072394394,59.81309507,Adult,Low
37,15901.40007,5269.885917,27,0.609733698,0.984798594,car,employed,rent,little,moderate,1,0.331410184,195.1809599,Middle,Low
29,7352.596279,13330.9399,15,1.918087231,3.579153256,business,employed,free,moderate,little,0,1.813092871,888.7293264,Adult,Low
23,49007.83538,5477.439892,8,0.116732751,1.369896154,car,self-employed,rent,little,rich,0,0.111766615,684.6799865,Young,Below_Avg
51,31306.19471,16866.03164,6,0.527552557,13.4671799,business,employed,own,little,little,0,0.538744226,2811.005273,Senior,Below_Avg
62,28756.05575,14288.33214,6,0.591986491,3.580633891,medical,retired,own,moderate,moderate,0,0.496880805,2381.388689,Senior,Below_Avg
23,23925.54104,9156.213857,6,0.482582425,8.42883761,furniture,self-employed,rent,quite_rich,moderate,1,0.382696209,1526.035643,Young,Low
46,11036.80875,5217.369748,6,0.181569494,1.890104466,car,employed,rent,moderate,rich,0,0.472724486,869.5616246,Middle,Low
32,17295.32357,5004.037225,23,0.353628232,2.583275203,car,employed,rent,moderate,little,0,0.289328916,217.5668359,Adult,Low
34,33553.29628,9054.705243,56,0.272657033,1.387376256,furniture,self-employed,own,rich,little,0,0.269860379,161.691165,Adult,Below_Avg
32,13021.92801,3592.715177,6,0.144782949,11.07094686,car,self-employed,own,moderate,rich,0,0.275897331,598.7858629,Adult,Low
29,6211.23695,1090.054963,6,0.263518657,12.29960373,business,retired,own,moderate,moderate,0,0.175497243,181.6758272,Adult,Low
40,19662.07625,7285.222375,35,0.595140321,2.713909673,furniture,employed,free,little,moderate,0,0.37052152,208.1492107,Middle,Low
30,20519.30077,1988.518357,20,0.15258925,5.343322227,furniture,employed,own,little,little,1,0.096909655,99.42591784,Adult,Low
43,23571.21889,2276.255432,9,0.206612116,0.904931322,furniture,unemployed,rent,rich,moderate,0,0.096569271,252.9172702,Middle,Low
39,31705.93993,4915.649441,60,0.335450664,2.854080518,education,employed,rent,rich,little,0,0.155038755,81.92749069,Middle,Below_Avg
37,30296.96756,4554.632373,15,0.06730673,4.991560716,car,self-employed,own,moderate,little,1,0.150332945,303.6421582,Middle,Below_Avg
29,25068.93985,1588.1729,19,-0.122404928,2.433943517,business,employed,rent,moderate,moderate,0,0.063352216,83.58804737,Adult,Low
33,40045.26403,5610.48951,19,0.205790303,2.21271689,vacation,self-employed,rent,little,rich,0,0.140103696,295.2889216,Adult,Below_Avg
49,10306.34609,10645.7042,6,1.008165949,0.004997458,car,employed,own,moderate,little,0,1.032927103,1774.284034,Middle,Low
46,28347.40887,1992.861339,12,-0.067115987,8.15569503,car,self-employed,own,little,little,0,0.070301358,166.0717783,Middle,Below_Avg
28,30129.77552,13602.19784,6,0.44363668,11.00635631,business,employed,rent,rich,little,0,0.451453674,2267.032974,Adult,Below_Avg
41,11851.60828,1410.731072,12,0.191787618,17.44416779,car,retired,own,moderate,moderate,0,0.119032881,117.5609227,Middle,Low
49,10389.64271,26738.48829,6,2.558674326,6.351834297,car,employed,rent,moderate,moderate,0,2.573571492,4456.414715,Middle,Low
19,15169.30014,3536.849562,8,0.154475625,3.979137704,education,employed,rent,little,little,0,0.233158388,442.1061952,Young,Low
46,15823.14909,5521.990088,8,0.326631033,1.568655575,car,employed,own,moderate,rich,0,0.348981739,690.248761,Middle,Low
32,32103.15952,1081.790851,6,0.031749686,36.3184094,car,unemployed,own,little,little,0,0.033697333,180.2984751,Adult,Below_Avg
46,16199.41822,4676.434066,6,0.09573091,4.454977535,medical,employed,own,little,little,0,0.288679137,779.4056777,Middle,Low
30,14354.60019,5900.46088,26,0.396772677,5.715236391,car,employed,own,moderate,little,1,0.411050172,226.9408031,Adult,Low
18,16222.96535,4587.407445,9,0.14833839,5.734909757,medical,employed,rent,moderate,little,0,0.282772437,509.7119384,Young,Low
20,38534.76759,3132.338529,30,0.147188632,9.329779859,car,employed,rent,little,little,0,0.081286037,104.4112843,Young,Below_Avg
40,22170.58495,2304.798159,32,-0.052146777,0.048598109,vacation,employed,own,rich,little,1,0.103957481,72.02494248,Middle,Low
43,20138.21409,12141.94536,6,0.704199813,1.243889999,education,employed,rent,moderate,moderate,1,0.602930593,2023.65756,Middle,Low
29,20847.66542,5037.401778,9,0.200712552,5.476100247,car,self-employed,own,moderate,little,0,0.241629059,559.7113087,Adult,Low
47,42025.42903,16858.35909,22,0.346849056,11.27591931,business,employed,free,moderate,little,0,0.401146627,766.2890496,Middle,Below_Avg
20,15144.82452,3225.406011,12,0.2424163,5.781293585,vacation,self-employed,own,moderate,little,0,0.212970841,268.7838342,Young,Low
39,42521.0338,3470.882784,34,-0.004976013,2.667838814,car,self-employed,own,moderate,little,0,0.081627432,102.0847878,Middle,Below_Avg
25,24471.101,9437.773711,15,0.413544747,2.243602616,business,unemployed,rent,rich,little,1,0.385670171,629.1849141,Young,Low
32,20328.72743,1341.602442,17,-0.00721548,6.696061766,furniture,self-employed,rent,rich,little,0,0.065995397,78.91779068,Adult,Low
40,76914.54266,1861.670183,27,-0.031469053,6.759226941,business,employed,own,moderate,rich,1,0.024204398,68.95074753,Middle,Average
29,12993.18483,11825.19823,6,0.950643169,4.670466208,business,self-employed,own,moderate,moderate,0,0.910107752,1970.866372,Adult,Low
35,18456.22739,1924.560399,15,-0.009581053,1.722793388,car,employed,own,little,moderate,0,0.10427702,128.3040266,Adult,Low
52,11893.94089,1146.832631,6,-0.030012145,12.96166772,car,employed,own,little,rich,0,0.096421585,191.1387719,Senior,Low
33,35462.49667,21912.70206,6,0.642734546,4.013470481,furniture,self-employed,own,moderate,moderate,0,0.617911995,3652.11701,Adult,Below_Avg
50,51256.33334,1611.540579,6,0.028750824,7.814975273,medical,unemployed,rent,quite_rich,moderate,0,0.031440809,268.5900965,Middle,Below_Avg
26,50764.94776,5694.724612,15,0.129047556,1.205953773,furniture,employed,rent,moderate,moderate,0,0.112178282,379.6483075,Adult,Below_Avg
46,40618.31599,5194.04551,33,0.160638391,2.108283349,education,employed,rent,moderate,moderate,0,0.127874467,157.3953185,Middle,Below_Avg
57,19954.09703,518.7890505,6,0.03173668,10.38041659,car,employed,own,little,rich,0,0.025999124,86.46484174,Senior,Low
18,18349.90197,3968.51156,26,0.277078078,0.257029819,business,employed,rent,moderate,little,1,0.216268815,152.63506,Young,Low
30,9551.133464,7035.546148,6,0.746362604,3.590431058,education,self-employed,own,moderate,little,0,0.736618976,1172.591025,Adult,Low
46,60957.77971,6525.334565,6,-0.093683601,3.286058133,business,employed,own,rich,little,0,0.107046789,1087.555761,Middle,Average
37,27847.23724,10125.54327,44,0.188821876,6.956136318,medical,employed,rent,little,rich,0,0.363610335,230.1259835,Middle,Low
44,17223.35426,3604.747292,6,0.402089068,1.655688845,car,employed,own,moderate,little,0,0.20929415,600.7912154,Middle,Low
32,42788.6622,8690.654689,6,0.20311367,1.236328461,car,unemployed,own,quite_rich,rich,1,0.203106483,1448.442448,Adult,Below_Avg
41,13542.90051,2831.428817,6,0.304095244,13.02743459,medical,self-employed,own,rich,little,0,0.209071079,471.9048028,Middle,Low
38,26992.41061,1590.217482,6,0.024343113,4.239769651,car,self-employed,own,rich,little,0,0.058913504,265.036247,Middle,Low
54,20205.00112,1740.307846,8,0.08033102,0.552923849,business,employed,own,little,little,0,0.086132529,217.5384807,Senior,Low
43,30313.2009,1525.85721,6,0.004999928,1.072382112,business,unemployed,rent,quite_rich,moderate,0,0.050336394,254.309535,Middle,Below_Avg
44,21337.32638,11022.22287,11,0.763162741,33.73694626,business,employed,own,rich,moderate,0,0.516570008,1002.020261,Middle,Low
35,10663.01035,1463.141613,9,0.162540804,1.088349025,car,unemployed,own,rich,little,0,0.137216561,162.5712904,Adult,Low
34,22874.73228,6119.471849,17,0.214035235,4.714142718,car,employed,own,quite_rich,moderate,0,0.267521026,359.9689323,Adult,Low
34,37213.69326,3972.935991,36,-0.058393915,2.724740128,business,employed,rent,quite_rich,little,0,0.106760056,110.3593331,Adult,Below_Avg
44,21707.03753,4527.300575,6,0.405937068,10.84023144,car,employed,own,little,moderate,0,0.208563724,754.5500958,Middle,Low
34,32453.30483,14630.82431,14,0.434499108,7.035927186,business,employed,own,little,moderate,1,0.450826946,1045.058879,Adult,Below_Avg
43,13059.03169,3460.810559,8,0.339435712,4.543490597,furniture,employed,rent,moderate,rich,1,0.2650128,432.6013199,Middle,Low
64,21739.14004,8016.69282,6,0.454367436,0.053985304,furniture,unemployed,own,moderate,rich,1,0.368767707,1336.11547,Senior,Low
50,16118.85159,5064.702513,30,0.267926833,10.59279193,furniture,employed,own,little,little,0,0.314209885,168.8234171,Middle,Low
36,31999.97562,4351.974267,18,0.203244577,2.940940965,medical,employed,rent,moderate,little,0,0.135999299,241.7763481,Middle,Below_Avg
54,22376.0346,30945.26567,6,1.322550858,13.41027899,education,employed,own,little,rich,1,1.382964687,5157.544279,Senior,Low
35,31102.2934,1551.421061,6,-0.049161393,3.42132386,education,employed,own,little,little,0,0.049881243,258.5701768,Adult,Below_Avg
18,37943.56537,13784.57467,6,0.479737966,5.924520355,medical,self-employed,own,little,little,0,0.363291497,2297.429111,Young,Below_Avg
27,31126.32763,8309.255163,30,0.251133697,0.35905195,business,employed,own,little,little,0,0.266952635,276.9751721,Adult,Below_Avg
18,25249.43901,3348.87586,25,0.184482977,6.835433152,medical,self-employed,free,rich,little,0,0.132631694,133.9550344,Young,Low
35,13371.67404,18096.15591,9,1.394412249,2.06241864,car,employed,own,quite_rich,moderate,0,1.35332015,2010.68399,Adult,Low
40,21995.80307,1120.479402,6,0.114733796,2.164379481,vacation,unemployed,own,moderate,little,0,0.0509406,186.746567,Middle,Low
60,16872.74368,3237.597023,8,0.036229564,0.631535438,furniture,employed,rent,moderate,rich,0,0.191883258,404.6996279,Senior,Low
43,18545.2324,1869.1036,29,0.042257152,0.794141381,vacation,unemployed,own,little,moderate,1,0.100786205,64.45184827,Middle,Low
37,18264.83535,6834.009152,10,0.341714584,1.027494785,vacation,employed,own,moderate,moderate,0,0.3741621,683.4009152,Middle,Low
49,13494.49647,2017.367493,6,0.066347706,1.98901892,car,self-employed,rent,rich,little,0,0.149495574,336.2279155,Middle,Low
18,8277.785049,6949.681828,6,0.882458826,11.12672753,furniture,employed,rent,moderate,little,0,0.839558141,1158.280305,Young,Low
42,15771.00609,4233.781597,7,0.387142796,2.296388695,business,employed,rent,little,moderate,0,0.268453488,604.8259425,Middle,Low
49,24262.56062,3349.334157,6,0.272563835,6.443347159,car,employed,own,rich,moderate,0,0.13804537,558.2223595,Middle,Low
22,11225.14328,6707.072173,24,0.563583894,0.431862472,business,self-employed,rent,quite_rich,moderate,0,0.597504371,279.4613405,Young,Low
53,22199.85682,3964.371862,6,0.207773047,4.471408576,car,employed,own,little,little,0,0.178576461,660.7286437,Senior,Low
44,56961.6898,2057.181509,37,0.080679527,3.287850403,medical,employed,own,little,moderate,0,0.036115177,55.59950025,Middle,Average
35,36736.58036,46216.78819,17,1.320184681,19.07401574,car,self-employed,own,little,moderate,1,1.258059072,2718.634599,Adult,Below_Avg
47,50099.72282,3328.464127,9,-0.02137673,9.360763713,education,self-employed,rent,little,moderate,0,0.066436777,369.8293475,Middle,Below_Avg
67,26784.1062,833.732607,16,0.213185913,3.033285945,car,retired,rent,rich,moderate,0,0.031127886,52.10828794,Senior,Low
42,39488.11073,2505.694068,6,0.156106411,7.461447925,car,employed,rent,quite_rich,rich,0,0.063454392,417.615678,Middle,Below_Avg
42,15336.91022,1783.224728,6,0.211535076,1.072398092,furniture,employed,rent,moderate,moderate,0,0.116270142,297.2041214,Middle,Low
34,15959.82437,9517.776055,59,0.716704451,4.131522672,furniture,employed,own,rich,little,0,0.596358446,161.3182382,Adult,Low
29,5599.484937,6357.065355,14,1.188708256,0.387748972,car,self-employed,own,moderate,moderate,1,1.135294661,454.0760968,Adult,Low
49,39857.77361,6761.298534,6,0.066904288,2.139236395,vacation,unemployed,rent,little,moderate,0,0.16963563,1126.883089,Middle,Below_Avg
29,47579.72432,3655.477576,6,0.0629312,3.580633891,car,retired,own,moderate,little,0,0.076828473,609.2462626,Adult,Below_Avg
40,16704.13174,3930.491664,6,0.070195227,6.345398596,business,unemployed,own,rich,little,0,0.235300567,655.081944,Middle,Low
34,19399.91855,3652.821337,6,0.229797801,3.367611975,furniture,unemployed,rent,rich,moderate,0,0.18829055,608.8035562,Adult,Low
45,15109.34859,4605.679306,6,0.287901789,6.952927351,education,retired,rent,little,moderate,0,0.304823155,767.6132177,Middle,Low
44,26670.85768,9587.991876,6,0.355440958,3.621078617,car,employed,own,moderate,rich,0,0.359493196,1597.998646,Middle,Low
52,38656.34757,6430.839252,20,0.286759318,0.452274361,education,unemployed,rent,little,rich,0,0.166359205,321.5419626,Senior,Below_Avg
33,9215.24091,7332.63538,30,0.750007996,6.647068869,education,self-employed,rent,rich,little,1,0.795707399,244.4211793,Adult,Low
36,27030.44941,7329.386737,7,0.245940658,8.95567624,car,employed,own,moderate,moderate,0,0.271152974,1047.055248,Middle,Low
28,19180.7819,9972.174564,13,0.522101816,11.69267954,car,employed,own,little,moderate,1,0.519904486,767.0903511,Adult,Low
34,23311.38615,6188.945732,6,0.081491025,4.243066321,car,employed,own,rich,little,0,0.26549025,1031.490955,Adult,Low
44,27708.56918,6549.070814,6,0.209749066,7.003698147,car,self-employed,own,moderate,little,0,0.236355431,1091.511802,Middle,Low
49,20048.28275,12721.45215,14,0.385961248,6.972526633,car,self-employed,own,little,little,0,0.634540739,908.6751534,Middle,Low
28,20914.67978,2886.971378,33,0.079483492,0.846531676,car,employed,free,rich,little,0,0.138035648,87.48398116,Adult,Low
50,19792.58034,2478.492858,6,0.210742237,0.896953405,business,self-employed,own,little,rich,0,0.125223332,413.0821431,Middle,Low
56,35780.49176,1903.144354,9,0.097916097,0.367616516,furniture,employed,rent,little,little,0,0.053189441,211.4604838,Senior,Below_Avg
44,27156.72466,5689.238295,60,0.150014452,1.927677409,furniture,self-employed,own,little,little,0,0.209496483,94.82063825,Middle,Low
62,24594.8357,1115.451135,24,0.049432885,3.207601293,car,self-employed,own,little,little,0,0.045353063,46.47713061,Senior,Low
30,11667.0527,7113.312283,6,0.502193351,30.82397979,education,retired,rent,moderate,moderate,1,0.609692308,1185.552047,Adult,Low
25,18227.92665,4503.659306,6,0.246840349,2.819315719,furniture,employed,own,moderate,little,0,0.247074689,750.6098843,Young,Low
18,34521.39584,12181.9638,53,0.645913582,6.477564621,business,unemployed,rent,moderate,little,1,0.352881554,229.8483736,Young,Below_Avg
57,22445.56417,2871.144907,6,0.312496048,5.911008068,business,employed,own,little,little,0,0.127915916,478.5241512,Senior,Low
47,30630.9353,4176.986664,10,0.141627186,1.143808708,education,employed,free,little,little,1,0.136364973,417.6986664,Middle,Below_Avg
39,53276.78172,12061.36523,7,0.242405066,0.301442634,car,employed,own,moderate,little,1,0.22639065,1723.052175,Middle,Below_Avg
43,37023.31153,14861.19181,12,0.303444402,3.948364761,education,self-employed,own,moderate,moderate,0,0.401400933,1238.432651,Middle,Below_Avg
26,23076.71014,2852.291848,6,0.043421543,6.024959823,car,retired,rent,little,little,0,0.123600454,475.3819747,Adult,Low
69,17060.23191,5684.082401,19,0.369395755,31.74581489,medical,employed,rent,little,little,0,0.333177323,299.1622316,Senior,Low
41,6143.962688,6220.062178,6,0.959896803,2.220596117,business,unemployed,own,little,little,0,1.01238606,1036.67703,Middle,Low
41,20247.9238,6627.100946,16,0.417712761,11.33437971,furniture,employed,free,little,rich,1,0.327297802,414.1938091,Middle,Low
48,18713.37433,3983.59307,7,0.369842687,2.405787664,medical,employed,rent,little,little,0,0.212874119,569.0847244,Middle,Low
45,26773.90765,13699.39183,6,0.544931574,5.846435326,education,employed,own,rich,rich,0,0.511669496,2283.231971,Middle,Low
42,20395.04762,1083.809266,21,0.063314526,4.559662844,furniture,employed,own,little,rich,0,0.053140806,51.60996507,Middle,Low
30,18766.10264,3509.033113,60,0.018909884,0.272168962,car,retired,own,little,little,1,0.186987846,58.48388522,Adult,Low
45,9048.013725,7032.830858,36,0.852040002,0.408157158,education,self-employed,own,moderate,moderate,1,0.777278978,195.3564127,Middle,Low
62,13766.81253,7085.316688,6,0.400299331,0.104913474,vacation,employed,own,moderate,moderate,0,0.514666461,1180.886115,Senior,Low
56,27954.27785,14504.39846,10,0.477060584,2.316801403,vacation,self-employed,rent,moderate,moderate,0,0.518861497,1450.439846,Senior,Low
59,51945.67893,12817.67446,21,0.342709094,6.84819023,education,employed,rent,little,moderate,0,0.246751505,610.3654504,Senior,Below_Avg
33,20978.16278,3911.07167,14,0.289411193,0.948274263,furniture,employed,own,rich,moderate,0,0.186435376,279.3622621,Adult,Low
28,25949.44593,13903.51542,23,0.489141628,4.655156313,business,employed,own,moderate,little,0,0.535792381,604.5006703,Adult,Low
38,35462.78368,2776.000787,60,0.037387716,1.704203282,business,self-employed,free,little,moderate,1,0.078279269,46.26667978,Middle,Below_Avg
40,14684.57691,10349.66992,7,0.634866759,7.972564828,furniture,retired,own,little,moderate,1,0.704798646,1478.524274,Middle,Low
53,26460.46528,20919.10181,26,0.670794141,8.007253204,furniture,employed,own,little,little,1,0.790579515,804.5808388,Senior,Low
19,15210.70822,12990.26209,6,0.79054131,7.467494323,business,employed,rent,rich,rich,0,0.854020858,2165.043681,Young,Low
58,33942.12744,5348.740046,36,-0.003728889,3.720450195,vacation,employed,rent,moderate,little,0,0.157584113,148.5761124,Senior,Below_Avg
38,23758.63979,3769.045188,27,0.226945188,1.6743346,business,employed,free,little,rich,1,0.15863893,139.5942662,Middle,Low
34,25571.29998,1446.825266,13,0.096032404,8.289046973,car,self-employed,free,little,little,0,0.056580044,111.2942512,Adult,Low
27,14893.80601,6300.798878,30,0.479101199,1.029592305,car,employed,free,quite_rich,moderate,1,0.423048271,210.0266293,Adult,Low
20,31367.14165,2013.895565,19,-0.031236418,1.710758888,vacation,self-employed,own,moderate,rich,0,0.064203987,105.9945034,Young,Below_Avg
49,62464.67404,2605.792861,14,-0.077790792,1.016384202,vacation,employed,own,little,rich,0,0.041716264,186.1280615,Middle,Average
40,13306.98218,1895.813588,52,0.14781901,5.607513846,furniture,employed,rent,moderate,little,0,0.142467583,36.45795362,Middle,Low
24,18585.19353,3400.52848,6,0.189380021,5.795571288,education,employed,own,little,moderate,0,0.182969764,566.7547467,Young,Low
24,24730.77595,4806.019474,60,0.179606567,5.285096853,medical,employed,own,moderate,little,0,0.19433355,80.10032457,Young,Low
35,32637.03959,6117.395206,6,0.15848887,2.685860546,medical,unemployed,own,moderate,little,1,0.187437197,1019.565868,Adult,Below_Avg
60,16651.02171,3039.944968,11,0.353645652,0.527752709,business,employed,own,rich,rich,0,0.182568074,276.3586335,Senior,Low
36,5342.691627,11561.3968,6,2.206567335,3.580633891,car,employed,own,moderate,little,0,2.163964834,1926.899466,Middle,Low
21,43459.93452,4160.688289,6,0.292804023,3.543649454,business,self-employed,own,little,little,0,0.095736184,693.4480481,Young,Below_Avg
37,32217.11332,2617.099843,17,0.208129722,2.612569961,car,retired,own,rich,moderate,0,0.08123322,153.9470496,Middle,Below_Avg
36,9214.432048,5890.132745,6,0.809556154,4.443680524,vacation,unemployed,rent,rich,little,0,0.639229061,981.6887909,Middle,Low
18,16255.97161,23643.4705,50,1.347002037,1.070859807,car,employed,rent,moderate,little,1,1.454448313,472.8694099,Young,Low
39,48247.1103,6426.134392,6,0.192509208,0.710979991,business,employed,free,little,moderate,0,0.133192109,1071.022399,Middle,Below_Avg
37,45428.6485,3676.496347,6,0.037752479,2.600384942,education,self-employed,own,rich,moderate,0,0.080929028,612.7493912,Middle,Below_Avg
48,35218.26121,1448.133718,35,-0.125219841,1.288808873,business,self-employed,own,little,little,0,0.041118831,41.37524907,Middle,Below_Avg
62,20169.84171,4123.551738,26,0.35404177,1.40048982,education,employed,own,little,moderate,0,0.204441453,158.5981438,Senior,Low
53,22959.65236,5930.966717,20,0.228952024,11.1518565,car,employed,rent,little,rich,0,0.258321277,296.5483358,Senior,Low
36,20630.7322,3604.488982,6,0.069204382,3.783195804,business,employed,rent,little,rich,1,0.174714545,600.7481636,Middle,Low
26,38720.32332,1296.848396,26,-0.007963681,3.303100487,furniture,employed,own,rich,little,0,0.033492706,49.87878447,Adult,Below_Avg
70,14215.36636,2488.77945,8,0.095454289,5.847528295,furniture,employed,rent,little,little,0,0.175076701,311.0974312,Senior,Low
40,14722.02827,15734.81054,60,0.999423868,15.13592004,medical,employed,rent,little,little,1,1.068793665,262.2468423,Middle,Low
40,36502.5461,15478.40032,20,0.401875844,0.595035848,education,employed,own,moderate,rich,0,0.424036183,773.9200158,Middle,Below_Avg
39,21543.28126,2417.982188,32,0.285319862,8.964838007,business,employed,rent,moderate,little,0,0.112238343,75.56194337,Middle,Low
42,43880.86722,8418.655623,23,0.125220814,4.385580626,education,employed,rent,rich,rich,0,0.191852535,366.0285053,Middle,Below_Avg
38,15744.46095,1914.365992,16,0.287516875,0.790088633,business,employed,own,little,little,0,0.121589809,119.6478745,Middle,Low
33,21431.36581,15115.15294,22,0.790165512,1.763054059,business,employed,own,little,rich,0,0.705281832,687.0524064,Adult,Low
33,13888.18153,5980.076732,16,0.470214611,3.292389977,business,unemployed,rent,moderate,little,0,0.430587455,373.7547958,Adult,Low
39,22107.70216,10506.11974,6,0.550036414,5.874937249,medical,employed,rent,little,little,1,0.475224411,1751.019957,Middle,Low
33,10516.77133,1246.288636,7,0.119870438,1.38936514,furniture,self-employed,own,little,moderate,0,0.118504872,178.0412337,Adult,Low
31,17260.62698,8451.588421,6,0.618250516,3.827286477,business,self-employed,free,rich,rich,0,0.489645505,1408.59807,Adult,Low
41,10741.5327,4884.688272,22,0.511445818,5.770703652,business,employed,own,moderate,moderate,0,0.454747791,222.0312851,Middle,Low
36,31162.21607,9716.1357,15,0.145325595,2.977750369,furniture,employed,own,moderate,little,0,0.311792193,647.74238,Middle,Below_Avg
58,31517.38792,10217.87829,16,0.353823325,9.939819342,furniture,employed,own,moderate,rich,0,0.324198132,638.6173931,Senior,Below_Avg
18,9273.059384,5180.349228,33,0.637042419,10.18034357,medical,self-employed,rent,moderate,moderate,0,0.558645104,156.9802796,Young,Low
53,42913.54858,3039.159539,13,0.041920391,3.180916539,car,employed,rent,little,little,0,0.070820513,233.781503,Senior,Below_Avg
54,76780.62151,9170.590388,6,0.132064454,18.04585362,furniture,employed,rent,little,little,0,0.119438866,1528.431731,Senior,Average
18,22539.01741,4683.85328,6,0.146525091,0.39297137,furniture,self-employed,free,little,moderate,0,0.207810891,780.6422133,Young,Low
35,15985.58839,2444.930649,6,0.015183362,0.016840219,car,self-employed,rent,quite_rich,little,0,0.152945928,407.4884415,Adult,Low
35,90414.98496,2354.016306,6,-0.129001999,2.395571135,vacation,employed,own,rich,rich,0,0.026035688,392.336051,Adult,Above_Avg
23,11390.28127,1507.591264,6,-0.021349113,4.595185766,car,self-employed,rent,moderate,little,0,0.132357685,251.2652107,Young,Low
30,22249.01982,3267.456304,18,0.213762913,4.96046435,car,employed,rent,little,moderate,0,0.146858438,181.5253502,Adult,Low
26,24096.2411,11874.56073,6,0.243769053,3.235572992,vacation,self-employed,own,little,little,1,0.492797224,1979.093455,Adult,Low
61,43155.87371,5666.142555,6,0.064646825,0.666990226,car,employed,own,rich,moderate,0,0.131294817,944.3570925,Senior,Below_Avg
51,26367.02585,3216.939868,60,0.045440843,0.934645909,business,self-employed,rent,quite_rich,little,0,0.122006171,53.61566447,Senior,Low
55,17165.95004,9357.044402,60,0.516877349,9.557716982,vacation,employed,own,little,little,1,0.545093303,155.95074,Senior,Low
48,13689.82061,2525.056462,18,-0.001195416,10.12140169,business,employed,own,quite_rich,little,0,0.184447739,140.2809146,Middle,Low
26,18566.03453,5304.33781,6,0.326089981,5.602733562,business,employed,rent,little,little,0,0.285701171,884.0563016,Adult,Low
33,13313.53305,4256.896709,31,0.192425938,5.456465283,car,self-employed,rent,little,little,1,0.319742077,137.3192487,Adult,Low
45,22559.52521,9166.442136,13,0.51956303,4.552563883,car,employed,own,little,little,0,0.406322476,705.1109336,Middle,Low
25,16612.35393,1391.610938,6,0.021593073,1.134038065,furniture,employed,own,rich,little,0,0.083769642,231.9351563,Young,Low
48,10435.62908,2489.511545,15,0.228997535,2.795273354,car,employed,rent,moderate,little,0,0.238558838,165.9674363,Middle,Low
37,41256.8688,1325.312385,6,0.032500822,5.951905482,education,employed,rent,rich,rich,0,0.032123436,220.8853975,Middle,Below_Avg
35,17174.20346,3993.097892,60,0.256929671,3.852866187,furniture,self-employed,free,little,little,1,0.232505566,66.55163153,Adult,Low
48,11683.48514,12953.76817,31,1.112426104,0.093775584,education,retired,rent,moderate,little,0,1.108724666,417.8634892,Middle,Low
45,20249.19731,3280.142784,6,0.119277726,15.34762682,car,self-employed,rent,little,little,0,0.161988781,546.6904641,Middle,Low
35,22792.47651,3266.429755,9,0.177616606,9.315720541,furniture,unemployed,free,little,moderate,0,0.143311753,362.9366395,Adult,Low
53,9198.232612,9871.227973,9,1.119780438,1.509209348,furniture,employed,own,little,little,0,1.073165725,1096.803108,Senior,Low
27,25999.27244,11554.60857,35,0.367906991,4.791542924,car,employed,own,rich,little,0,0.444420458,330.1316734,Adult,Low
47,13048.40543,4578.575242,7,0.393528335,12.8353179,education,employed,rent,moderate,little,1,0.350891553,654.0821774,Middle,Low
47,51819.1165,8499.578757,6,0.28319603,0.504690501,business,retired,own,little,moderate,1,0.164024,1416.596459,Middle,Below_Avg
36,28623.41179,2076.494402,6,0.143134734,3.496122861,vacation,self-employed,own,little,rich,0,0.072545314,346.0824004,Middle,Below_Avg
43,18034.64673,14799.95571,6,0.913877703,3.046264353,vacation,employed,own,rich,rich,0,0.820640179,2466.659285,Middle,Low
24,15175.1745,27418.27484,53,1.8239769,2.639901345,business,employed,rent,little,little,1,1.806784815,517.3259404,Young,Low
51,20900.2447,7457.478497,46,0.263197931,9.026917549,business,employed,rent,quite_rich,moderate,0,0.356812975,162.1190978,Senior,Low
37,29923.37932,927.5388709,6,-0.049967316,2.395392582,car,employed,own,quite_rich,little,0,0.03099713,154.5898118,Middle,Below_Avg
33,21747.47495,3144.51766,6,0.176581108,0.328900902,car,self-employed,rent,moderate,moderate,0,0.144592311,524.0862766,Adult,Low
52,19760.11115,8024.54507,13,0.500374547,0.340525661,vacation,employed,own,moderate,little,0,0.406098175,617.2726977,Senior,Low
31,22678.7841,3508.042969,28,0.4332751,0.218425271,car,unemployed,rent,moderate,little,0,0.154683909,125.2872489,Adult,Low
23,16286.15329,13599.09932,6,0.9331921,2.630926763,furniture,unemployed,rent,little,moderate,1,0.835009906,2266.516554,Young,Low
21,18553.19029,7867.737465,10,0.307020283,6.33644974,car,unemployed,free,little,moderate,1,0.424063859,786.7737465,Young,Low
47,7762.841979,2792.854861,6,0.283044959,3.580633891,car,unemployed,own,little,moderate,0,0.359772216,465.4758102,Middle,Low
24,35841.55005,5043.279524,7,0.368562151,5.198913732,business,employed,own,quite_rich,little,1,0.140710419,720.4685034,Young,Below_Avg
61,25575.72377,2404.106086,25,0.07256064,5.809173934,car,retired,own,rich,moderate,1,0.093999533,96.16424343,Senior,Low
18,14962.04706,4246.84697,10,0.288592769,1.473212024,furniture,employed,rent,little,rich,0,0.283841305,424.684697,Young,Low
60,56918.03279,3153.680327,10,-0.04063429,4.588429224,car,unemployed,rent,moderate,little,0,0.055407402,315.3680327,Senior,Average
42,23005.95191,12579.31957,28,0.703295782,5.773823797,business,employed,free,little,little,1,0.546785441,449.261413,Middle,Low
38,13120.4612,26710.43643,25,2.085818194,3.580633891,business,employed,own,rich,moderate,0,2.035784873,1068.417457,Middle,Low
33,33805.15926,1564.074155,6,-0.031192814,2.052764625,furniture,employed,rent,little,little,1,0.046267321,260.6790258,Adult,Below_Avg
44,26876.94428,1055.138135,9,-0.060124415,4.826768781,business,employed,own,moderate,moderate,0,0.039258114,117.2375706,Middle,Low
39,26830.37695,4039.442888,34,0.181275226,19.04893147,car,unemployed,own,little,moderate,1,0.150554832,118.8071438,Middle,Low
53,17802.99887,1458.651184,10,0.08635351,2.78296414,business,self-employed,rent,moderate,rich,0,0.081932892,145.8651184,Senior,Low
41,27591.0814,5099.864669,19,0.268048455,2.485723975,business,employed,own,little,rich,1,0.184837433,268.41393,Middle,Low
41,19324.3426,8947.674016,6,0.517722897,3.120595971,medical,employed,own,little,little,0,0.46302605,1491.279003,Middle,Low
35,29084.79261,16241.31394,6,0.53196454,0.396397959,car,self-employed,own,moderate,little,0,0.558412575,2706.885656,Adult,Below_Avg
39,8497.504176,5773.972786,6,0.625110273,4.02781015,car,employed,own,moderate,little,1,0.679490432,962.3287976,Middle,Low
43,17730.88421,4211.085871,9,0.221505834,1.99267628,car,self-employed,own,quite_rich,little,0,0.237500049,467.8984302,Middle,Low
19,52108.19708,1009.582408,7,-0.035693352,0.647253634,car,employed,rent,moderate,little,0,0.019374733,144.2260583,Young,Below_Avg
23,15009.91516,5018.809933,40,0.321346756,3.139201721,car,self-employed,own,moderate,moderate,0,0.334366309,125.4702483,Young,Low
48,16286.32131,5203.203687,14,0.321127148,0.016948626,furniture,retired,own,quite_rich,rich,0,0.319483055,371.6574062,Middle,Low
42,17606.42781,8194.065497,17,0.375608841,2.569027338,furniture,employed,own,rich,rich,0,0.465401931,482.0038528,Middle,Low
37,11999.22006,2788.361758,21,0.295446569,0.558767134,medical,employed,rent,moderate,little,0,0.232378583,132.7791313,Middle,Low
40,7301.679082,3470.166727,13,0.438213219,0.122963193,car,unemployed,rent,moderate,moderate,0,0.475255991,266.935902,Middle,Low
44,19627.89015,1506.581108,26,-0.007431275,8.699870298,medical,unemployed,free,quite_rich,moderate,0,0.07675716,57.94542723,Middle,Low
33,23574.70778,786.0070442,27,-0.001819628,12.3995241,vacation,retired,free,moderate,little,1,0.033341115,29.11137201,Adult,Low
30,21455.73953,2024.751645,7,0.118594581,1.16391587,vacation,employed,own,rich,little,0,0.094368765,289.2502349,Adult,Low
42,20487.30529,1399.316733,6,0.076605469,3.875022193,medical,employed,free,little,rich,0,0.068301649,233.2194555,Middle,Low
28,22505.62227,6434.11664,60,0.328101113,1.628360938,business,employed,own,rich,little,0,0.285889302,107.2352773,Adult,Low
44,36732.62985,3247.019425,18,0.178230664,3.401919284,business,employed,own,little,rich,0,0.088396051,180.3899681,Middle,Below_Avg
19,20025.80372,3195.217041,22,0.290049017,2.869105089,furniture,self-employed,rent,little,little,1,0.159554996,145.2371382,Young,Low
52,16530.43839,2236.05753,25,0.163817717,1.567058322,education,employed,own,rich,little,0,0.1352691,89.44230121,Senior,Low
45,19138.11657,370.1645565,17,-0.087598494,6.026427989,medical,self-employed,own,moderate,little,0,0.019341744,21.77438567,Middle,Low
43,29427.16128,16426.45788,11,0.531296275,0.676183998,furniture,unemployed,free,moderate,little,1,0.558207355,1493.314352,Middle,Below_Avg
51,44623.38997,2207.870117,60,-0.050953972,0.272665221,car,retired,rent,moderate,moderate,1,0.049477866,36.79783528,Senior,Below_Avg
59,16089.59599,3533.569907,23,0.389303719,7.298099447,business,employed,own,little,moderate,0,0.219618312,153.6334742,Senior,Low
52,23143.44564,1534.693963,33,0.265052339,5.482024103,education,employed,rent,little,moderate,0,0.06631225,46.50587768,Senior,Low
18,26086.64355,10695.13533,10,0.475016226,3.451018825,vacation,self-employed,rent,little,moderate,0,0.409985106,1069.513533,Young,Low
24,13409.39684,5512.332587,42,0.496925715,3.153583497,car,employed,free,little,rich,0,0.411079831,131.246014,Young,Low
32,22252.47647,2537.431865,23,0.139123509,3.439916477,education,self-employed,rent,little,little,0,0.11402919,110.3231246,Adult,Low
40,10584.68127,3591.108869,24,0.375879754,2.872592078,car,unemployed,rent,rich,moderate,0,0.339274162,149.6295362,Middle,Low
46,9094.952317,18817.52579,6,1.909262214,2.495245334,medical,employed,rent,little,moderate,1,2.069007636,3136.254299,Middle,Low
31,26459.57046,4636.079972,17,0.167820491,3.462642889,car,employed,rent,little,little,1,0.175213728,272.7105866,Adult,Low
42,18179.73206,4249.740367,7,0.145647235,3.759341769,vacation,employed,rent,quite_rich,rich,0,0.233762541,607.1057667,Middle,Low
30,24370.78125,2314.374675,19,0.123100795,5.886691921,car,self-employed,rent,rich,moderate,0,0.094965141,121.8091934,Adult,Low
32,21830.26331,1079.588339,15,0.043492763,6.210228335,car,employed,own,little,little,0,0.049453748,71.97255592,Adult,Low
23,13518.30505,4324.142186,6,0.514555299,2.371095149,car,self-employed,free,little,rich,1,0.319873103,720.6903643,Young,Low
28,21533.66598,6376.585786,13,0.387784469,2.668258529,furniture,unemployed,own,moderate,rich,0,0.2961217,490.5065989,Adult,Low
23,11889.95669,11845.07646,10,1.024676564,2.339606352,education,employed,own,little,moderate,1,0.996225366,1184.507646,Young,Low
28,44156.09193,813.3835523,26,-0.008273327,3.845130392,car,retired,rent,rich,little,0,0.018420642,31.28398278,Adult,Below_Avg
52,11181.48794,1998.041917,12,0.346294099,3.019765036,furniture,self-employed,own,moderate,rich,0,0.178691953,166.5034931,Senior,Low
28,19972.41528,3088.395958,11,0.151637609,11.01806554,car,unemployed,rent,quite_rich,little,0,0.154633073,280.7632689,Adult,Low
71,13080.32152,4901.101825,22,0.40786016,5.959583311,vacation,employed,own,moderate,moderate,0,0.374692764,222.7773557,Senior,Low
45,29296.12655,4376.361922,19,0.153608597,11.44619198,car,employed,rent,little,little,0,0.149383637,230.334838,Middle,Below_Avg
42,18662.74023,4458.862874,60,0.198502518,6.17451442,furniture,employed,free,little,little,1,0.238917909,74.31438123,Middle,Low
29,16994.86707,6812.243909,7,0.404491881,17.70094373,education,employed,rent,moderate,rich,0,0.400841259,973.1777012,Adult,Low
48,33745.44663,2385.980694,20,-0.125491422,5.04939268,medical,employed,own,little,moderate,0,0.070705263,119.2990347,Middle,Below_Avg
33,22352.9883,10376.64777,6,0.309446834,16.55908806,vacation,unemployed,free,little,moderate,0,0.464217474,1729.441295,Adult,Low
41,28518.89768,6951.842097,29,0.278725705,0.860885276,vacation,employed,own,little,little,1,0.243762651,239.718693,Middle,Below_Avg
70,13485.05119,3805.239412,27,0.439002021,0.269523932,car,retired,own,moderate,rich,0,0.282182052,140.934793,Senior,Low
38,10911.70699,17689.49772,23,1.655970638,4.327099208,vacation,employed,own,little,little,1,1.621148527,769.1085967,Middle,Low
53,23239.39042,17070.93909,6,0.662532257,20.51991607,business,employed,free,little,little,1,0.734569142,2845.156515,Senior,Low
31,18780.54593,10366.30876,60,0.407685201,2.70303396,medical,employed,own,moderate,moderate,0,0.551970576,172.7718127,Adult,Low
39,30128.21347,439.2877141,51,0.093033336,1.191561094,furniture,retired,rent,moderate,little,0,0.014580609,8.61348459,Middle,Below_Avg
61,21163.76444,17381.40219,8,0.764561701,3.685928475,medical,employed,own,quite_rich,little,0,0.821281216,2172.675274,Senior,Low
32,24404.86239,9281.763295,15,0.444647887,5.231977504,furniture,employed,own,rich,rich,0,0.380324345,618.7842197,Adult,Low
61,9782.09287,24468.13432,39,2.540305472,1.892986721,education,unemployed,free,quite_rich,moderate,1,2.501318956,627.3880596,Senior,Low
48,56625.71388,13226.42066,12,0.281406267,6.272285788,furniture,employed,rent,quite_rich,rich,0,0.233576228,1102.201722,Middle,Average
33,20289.91021,17373.02756,16,0.859599916,18.46735129,furniture,self-employed,rent,moderate,moderate,1,0.856239746,1085.814222,Adult,Low
47,31219.35347,9926.109425,16,0.356311747,11.36334157,education,employed,own,moderate,little,0,0.317947309,620.381839,Middle,Below_Avg
51,14500.72845,14457.29715,18,0.985059448,1.72362863,furniture,employed,rent,little,little,0,0.997004888,803.1831748,Senior,Low
47,25693.79883,24228.84132,15,0.879453351,1.977997294,business,employed,rent,moderate,rich,0,0.942984005,1615.256088,Middle,Low
21,11482.47935,5844.426732,9,0.412636572,2.322424225,education,unemployed,own,little,little,1,0.508986479,649.380748,Young,Low
31,27612.7781,1397.1861,13,-0.187901621,2.508939424,business,unemployed,rent,moderate,moderate,0,0.050599259,107.4758539,Adult,Low
37,18435.12254,3843.087196,36,0.190354552,0.528577889,car,employed,free,little,little,0,0.208465509,106.7524221,Middle,Low
39,22350.30512,6714.042312,35,0.452338295,7.176642392,medical,employed,rent,little,moderate,0,0.300400477,191.8297803,Middle,Low
47,31225.39594,5218.211864,26,0.240122363,2.273323481,business,employed,own,little,little,1,0.167114354,200.7004563,Middle,Below_Avg
42,11893.29226,1813.022148,9,0.175211641,10.59382233,car,employed,rent,quite_rich,little,0,0.15244073,201.4469054,Middle,Low
23,15642.61398,1332.944788,27,0.011811907,13.08241393,business,employed,rent,little,moderate,1,0.085212407,49.36832548,Young,Low
44,27685.44604,2716.419319,8,0.197851154,0.123673528,car,employed,own,rich,little,0,0.098117231,339.5524148,Middle,Low
47,62888.00577,9378.655031,19,0.13720172,22.32837615,car,employed,rent,little,moderate,1,0.149132651,493.6134227,Middle,Average
46,20557.0419,17400.80619,15,1.003957931,6.189763718,education,employed,free,moderate,moderate,1,0.8464645,1160.053746,Middle,Low
52,29601.13721,10231.78255,6,0.247546323,3.673933233,education,self-employed,free,little,moderate,0,0.34565505,1705.297092,Senior,Below_Avg
50,20879.31563,11452.25382,10,0.473500614,2.467611045,car,unemployed,rent,little,little,0,0.548497567,1145.225382,Middle,Low
45,58169.86973,4607.07084,31,-0.005526699,3.654433535,furniture,employed,own,quite_rich,moderate,0,0.079200295,148.6151884,Middle,Average
39,9194.761204,1219.668078,43,-0.015563685,1.962433891,medical,self-employed,free,little,rich,0,0.132648152,28.36437392,Middle,Low
20,23093.59355,3414.626977,6,0.054155888,4.873411769,car,employed,rent,little,moderate,0,0.147860357,569.1044962,Young,Low
45,9771.526566,3995.757573,10,0.419240084,0.487955416,car,employed,own,moderate,moderate,0,0.408918458,399.5757573,Middle,Low
42,6289.986571,3302.245632,10,0.453780324,4.852713084,medical,self-employed,rent,rich,rich,0,0.525000426,330.2245632,Middle,Low
43,25558.64837,5134.59317,12,-0.184742983,1.610296963,furniture,self-employed,rent,quite_rich,rich,0,0.20089455,427.8827641,Middle,Low
24,23617.63359,6996.293641,60,0.40365911,0.088960876,business,employed,own,rich,little,1,0.29623178,116.604894,Young,Low
27,19102.6344,9724.58166,13,0.340660814,3.580633891,car,employed,free,moderate,rich,0,0.509070187,748.0447431,Adult,Low
52,20887.43279,3934.362376,31,0.247283094,4.319057805,education,unemployed,free,moderate,little,0,0.188360265,126.9149153,Senior,Low
39,103688.8345,1071.69038,19,0.013457098,2.780588359,furniture,self-employed,own,moderate,rich,0,0.010335639,56.40475685,Middle,High
48,19358.99466,3339.905608,6,0.384262026,0.37516017,medical,self-employed,free,moderate,little,0,0.172524745,556.6509347,Middle,Low
40,28426.07625,5089.67022,21,0.278745089,11.19068379,furniture,self-employed,free,little,little,0,0.179049341,242.3652486,Middle,Below_Avg
40,15919.7792,13072.2421,18,0.770671664,4.726420113,education,employed,own,moderate,rich,1,0.821132124,726.2356724,Middle,Low
51,25530.17302,3120.516233,25,0.052022202,0.614869736,medical,employed,own,little,little,0,0.122228558,124.8206493,Senior,Low
33,19552.9835,7405.919581,6,0.529034382,3.576254147,medical,retired,own,moderate,little,1,0.378761614,1234.31993,Adult,Low
41,17939.15008,6198.547812,6,0.197944746,3.438354175,car,employed,own,little,moderate,0,0.345531855,1033.091302,Middle,Low
34,54690.71698,5090.444463,26,0.112164931,0.311515076,vacation,employed,rent,little,moderate,1,0.093076938,195.7863255,Adult,Average
34,39679.60004,10346.73878,8,0.247645088,4.667943713,furniture,self-employed,own,moderate,little,0,0.260757134,1293.342348,Adult,Below_Avg
36,23585.16811,2896.698858,43,0.088496058,8.25980674,education,employed,free,little,little,0,0.122818665,67.36508971,Middle,Low
42,6959.716586,3102.15044,13,0.481080819,6.911672145,furniture,employed,free,little,little,0,0.44572942,238.6269569,Middle,Low
34,18388.76921,4868.199044,6,0.283693609,1.134311124,furniture,employed,own,little,little,0,0.264737623,811.3665073,Adult,Low
55,85094.1681,2945.055072,21,0.080349439,9.913118116,car,employed,rent,little,moderate,0,0.034609364,140.2407177,Senior,Above_Avg
29,19627.15149,7379.121207,12,0.389862524,2.096873236,education,self-employed,rent,little,little,1,0.375964959,614.9267672,Adult,Low
37,38238.90707,2777.887863,6,0.114413728,14.6411512,education,employed,rent,rich,little,0,0.072645587,462.9813105,Middle,Below_Avg
34,45295.87288,5890.18901,6,0.139374614,0.372259964,car,employed,own,moderate,moderate,0,0.130038095,981.6981684,Adult,Below_Avg
57,24574.92659,4536.27643,6,0.118646934,3.329690524,education,employed,own,moderate,rich,0,0.184589623,756.0460717,Senior,Low
42,14459.24359,5836.816293,6,0.404073821,4.545636965,medical,employed,own,moderate,moderate,0,0.403673695,972.8027155,Middle,Low
52,6518.136715,3402.299767,15,0.450535631,1.422768843,business,employed,own,rich,little,0,0.521974287,226.8199845,Senior,Low
22,31010.51453,3747.069566,26,0.042794568,7.378474339,furniture,employed,free,little,moderate,1,0.120832228,144.1180602,Young,Below_Avg
43,14656.24786,5307.134967,6,0.328492342,4.929486098,medical,self-employed,own,rich,rich,0,0.362107343,884.5224945,Middle,Low
50,24054.44847,5777.114439,21,0.228225919,0.091377101,education,self-employed,own,quite_rich,moderate,0,0.240168235,275.1006876,Middle,Low
40,11790.97668,4898.275423,41,0.418948288,4.68717082,car,employed,rent,little,little,0,0.415425758,119.4701323,Middle,Low
52,19290.75471,19231.21242,17,1.088551311,3.381236305,education,employed,own,moderate,rich,1,0.996913429,1131.24779,Senior,Low
33,22400.96971,2224.773663,26,0.049469545,1.090961655,car,employed,own,little,moderate,0,0.099315953,85.56821781,Adult,Low
56,25192.37858,4668.704784,6,0.205007304,27.3020961,business,employed,rent,little,rich,0,0.185322111,778.117464,Senior,Low
67,12614.33199,1395.623827,6,0.122440721,11.37301119,medical,employed,rent,little,moderate,0,0.11063795,232.6039712,Senior,Low
35,40072.89599,6618.772329,8,0.104305477,1.730142629,furniture,employed,own,rich,little,1,0.165168306,827.3465411,Adult,Below_Avg
34,16342.96172,2013.848347,22,0.130598276,3.894297962,furniture,employed,own,moderate,little,0,0.123224198,91.53856121,Adult,Low
57,9535.388576,3933.763166,20,0.512815703,1.902658768,furniture,retired,own,moderate,moderate,0,0.412543562,196.6881583,Senior,Low
58,20857.90496,3649.511273,55,0.193620796,7.469303242,car,self-employed,rent,moderate,little,0,0.174970175,66.35475041,Senior,Low
33,22408.32128,6153.10986,17,0.297248791,13.32003021,business,unemployed,rent,moderate,little,0,0.274590398,361.9476388,Adult,Low
34,23868.01881,3158.230767,9,0.061787775,2.222292369,education,employed,own,little,little,0,0.132320608,350.9145297,Adult,Low
36,43523.93092,3052.61977,28,0.267022468,8.188781837,car,employed,own,rich,little,0,0.070136582,109.0221346,Middle,Below_Avg
23,19570.44075,15501.39302,6,0.727246321,3.449836635,vacation,employed,rent,moderate,rich,1,0.792081958,2583.565504,Young,Low
28,20747.68987,6171.229899,30,0.130663438,2.525697115,car,retired,free,moderate,little,1,0.297441785,205.7076633,Adult,Low
27,12687.94754,3137.430144,8,0.333294824,13.93724107,medical,employed,rent,moderate,moderate,0,0.247276412,392.178768,Adult,Low
30,33199.05702,4021.189617,6,0.109641906,3.570880622,furniture,employed,own,quite_rich,little,0,0.121123609,670.1982696,Adult,Below_Avg
39,24152.77434,18329.80975,6,0.728606968,3.150021604,education,employed,rent,rich,moderate,1,0.75891115,3054.968292,Middle,Low
42,17854.05864,4071.912612,60,0.173511119,5.580334723,car,self-employed,rent,little,little,1,0.228066497,67.86521021,Middle,Low
58,8498.650399,2831.547615,17,0.520347612,1.513871622,furniture,employed,rent,moderate,moderate,0,0.333176149,166.5616244,Senior,Low
28,45351.84315,2841.260526,6,0.098108312,1.963678885,vacation,employed,rent,little,little,0,0.062649285,473.543421,Adult,Below_Avg
51,11922.23017,3167.50286,6,0.320655521,3.580633891,furniture,retired,own,quite_rich,little,0,0.265680398,527.9171434,Senior,Low
37,16388.9236,3054.593561,8,0.202643148,5.674252857,medical,employed,own,moderate,little,0,0.186381585,381.8241951,Middle,Low
39,26348.64832,1765.663327,6,0.094016495,8.761842346,education,employed,own,little,little,0,0.067011533,294.2772211,Middle,Low
48,12109.20318,1999.474995,6,0.304982739,1.581174336,medical,employed,own,little,rich,0,0.165120278,333.2458325,Middle,Low
26,10438.38453,2531.44028,25,0.217427183,3.924012327,medical,self-employed,free,little,little,1,0.242512649,101.2576112,Adult,Low
44,7616.14952,7889.253649,27,0.890164802,17.77109022,furniture,employed,own,moderate,little,0,1.035858557,292.1945796,Middle,Low
41,31586.92274,3622.827837,60,0.201499381,1.918791321,education,employed,own,little,little,1,0.114693915,60.38046394,Middle,Below_Avg
45,16771.00661,4164.163311,6,0.297965532,0.874603909,vacation,self-employed,rent,little,little,0,0.248295371,694.0272185,Middle,Low
43,95190.46386,13576.15766,39,0.153418966,3.575798523,car,employed,own,little,moderate,0,0.142620984,348.1066067,Middle,Above_Avg
69,13397.48748,13849.51814,6,1.080815282,2.453653503,vacation,unemployed,own,little,little,0,1.033739958,2308.253024,Senior,Low
32,13894.86308,3921.776604,7,0.245172087,0.869251097,education,self-employed,own,little,little,0,0.282246509,560.2538006,Adult,Low
33,16602.41615,2967.007629,6,0.180778646,10.97095813,business,employed,rent,rich,little,1,0.178709388,494.5012714,Adult,Low
32,24873.72558,2461.326593,60,0.085782847,23.40157608,car,employed,own,little,little,1,0.098952872,41.02210988,Adult,Low
33,17411.71145,8554.56738,60,0.43216229,4.203391201,business,self-employed,own,little,little,1,0.491311116,142.576123,Adult,Low
32,29916.51976,4172.347947,36,0.258383633,7.451096613,furniture,self-employed,own,rich,rich,0,0.139466354,115.8985541,Adult,Below_Avg
54,13503.52181,3607.621925,6,0.125935695,9.79633775,vacation,self-employed,rent,rich,little,0,0.267161558,601.2703208,Senior,Low
57,11039.15902,2563.345038,33,0.468292956,6.036257634,education,employed,own,moderate,moderate,0,0.232204739,77.67712235,Senior,Low
33,8963.290038,2655.177729,18,0.383964249,0.225803053,car,unemployed,rent,little,moderate,0,0.296228028,147.5098738,Adult,Low
30,7246.058291,6348.961614,6,0.698397663,0.857704775,medical,employed,own,rich,little,1,0.876195217,1058.160269,Adult,Low
45,16999.94674,1715.825161,6,0.078514575,0.368174527,business,employed,own,little,moderate,0,0.100931208,285.9708602,Middle,Low
33,18949.06452,10893.21018,21,0.558013374,0.049643669,medical,retired,rent,quite_rich,moderate,0,0.574867966,518.7242944,Adult,Low
47,16063.12395,3206.464749,29,0.238805173,1.826390719,furniture,self-employed,own,rich,moderate,0,0.19961651,110.56775,Middle,Low
42,41015.40056,4360.278649,33,0.007370501,2.490830149,education,employed,own,moderate,rich,1,0.106308328,132.129656,Middle,Below_Avg
21,40701.29157,1686.51177,14,0.044638855,1.378963377,education,unemployed,rent,little,little,1,0.041436321,120.4651264,Young,Below_Avg
58,18631.30494,4866.387962,13,0.249082216,0.333930014,business,employed,own,little,little,0,0.261194156,374.3375356,Senior,Low
61,8982.553216,3779.485793,20,0.346996683,3.773656653,car,employed,rent,quite_rich,moderate,0,0.42075852,188.9742897,Senior,Low
32,16591.52739,4721.753533,27,0.196913014,1.596340638,car,self-employed,own,rich,little,0,0.284588237,174.8797605,Adult,Low
35,16319.06448,15952.4407,6,1.069414485,7.949087167,medical,employed,rent,little,little,0,0.97753402,2658.740117,Adult,Low
43,15858.04972,5665.545357,24,0.187607958,0.040426095,furniture,unemployed,free,little,rich,0,0.357266212,236.0643899,Middle,Low
44,15539.50155,2602.61673,7,0.21527182,9.242507948,medical,self-employed,own,moderate,moderate,1,0.167483926,371.8023901,Middle,Low
47,15887.19237,2782.052021,8,0.254863911,15.47816957,car,employed,rent,quite_rich,little,0,0.175112881,347.7565027,Middle,Low
64,18155.50668,7911.755329,6,0.413921337,6.296283642,medical,unemployed,own,rich,little,0,0.43577717,1318.625888,Senior,Low
37,16030.19565,13890.41944,15,0.871753186,6.614608821,business,employed,rent,little,little,1,0.866515902,926.0279629,Middle,Low
30,24444.51793,6158.166811,6,0.368273749,13.55745394,business,employed,own,moderate,little,1,0.251924249,1026.361135,Adult,Low
23,26375.32935,8526.806583,43,0.252802057,1.172737179,furniture,unemployed,rent,little,rich,0,0.323287208,198.2978275,Young,Low
31,13970.13976,8004.748273,17,0.512824606,26.07500155,medical,unemployed,rent,quite_rich,rich,1,0.572989849,470.8675454,Adult,Low
39,41586.57438,15294.54535,60,0.318227665,7.424636751,education,employed,own,little,moderate,0,0.367776033,254.9090892,Middle,Below_Avg
61,13493.57397,1033.108876,6,0.193095588,6.48356111,business,employed,own,rich,little,0,0.076563028,172.1848127,Senior,Low
33,9809.432415,8381.441132,20,0.983656091,2.239962929,car,employed,own,little,moderate,0,0.854426717,419.0720566,Adult,Low
42,26645.85907,10796.62469,60,0.265600565,3.945840404,education,employed,rent,little,rich,0,0.405189589,179.9437448,Middle,Low
39,14636.82559,1684.158034,6,0.215687141,5.30539463,vacation,employed,own,moderate,rich,0,0.115063066,280.6930057,Middle,Low
54,25864.99361,2419.861177,6,0.175448216,4.842433501,car,employed,rent,rich,moderate,0,0.093557385,403.3101962,Senior,Low
70,6622.085963,2488.34672,18,0.531124268,6.103639255,business,employed,own,little,moderate,1,0.375764787,138.2414844,Senior,Low
33,44188.8587,2743.439881,8,0.100595228,0.429869063,car,self-employed,own,moderate,moderate,0,0.062084425,342.9299851,Adult,Below_Avg
34,30827.01528,3343.008267,6,0.104018099,2.19755395,medical,employed,rent,moderate,little,0,0.108444111,557.1680444,Adult,Below_Avg
52,10402.08687,5967.493389,60,0.688203995,2.84580615,medical,employed,rent,rich,moderate,0,0.573682326,99.45822316,Senior,Low
48,10515.56099,9823.568447,25,1.004083853,1.509779286,furniture,retired,rent,moderate,moderate,1,0.934193473,392.9427379,Middle,Low
62,50824.45686,11673.23118,11,0.454167282,0.947499922,car,employed,rent,little,moderate,1,0.229677441,1061.202835,Senior,Below_Avg
47,15234.38081,2514.279477,6,0.260910605,0.747882752,business,self-employed,rent,moderate,moderate,0,0.165039821,419.0465794,Middle,Low
35,14514.56019,2500.479021,6,0.187628638,2.281556136,car,employed,rent,rich,moderate,0,0.17227384,416.7465036,Adult,Low
47,7093.782342,14082.06769,6,1.867717807,3.400579297,furniture,employed,own,rich,moderate,0,1.985128245,2347.011282,Middle,Low
53,18483.07814,8245.271375,12,0.388006671,0.325234266,car,employed,free,moderate,little,0,0.446098389,687.1059479,Senior,Low
49,19656.04478,5251.619969,12,0.123580327,14.63645327,furniture,employed,rent,quite_rich,rich,0,0.267175824,437.6349974,Middle,Low
46,31500.11729,7177.233924,6,0.206341644,7.246028588,car,employed,rent,little,moderate,0,0.227847848,1196.205654,Middle,Below_Avg
52,10943.06045,4798.971843,51,0.531146952,6.56246511,car,employed,rent,moderate,moderate,0,0.438540193,94.09748711,Senior,Low
54,10299.56153,7477.604356,14,0.725644803,0.948909732,car,employed,own,rich,little,0,0.726011911,534.1145969,Senior,Low
56,27597.52344,3756.138233,6,0.238276704,4.629190416,education,employed,own,little,rich,1,0.136104178,626.0230388,Senior,Low
47,36437.91147,6093.902424,21,0.20099809,3.772187679,education,employed,own,quite_rich,moderate,0,0.167240717,290.1858297,Middle,Below_Avg
37,10040.91801,1467.86341,6,0.105878939,20.2188787,car,retired,rent,little,moderate,0,0.146188168,244.6439016,Middle,Low
41,37826.19168,2834.930112,22,0.083708736,6.885122697,education,unemployed,own,little,rich,1,0.074946221,128.8604597,Middle,Below_Avg
54,22443.82772,2859.468532,21,0.174615233,4.287301932,vacation,unemployed,own,little,rich,0,0.127405564,136.1651682,Senior,Low
30,38021.33276,3642.727428,60,0.109729803,9.512762454,car,self-employed,free,little,moderate,1,0.095807463,60.7121238,Adult,Below_Avg
44,21266.53138,2342.067572,7,0.125197693,0.842651105,vacation,employed,rent,moderate,little,0,0.11012927,334.5810818,Middle,Low
35,6240.783668,3207.237005,6,0.437010737,0.076667445,business,employed,own,moderate,rich,0,0.513915748,534.5395008,Adult,Low
40,20414.81841,1463.328259,6,0.028382083,5.859679767,car,self-employed,rent,little,rich,1,0.07167971,243.8880432,Middle,Low
55,37424.16543,7623.267642,6,0.429545148,0.517430591,furniture,employed,own,rich,little,0,0.203699069,1270.544607,Senior,Below_Avg
42,14088.68103,4600.817044,29,0.449407882,0.613288714,education,employed,rent,little,little,1,0.326561233,158.6488636,Middle,Low
40,18142.59043,1256.184101,22,-0.078144578,6.826202319,business,employed,rent,rich,moderate,0,0.069239512,57.09927733,Middle,Low
23,20169.62922,2520.307184,60,-0.111741342,1.577218383,car,employed,own,little,little,0,0.124955554,42.00511974,Young,Low
48,5168.010411,6433.545996,6,1.252497925,4.95279841,medical,employed,own,moderate,little,1,1.244878683,1072.257666,Middle,Low
47,50801.12544,3183.009599,29,0.152003571,12.46914726,business,retired,own,little,moderate,0,0.062656281,109.7589517,Middle,Below_Avg
65,14035.03749,2814.238058,6,0.148520995,1.902456809,furniture,self-employed,own,moderate,rich,0,0.200515179,469.0396764,Senior,Low
36,28363.76463,4630.063484,42,0.265404552,1.224033548,car,employed,own,rich,little,0,0.163238679,110.2396068,Middle,Below_Avg
42,21092.00699,6469.654774,6,0.312700362,0.56339663,car,self-employed,free,quite_rich,little,0,0.306734906,1078.275796,Middle,Low
42,41307.92,1557.625826,27,0.021401552,0.698968293,furniture,employed,own,little,rich,0,0.03770768,57.6898454,Middle,Below_Avg
58,26984.77403,7631.981468,6,0.35843699,0.321213866,furniture,self-employed,rent,moderate,rich,0,0.282825473,1271.996911,Senior,Low
38,19585.36464,2590.912411,6,0.079100609,0.458616186,business,unemployed,rent,moderate,little,0,0.132288189,431.8187351,Middle,Low
43,14090.30785,4844.78247,21,0.315167311,3.580633891,business,employed,rent,quite_rich,little,0,0.343837943,230.7039271,Middle,Low
47,32824.33207,4777.458012,40,0.212562963,1.934677078,car,self-employed,own,rich,little,0,0.145546237,119.4364503,Middle,Below_Avg
42,8632.412974,3223.900063,26,0.370324937,6.130424325,education,employed,own,little,rich,0,0.373464531,123.9961563,Middle,Low
34,30422.7271,2166.941929,6,0.262105362,10.21040734,car,employed,rent,moderate,moderate,0,0.071227734,361.1569881,Adult,Below_Avg
42,12714.23644,3910.618253,7,0.37696045,7.680314689,furniture,self-employed,rent,little,little,0,0.307577909,558.6597505,Middle,Low
52,41197.86984,18038.51093,6,0.500731956,3.781896848,business,self-employed,own,rich,little,0,0.437850573,3006.418488,Senior,Below_Avg
27,23876.49476,1653.517268,31,0.064302467,0.540388331,furniture,self-employed,rent,rich,little,0,0.069252932,53.33926671,Adult,Low
41,30395.86578,19031.49306,6,0.713596572,6.185361043,vacation,retired,own,quite_rich,rich,0,0.626121105,3171.91551,Middle,Below_Avg
31,22948.19141,3992.700361,42,0.141726806,2.253583908,medical,self-employed,own,moderate,moderate,0,0.173987583,95.06429431,Adult,Low
54,9171.09026,5055.829099,16,0.579516735,0.447711397,education,self-employed,rent,moderate,moderate,0,0.55127896,315.9893187,Senior,Low
21,14323.1934,2060.350413,15,0.052217836,9.24058278,car,self-employed,rent,moderate,little,0,0.143847141,137.3566942,Young,Low
33,30828.49393,2651.774895,32,0.18996115,3.580633891,furniture,employed,own,moderate,rich,0,0.086017011,82.86796548,Adult,Below_Avg
44,23940.525,3286.808394,19,0.166351043,1.231093946,car,employed,own,little,moderate,0,0.137290573,172.9899155,Middle,Low
58,39755.16118,2129.077408,6,0.251806049,10.25726703,education,employed,own,rich,rich,0,0.053554742,354.8462347,Senior,Below_Avg
39,26947.27024,4158.316709,7,0.393542935,11.62077369,vacation,employed,free,little,little,0,0.154313096,594.0452441,Middle,Low
33,13584.01557,3548.879811,6,0.337586049,2.069786604,education,self-employed,own,little,moderate,0,0.261254104,591.4799685,Adult,Low
62,14793.86625,21603.80885,11,1.467164565,2.190985662,business,employed,own,little,little,0,1.460322034,1963.982623,Senior,Low
22,23189.58873,1933.758218,6,-0.011217382,4.333082502,business,employed,own,quite_rich,little,0,0.083389069,322.2930363,Young,Low
18,6925.586129,5335.577543,19,0.860890284,6.61080762,vacation,unemployed,own,moderate,little,0,0.770415304,280.8198707,Young,Low
45,50854.34996,5992.578258,6,0.138866523,0.326156215,car,employed,rent,rich,little,1,0.117838066,998.763043,Middle,Below_Avg
33,27470.648,2087.544056,35,0.129795286,4.498934084,vacation,employed,own,rich,little,0,0.075991802,59.64411588,Adult,Low
27,40681.03525,8513.956153,21,0.38226437,15.26893257,business,employed,rent,little,moderate,0,0.209285631,405.4264835,Adult,Below_Avg
48,9993.578639,3573.634377,39,0.275150732,1.519693472,car,self-employed,own,little,little,1,0.357593061,91.63165069,Middle,Low
42,41039.18333,669.2035532,6,-0.076123963,11.97499413,medical,employed,rent,quite_rich,little,0,0.016306454,111.5339255,Middle,Below_Avg
33,67221.56989,8332.174035,28,0.100308305,14.99552385,medical,retired,own,quite_rich,little,0,0.123950899,297.5776441,Adult,Average
24,11379.40956,2011.120468,38,0.258853403,1.567760102,education,employed,rent,moderate,moderate,1,0.176733288,52.92422285,Young,Low
50,32393.10587,2125.537612,6,0.121103699,7.016223365,vacation,unemployed,own,little,little,1,0.065616975,354.2562686,Middle,Below_Avg
47,22038.69327,8521.278492,60,0.297081954,1.364131561,car,employed,rent,rich,moderate,0,0.386650805,142.0213082,Middle,Low
38,10175.95716,3722.946911,6,0.441512462,6.6896388,furniture,employed,rent,rich,little,0,0.365857172,620.4911519,Middle,Low
62,28182.09105,10241.64695,6,0.243288478,7.983101335,car,employed,rent,little,little,0,0.36340976,1706.941158,Senior,Low
27,33416.38416,12940.70277,9,0.303482057,1.419816337,education,employed,own,little,moderate,1,0.387256225,1437.855863,Adult,Below_Avg
21,16308.41846,2933.810097,6,0.168349707,6.291608964,furniture,employed,free,quite_rich,little,0,0.179895439,488.9683495,Young,Low
31,39456.665,9270.661329,39,0.179614932,8.359347643,car,employed,own,little,rich,0,0.234958057,237.7092648,Adult,Below_Avg
39,9572.199555,2685.524571,6,0.369540544,2.22034526,business,employed,free,little,rich,0,0.280554595,447.5874285,Middle,Low
42,10431.88152,29333.71258,13,2.84056708,0.917828308,car,unemployed,own,moderate,moderate,1,2.811929231,2256.43943,Middle,Low
37,23583.40812,2823.222936,17,0.296268371,0.482359392,car,employed,own,little,little,0,0.119712254,166.0719374,Middle,Low
44,22307.82157,11168.69386,28,0.475944149,4.282823199,furniture,retired,own,little,moderate,0,0.500662686,398.8819237,Middle,Low
24,15393.69449,9653.077165,6,0.614859735,19.10591385,furniture,unemployed,own,little,moderate,0,0.62707995,1608.846194,Young,Low
57,33017.63917,6328.827429,22,0.312718453,8.65662454,furniture,employed,own,little,little,0,0.191680192,287.673974,Senior,Below_Avg
39,28722.81855,2874.302948,6,0.090978285,2.862083699,car,employed,own,rich,little,0,0.100070365,479.0504913,Middle,Below_Avg
53,33828.85906,4354.138305,21,0.278111289,3.846048878,furniture,self-employed,free,moderate,little,1,0.128710764,207.3399193,Senior,Below_Avg
44,20711.23907,877.5461176,45,0.096453348,1.639242836,car,self-employed,rent,little,little,1,0.042370527,19.50102484,Middle,Low
45,29771.00267,5881.317208,6,-0.037726778,0.890049531,furniture,unemployed,own,little,moderate,0,0.197551869,980.2195346,Middle,Below_Avg
46,17626.78411,6500.876317,6,0.486563755,3.289683626,medical,self-employed,own,little,rich,0,0.368806714,1083.479386,Middle,Low
45,61507.18923,5468.7182,14,0.180184535,3.113458181,car,employed,rent,little,little,0,0.088911854,390.6227286,Middle,Average
47,14672.45367,455.4814826,6,0.126176568,3.689990075,business,employed,own,rich,little,0,0.031043307,75.91358043,Middle,Low
55,63110.89618,1785.566202,6,-0.162805319,15.26729271,car,unemployed,rent,little,little,1,0.028292519,297.594367,Senior,Average
42,22414.06569,2701.404802,6,0.054223752,4.630383545,furniture,self-employed,rent,moderate,little,0,0.120522748,450.2341337,Middle,Low
48,11072.77371,6206.343211,11,0.501634353,4.654127212,furniture,unemployed,rent,rich,little,0,0.560504836,564.2130192,Middle,Low
38,43653.54077,6194.834784,6,0.057796966,0.684971266,medical,self-employed,rent,little,little,0,0.141909102,1032.472464,Middle,Below_Avg
57,23457.62062,4289.05182,11,0.357034831,28.25908134,furniture,employed,rent,little,little,0,0.182842578,389.9138018,Senior,Low
31,33710.41265,8169.773216,13,0.241174839,7.410612148,business,retired,own,rich,moderate,0,0.242351623,628.4440935,Adult,Below_Avg
61,40616.43064,2162.469425,23,0.049585153,10.48612748,education,unemployed,own,rich,moderate,0,0.053241247,94.02040976,Senior,Below_Avg
39,26081.40213,8007.933402,52,0.362236985,2.674741345,car,employed,own,rich,rich,0,0.307036154,153.9987193,Middle,Low
22,16381.03558,7185.308138,12,0.495565936,3.487062277,medical,employed,rent,moderate,little,0,0.438635769,598.7756782,Young,Low
41,35877.17896,6647.816848,7,-0.148195526,3.691599474,furniture,employed,own,quite_rich,little,0,0.185293745,949.6881212,Middle,Below_Avg
31,22034.78795,4248.697121,6,0.128181946,1.078944189,car,self-employed,rent,rich,moderate,0,0.1928177,708.1161868,Adult,Low
50,31036.80103,21260.2638,18,0.543722917,5.847682275,furniture,employed,own,moderate,little,0,0.685001775,1181.125766,Middle,Below_Avg
32,7503.573953,7292.170744,51,1.01185694,11.66402183,furniture,employed,own,moderate,moderate,1,0.971826331,142.9837401,Adult,Low
34,27542.64634,2265.00288,26,0.05334697,0.893874178,car,employed,own,little,little,0,0.082236211,87.11549538,Adult,Low
18,16005.81043,5994.780066,6,0.376076496,0.451364943,education,employed,rent,moderate,little,1,0.37453774,999.130011,Young,Low
34,50345.01159,8973.101883,40,-0.029619781,6.701233209,furniture,employed,rent,little,little,0,0.178232194,224.3275471,Adult,Below_Avg
18,30077.83119,3070.24647,23,0.071091501,1.595532313,education,self-employed,rent,little,little,1,0.102076724,133.488977,Young,Below_Avg
20,24833.00447,11747.75923,6,0.58458342,4.889003108,car,unemployed,free,little,little,1,0.473070395,1957.959872,Young,Low
49,28089.60889,6671.679889,22,0.378459109,5.949664763,medical,employed,free,little,little,0,0.237514161,303.2581768,Middle,Low
49,13370.14578,754.4713685,6,0.128315896,1.942381913,car,self-employed,rent,moderate,moderate,0,0.056429554,125.7452281,Middle,Low
45,49594.15908,6246.256366,12,-0.00759911,8.440906836,business,self-employed,own,moderate,little,0,0.12594742,520.5213639,Middle,Below_Avg
28,59616.35387,3551.682367,6,0.185515819,3.992416062,business,employed,own,little,little,0,0.059575639,591.9470612,Adult,Average
39,26808.03018,7553.330355,6,0.354156487,10.16276718,car,employed,own,rich,moderate,0,0.281756261,1258.888393,Middle,Low
39,48786.15216,10460.60811,26,0.202698665,7.20467262,car,employed,free,moderate,little,0,0.214417568,402.331081,Middle,Below_Avg
26,16571.27246,5745.255356,31,0.144196078,10.14661871,car,employed,own,moderate,rich,0,0.34669971,185.3308179,Adult,Low
58,14786.10573,18623.91501,6,1.354914604,0.101836983,car,unemployed,own,little,rich,1,1.259555109,3103.985835,Senior,Low
50,22481.82254,4260.042826,6,0.130271689,1.395305109,car,self-employed,free,rich,rich,0,0.189488322,710.0071377,Middle,Low
37,27377.3284,8101.903058,10,0.33055134,0.471597026,business,employed,own,moderate,little,0,0.295934758,810.1903058,Middle,Low
40,18088.04785,9357.692946,30,0.524180617,2.91772552,furniture,unemployed,rent,rich,little,0,0.517341231,311.9230982,Middle,Low
42,28821.70693,4546.546555,6,0.311586802,11.03456224,education,unemployed,rent,little,moderate,1,0.157747304,757.7577592,Middle,Below_Avg
18,25672.98989,9163.829577,29,0.344407686,3.151239971,car,unemployed,rent,little,little,1,0.356944385,315.9941233,Young,Low
37,13371.04213,3054.165301,46,0.22690504,9.476043881,vacation,employed,rent,little,little,1,0.2284164,66.39489784,Middle,Low
31,28549.55159,3504.998126,14,0.280630477,1.981374127,car,self-employed,rent,little,little,0,0.122768938,250.357009,Adult,Below_Avg
27,33920.13674,1719.878706,6,-0.015118457,2.074321256,furniture,self-employed,rent,little,moderate,0,0.050703767,286.6464511,Adult,Below_Avg
36,23998.21325,5961.797408,6,0.329859005,11.29579551,car,self-employed,own,rich,little,0,0.24842672,993.6329013,Middle,Low
61,39195.76764,6375.395075,6,0.142793619,2.774036867,car,employed,rent,moderate,moderate,0,0.162655191,1062.565846,Senior,Below_Avg
47,11983.64525,12624.70045,6,0.953239977,7.797658233,business,self-employed,rent,little,little,1,1.053494173,2104.116741,Middle,Low
33,27832.93223,9254.933165,30,0.332633459,1.350150925,business,employed,own,rich,moderate,0,0.332517361,308.4977722,Adult,Low
46,12269.35105,3913.406709,6,0.388128433,14.86015976,business,self-employed,own,little,little,0,0.318957922,652.2344515,Middle,Low
56,12619.00539,1914.968113,6,0.287123682,4.273371205,education,self-employed,own,little,little,0,0.151752698,319.1613521,Senior,Low
51,16067.18999,6948.494678,13,0.579934234,3.580633891,medical,employed,rent,moderate,little,0,0.432464836,534.4995906,Senior,Low
40,13752.41753,11951.38605,37,0.83956251,0.468893115,education,employed,own,moderate,little,1,0.869038918,323.0104337,Middle,Low
32,16747.46346,8992.516218,6,0.438223029,3.392911091,furniture,self-employed,rent,moderate,little,0,0.536947953,1498.752703,Adult,Low
48,19789.85763,11702.78375,27,0.559478709,11.56512185,car,employed,own,little,little,1,0.591352599,433.4364352,Middle,Low
44,33475.77236,4148.443054,15,0.005770669,10.47942515,car,employed,own,little,rich,0,0.123923744,276.5628702,Middle,Below_Avg
50,18758.84176,3383.631518,20,0.15863667,0.239725882,education,self-employed,own,quite_rich,moderate,0,0.18037529,169.1815759,Middle,Low
47,9968.517408,2725.695539,35,0.239263855,1.809862392,furniture,unemployed,rent,quite_rich,rich,0,0.273430384,77.8770154,Middle,Low
52,38949.99501,4699.835686,6,0.19341234,2.92882361,education,employed,own,little,rich,0,0.120663319,783.3059477,Senior,Below_Avg
33,14493.49103,4615.277907,13,0.097844455,0.945309999,car,employed,own,moderate,moderate,1,0.318437973,355.0213774,Adult,Low
55,21389.16547,5798.42787,24,0.197731029,6.546635322,vacation,self-employed,free,little,little,0,0.271091823,241.6011612,Senior,Low
42,27536.51589,4431.804136,38,0.088390976,1.019842833,medical,unemployed,rent,little,rich,1,0.160942806,116.6264246,Middle,Low
64,24338.26809,4416.477962,6,0.300175019,2.128132661,furniture,employed,rent,rich,moderate,0,0.181462294,736.0796603,Senior,Low
31,38066.49484,2640.291898,7,-0.042024443,5.442527229,vacation,employed,rent,moderate,rich,0,0.069359995,377.1845569,Adult,Below_Avg
60,27987.17285,10438.9075,6,0.395654732,3.289762657,vacation,employed,rent,rich,moderate,0,0.372988996,1739.817917,Senior,Low
42,14319.03729,5225.022849,32,0.352087587,6.707963453,medical,unemployed,rent,moderate,moderate,0,0.364900429,163.281964,Middle,Low
32,65465.66508,4274.595908,35,0.169599486,16.24769346,furniture,employed,free,moderate,rich,0,0.065295234,122.1313117,Adult,Average
34,24274.13676,2702.83526,11,0.170929484,0.619584163,business,employed,own,little,moderate,0,0.111346298,245.7122964,Adult,Low
36,20462.10436,1693.359173,6,0.09488024,6.181924164,car,employed,own,rich,moderate,0,0.082755866,282.2265289,Middle,Low
45,35666.34163,13993.8238,6,0.336887088,1.309059097,education,employed,own,quite_rich,little,0,0.392353776,2332.303966,Middle,Below_Avg
46,24952.40459,7659.568783,17,0.12173291,2.676246742,business,self-employed,free,moderate,little,0,0.30696716,450.5628696,Middle,Low
33,26892.80604,1340.590846,60,0.074557988,0.167074174,business,employed,rent,little,moderate,0,0.049849422,22.34318077,Adult,Low
39,76580.05929,9049.943925,32,0.171225226,0.730376598,car,employed,own,quite_rich,little,0,0.118176246,282.8107477,Middle,Average
65,19195.65607,10280.30221,28,0.378066813,1.926675092,vacation,employed,rent,little,little,0,0.535553574,367.1536503,Senior,Low
60,18790.74148,5428.949315,9,0.165546767,2.092643877,furniture,employed,rent,moderate,moderate,0,0.288916184,603.2165905,Senior,Low
45,23348.52883,17649.9586,60,0.781167503,11.49222918,car,self-employed,free,little,little,0,0.755934506,294.1659766,Middle,Low
40,37637.56756,5845.197797,31,0.189216389,6.770353995,education,employed,rent,little,little,0,0.15530222,188.5547676,Middle,Below_Avg
41,10370.62931,1582.151926,7,0.05349611,17.91053395,vacation,unemployed,rent,little,little,0,0.152560841,226.0217037,Middle,Low
47,8243.844291,6582.271654,24,0.741040397,4.569860988,medical,employed,own,moderate,rich,0,0.798446868,274.2613189,Middle,Low
27,16423.07053,5978.457326,10,0.180379104,1.383471512,business,employed,own,moderate,little,1,0.364027988,597.8457326,Adult,Low
36,9730.674753,3033.16686,19,0.449438264,1.984918609,car,employed,rent,moderate,moderate,0,0.311711874,159.640361,Middle,Low
19,17811.22804,7776.386658,60,0.306612812,1.927106103,car,unemployed,rent,moderate,rich,1,0.436600252,129.6064443,Young,Low
44,28317.9129,1294.48445,6,0.099938505,1.976294305,car,employed,rent,moderate,little,0,0.045712566,215.7474084,Middle,Below_Avg
47,14109.80985,10855.78571,28,0.765882528,5.588427759,car,self-employed,own,rich,little,1,0.769378597,387.7066325,Middle,Low
34,10792.28398,2434.514513,16,0.354538537,3.783715297,furniture,employed,own,quite_rich,rich,0,0.225579175,152.1571571,Adult,Low
58,22803.48333,2235.104137,53,0.018790499,2.434114848,furniture,employed,own,little,moderate,1,0.098015909,42.17177618,Senior,Low
25,33903.43929,4487.002585,6,0.138471802,0.807243211,car,employed,rent,little,little,1,0.132346531,747.8337642,Young,Below_Avg
22,9438.131269,6949.175806,22,0.566444568,0.111939562,vacation,unemployed,rent,moderate,rich,0,0.736287259,315.8716275,Young,Low
42,33193.72726,5603.458363,6,-0.025041923,1.234842356,education,employed,free,little,moderate,0,0.168810761,933.9097271,Middle,Below_Avg
52,33145.19712,2713.169174,6,0.141490442,0.568483627,business,self-employed,rent,rich,rich,0,0.081857084,452.1948623,Senior,Below_Avg
60,35491.2885,3278.458322,6,-0.086128977,7.695946535,furniture,retired,own,little,little,0,0.092373607,546.4097203,Senior,Below_Avg
34,40507.40628,1985.381016,10,0.026191037,0.596722283,furniture,employed,own,moderate,little,0,0.04901279,198.5381016,Adult,Below_Avg
52,66237.82559,4106.211387,60,0.163121486,6.440908511,furniture,employed,rent,little,moderate,0,0.061991941,68.43685645,Senior,Average
39,18434.03523,11614.58566,6,0.704730516,2.436023127,furniture,employed,own,moderate,little,0,0.63006203,1935.764276,Middle,Low
37,23266.87118,4898.036306,6,0.144056921,0.381049921,education,employed,rent,little,little,1,0.210515469,816.3393843,Middle,Low
50,17886.12915,9774.491898,6,0.387634161,8.376020586,furniture,employed,rent,rich,little,0,0.546484475,1629.081983,Middle,Low
47,22048.24801,15745.67605,9,0.765095846,4.333106798,vacation,self-employed,own,quite_rich,moderate,0,0.71414636,1749.519561,Middle,Low
21,47402.80475,3070.467732,6,0.198999646,1.344376913,medical,self-employed,own,little,little,1,0.064773967,511.744622,Young,Below_Avg
57,11242.90743,4233.318152,60,0.310308524,11.25381547,furniture,self-employed,own,little,little,1,0.376532332,70.55530253,Senior,Low
56,14320.89823,27915.97233,14,1.868985851,0.231572304,car,unemployed,own,moderate,moderate,1,1.949317137,1993.998023,Senior,Low
32,43852.65171,15606.99874,30,0.303406155,1.127103261,medical,employed,rent,moderate,little,0,0.355896351,520.2332912,Adult,Below_Avg
44,36681.1491,1289.585824,26,0.092317508,6.972578879,business,employed,rent,little,little,0,0.035156636,49.59945478,Middle,Below_Avg
45,18369.26518,6699.034248,19,0.487538871,6.178657927,education,employed,free,rich,little,0,0.364687111,352.5807499,Middle,Low
43,33765.70767,4916.97112,42,0.021659579,1.707325256,business,employed,rent,little,little,0,0.14562026,117.0707409,Middle,Below_Avg
33,26123.95324,9520.117677,41,0.214592839,0.320159249,car,employed,own,little,moderate,0,0.36442102,232.1979921,Adult,Low
31,46636.43141,2708.139065,6,0.292068807,3.580633891,car,employed,rent,moderate,little,0,0.058069174,451.3565108,Adult,Below_Avg
39,22862.53439,2510.691023,41,0.09208455,1.882184938,car,self-employed,rent,little,little,1,0.109816829,61.23636642,Middle,Low
54,36783.91944,2861.620718,13,0.103084707,1.088998121,car,retired,own,little,moderate,0,0.077795427,220.1246706,Senior,Below_Avg
46,82537.33003,3110.246191,6,-0.031510181,3.628990563,furniture,employed,free,little,rich,0,0.037682903,518.3743651,Middle,Above_Avg
35,29704.37373,9435.734785,16,0.36665096,12.05236618,car,self-employed,rent,rich,little,0,0.317654729,589.7334241,Adult,Below_Avg
49,22576.48333,1910.344863,6,0.18062267,0.222615937,vacation,self-employed,free,moderate,moderate,0,0.084616582,318.3908106,Middle,Low
18,31609.83207,2986.653713,11,0.124464577,7.257986416,education,employed,free,moderate,little,0,0.09448496,271.5139739,Young,Below_Avg
53,18349.53607,1174.725859,30,0.238105184,4.248691839,furniture,employed,rent,little,little,0,0.064019377,39.15752862,Senior,Low
19,72691.79912,11000.48079,6,0.118655965,2.770833078,car,retired,own,little,little,0,0.151330424,1833.413464,Young,Average
35,24101.64848,13586.39332,6,0.537423954,6.814460593,education,self-employed,rent,moderate,rich,1,0.563712201,2264.398886,Adult,Low
26,19216.66864,3783.259639,56,0.22001449,16.88122028,car,retired,rent,little,little,1,0.196873855,67.55820783,Adult,Low
24,14503.64821,3872.441665,10,0.31349393,1.301672003,business,employed,rent,little,little,0,0.266997766,387.2441665,Young,Low
53,38124.41219,7062.663473,6,0.208047772,0.775365155,vacation,employed,own,moderate,moderate,1,0.185253046,1177.110579,Senior,Below_Avg
34,33982.25333,15987.87028,46,0.342035547,12.20244416,education,employed,own,little,little,1,0.470477049,347.5623973,Adult,Below_Avg
44,17176.93568,6815.049436,43,0.42800735,5.527475769,car,retired,free,rich,little,0,0.396755834,158.4895218,Middle,Low
39,29384.59019,2812.886463,6,0.058309226,2.881142784,business,employed,free,quite_rich,little,0,0.095726585,468.8144104,Middle,Below_Avg
45,10360.15022,1346.066537,8,0.071829617,4.257896717,furniture,employed,own,moderate,rich,0,0.129927318,168.2583172,Middle,Low
40,24160.76433,2014.042126,43,0.086608239,6.844510539,car,employed,rent,quite_rich,little,0,0.083360034,46.83818899,Middle,Low
24,27622.28562,5211.252767,6,0.092508903,3.580633891,furniture,employed,own,rich,rich,0,0.188661172,868.5421279,Young,Low
51,51723.36563,2909.50424,15,-0.057287877,12.62203389,medical,employed,rent,little,little,0,0.056251255,193.9669493,Senior,Below_Avg
34,14981.78784,5744.362194,6,0.121876114,2.782976175,car,self-employed,own,little,little,0,0.38342301,957.393699,Adult,Low
21,11623.95909,3157.8945,24,0.446394897,1.736529922,medical,employed,free,moderate,rich,0,0.271671164,131.5789375,Young,Low
34,14076.83784,2107.974589,6,0.205320867,5.103595449,car,employed,rent,moderate,moderate,0,0.149747735,351.3290981,Adult,Low
58,11290.48653,1916.727713,16,0.158088434,2.686942394,car,employed,own,little,little,0,0.169764847,119.7954821,Senior,Low
50,42973.05966,17152.2323,6,0.332416868,4.514386157,business,employed,own,little,moderate,0,0.399139192,2858.705384,Middle,Below_Avg
35,47777.95633,10008.50189,6,-0.078123739,2.723513452,car,employed,own,moderate,little,0,0.209479489,1668.083648,Adult,Below_Avg
35,25851.0963,19622.15103,6,0.68619233,0.83024805,furniture,employed,rent,moderate,moderate,1,0.759045218,3270.358504,Adult,Low
36,40564.45514,7570.093673,6,0.258205526,3.168986282,car,self-employed,rent,little,moderate,0,0.186618892,1261.682279,Middle,Below_Avg
64,23552.31015,3484.245753,35,0.242153906,5.870740445,furniture,employed,rent,rich,little,0,0.147936475,99.54987866,Senior,Low
44,21003.49594,14167.03035,44,0.738737405,3.580633891,car,employed,rent,quite_rich,rich,0,0.674508205,321.9779626,Middle,Low
45,18647.75776,4786.456273,25,0.272516504,3.399440133,business,employed,rent,rich,little,0,0.256677309,191.4582509,Middle,Low
52,18860.11218,5864.505338,16,0.441334947,0.903042466,business,employed,free,little,little,0,0.310947532,366.5315836,Senior,Low
42,10158.83675,4749.242909,6,0.434644971,2.678048723,medical,employed,rent,little,little,0,0.467498693,791.5404848,Middle,Low
36,25137.78525,465.2042817,6,0.127025068,7.715768537,business,self-employed,own,moderate,rich,0,0.018506176,77.53404695,Middle,Low
37,21586.70824,17743.73917,6,0.783516972,2.662453722,business,self-employed,rent,quite_rich,little,1,0.821975216,2957.289862,Middle,Low
39,31974.06428,7279.395898,27,0.139551512,5.962375676,business,self-employed,own,little,moderate,0,0.227665643,269.6072555,Middle,Below_Avg
39,23080.92386,6398.753269,6,0.176659948,3.538398151,vacation,employed,free,moderate,rich,0,0.277231246,1066.458878,Middle,Low
48,20305.52203,4677.781089,60,0.123920258,1.380237586,car,employed,own,little,moderate,1,0.2303699,77.96301815,Middle,Low
40,14248.4511,5601.234262,28,0.459018603,7.951866709,furniture,self-employed,own,rich,moderate,1,0.3931118,200.0440808,Middle,Low
48,22835.61411,3047.804735,60,0.05919261,0.43985985,business,employed,own,rich,little,0,0.133467168,50.79674558,Middle,Low
39,31860.38334,8048.680805,11,0.149320592,3.72104759,car,employed,rent,quite_rich,moderate,1,0.252623477,731.698255,Middle,Below_Avg
40,12435.74797,1727.311313,16,0.21027239,1.171597819,medical,self-employed,own,moderate,little,0,0.138898868,107.9569571,Middle,Low
18,23011.21252,5703.610909,6,0.280659289,0.34710211,education,employed,free,moderate,rich,0,0.24786225,950.6018181,Young,Low
50,24748.53256,7702.180707,16,0.407476871,3.495161692,furniture,self-employed,own,moderate,little,0,0.311217673,481.3862942,Middle,Low
44,15382.2205,4192.551146,60,0.323818204,3.461359378,business,employed,own,quite_rich,little,1,0.272558253,69.87585243,Middle,Low
51,16416.98662,6612.348958,6,0.32746367,6.136222538,furniture,employed,own,moderate,little,0,0.402774828,1102.05816,Senior,Low
18,24718.45536,2223.710523,6,0.09757179,6.827572686,medical,unemployed,own,little,little,0,0.089961549,370.6184204,Young,Low
65,12497.56983,2269.553927,6,0.194112919,6.505934603,medical,employed,own,moderate,little,0,0.18159962,378.2589879,Senior,Low
38,26237.94325,5939.461174,60,0.134453294,3.580633891,business,employed,own,rich,rich,0,0.22636916,98.99101957,Middle,Low
53,14077.35579,8457.76069,6,0.490343564,4.994148632,car,employed,own,moderate,rich,0,0.600806062,1409.626782,Senior,Low
27,37474.90719,1096.751026,30,-0.038805884,4.301268291,car,employed,own,moderate,moderate,0,0.029266277,36.55836754,Adult,Below_Avg
47,70892.071,7462.281728,6,0.308920808,2.737117451,education,employed,own,rich,little,0,0.105262572,1243.713621,Middle,Average
27,14322.99546,3182.552414,35,0.180924391,4.546733167,vacation,employed,rent,moderate,little,0,0.222198801,90.93006897,Adult,Low
32,28770.44521,4212.262234,12,0.269696031,14.71075628,car,retired,own,little,rich,0,0.146409352,351.0218529,Adult,Below_Avg
62,15315.62836,1683.088304,6,0.063027469,1.071499755,car,unemployed,own,rich,little,0,0.10989352,280.5147174,Senior,Low
37,37066.80436,2486.686071,22,0.155970487,11.81019459,car,self-employed,own,moderate,moderate,1,0.067086605,113.031185,Middle,Below_Avg
42,11700.3121,10645.58212,33,1.000103709,0.274686544,education,unemployed,rent,quite_rich,little,1,0.909854543,322.5933975,Middle,Low
50,28009.34208,5045.695079,11,0.275402342,1.84365964,vacation,employed,own,quite_rich,rich,0,0.180143292,458.6995527,Middle,Low
45,14235.66218,3618.364035,22,0.29295876,1.699406946,car,employed,rent,moderate,little,0,0.254176026,164.4710925,Middle,Low
41,19860.88911,4477.451571,6,0.363177299,4.922380913,car,employed,free,quite_rich,little,0,0.225440641,746.2419286,Middle,Low
44,13154.0814,7268.966928,49,0.590437035,0.70335525,business,self-employed,own,little,moderate,1,0.552601638,148.3462638,Middle,Low
68,33228.89924,6991.116824,6,0.381745643,10.70010433,vacation,employed,own,moderate,little,0,0.21039267,1165.186137,Senior,Below_Avg
39,14494.28659,4628.455007,6,0.157337638,3.580633891,vacation,employed,own,little,moderate,1,0.319329618,771.4091679,Middle,Low
42,29027.01217,11782.46029,6,0.440742269,5.278709771,business,self-employed,own,little,little,0,0.405913644,1963.743382,Middle,Below_Avg
52,18544.91647,10682.58484,6,0.604370804,3.066265482,car,employed,own,rich,moderate,1,0.576038445,1780.430807,Senior,Low
53,20801.15544,6841.057633,9,0.235226748,13.51203394,furniture,employed,own,rich,little,0,0.328878732,760.1175147,Senior,Low
54,23715.35372,5134.251905,11,0.27445327,8.881790056,medical,employed,free,moderate,moderate,0,0.216494848,466.7501732,Senior,Low
47,15049.31365,8315.336635,13,0.403530993,3.45889207,medical,employed,own,little,rich,1,0.552539261,639.6412796,Middle,Low
26,24469.5204,6319.617337,6,0.192846431,6.051184489,education,employed,own,moderate,rich,0,0.258264863,1053.269556,Adult,Low
59,47342.67001,11483.19633,6,0.042646113,4.184278954,business,employed,rent,rich,moderate,0,0.242554895,1913.866056,Senior,Below_Avg
26,14927.38325,10093.5219,29,0.832037554,4.432958707,medical,employed,own,little,moderate,1,0.676174902,348.0524794,Adult,Low
43,39573.10784,2176.333543,29,0.031840315,2.009677244,furniture,employed,own,little,moderate,0,0.054995265,75.04598424,Middle,Below_Avg
30,46585.69584,2061.583103,7,0.260941968,3.100269944,car,employed,rent,rich,little,0,0.044253565,294.5118719,Adult,Below_Avg
39,14645.9995,2804.555573,11,0.271784524,0.406708839,business,retired,own,little,moderate,0,0.191489531,254.9595976,Middle,Low
43,10641.03143,10731.20308,6,1.053283778,2.210764953,medical,employed,rent,little,little,1,1.008473957,1788.533846,Middle,Low
43,25616.20531,1392.634843,31,-0.004257385,5.950818212,business,self-employed,own,rich,little,0,0.054365384,44.92370463,Middle,Low
45,16752.39042,6739.937368,56,0.2976919,15.31107333,vacation,self-employed,rent,moderate,moderate,0,0.402326904,120.3560244,Middle,Low
59,56066.93981,6568.458605,6,0.169451021,16.49285823,furniture,employed,rent,little,moderate,1,0.117153863,1094.743101,Senior,Average
45,22413.16459,12458.00226,27,0.548682748,4.056533713,car,employed,own,rich,little,1,0.555834148,461.407491,Middle,Low
37,14748.5536,5677.526563,7,0.251027773,4.664924687,car,employed,own,rich,moderate,0,0.384954804,811.0752232,Middle,Low
51,12412.01513,1678.125184,6,-0.016484171,1.027262238,medical,self-employed,own,little,rich,0,0.135201671,279.6875307,Senior,Low
54,37985.22243,2281.334896,16,-0.035811888,5.942271017,furniture,employed,rent,moderate,moderate,0,0.060058485,142.583431,Senior,Below_Avg
25,16554.41335,1909.131265,9,0.297421333,0.366396615,car,employed,rent,rich,moderate,0,0.11532461,212.1256961,Young,Low
47,22514.49042,3195.966506,25,0.363279328,1.675166163,medical,employed,own,little,little,0,0.141951536,127.8386602,Middle,Low
48,35521.78228,4245.771163,24,0.140024763,5.518576645,furniture,employed,rent,moderate,rich,0,0.119525848,176.9071318,Middle,Below_Avg
36,17289.77947,1934.582421,52,0.126785957,1.857566242,vacation,employed,rent,little,little,1,0.111891677,37.20350809,Middle,Low
56,21526.40469,15939.08571,10,0.706811429,0.255660611,education,unemployed,free,little,rich,1,0.740443467,1593.908571,Senior,Low
38,21844.74777,1702.366979,11,-0.01551827,8.91510112,car,employed,own,little,rich,0,0.077930265,154.7606345,Middle,Low
41,30997.51304,14427.37524,9,0.602954446,1.857710335,education,employed,rent,moderate,moderate,0,0.465436541,1603.041693,Middle,Below_Avg
37,29595.33918,12684.42859,6,0.615953119,3.580633891,medical,self-employed,own,little,rich,0,0.42859548,2114.071432,Middle,Below_Avg
40,19730.93789,10083.36222,18,0.421701321,0.388662782,car,self-employed,rent,little,little,0,0.511043229,560.1867901,Middle,Low
26,22738.72122,2821.394976,31,0.115795038,1.450149457,vacation,employed,own,little,rich,0,0.124078876,91.01274116,Adult,Low
22,18290.01377,6463.722721,6,0.308415112,0.980171423,car,employed,own,rich,moderate,0,0.353401742,1077.28712,Young,Low
59,10521.6866,1768.882187,60,0.126093834,7.442745585,furniture,employed,rent,moderate,little,0,0.168117741,29.48136978,Senior,Low
29,25054.29199,10185.55305,20,0.525130075,1.940710459,furniture,employed,rent,little,little,1,0.406539249,509.2776527,Adult,Low
28,56732.12345,4632.315707,27,-0.049543725,8.165984297,vacation,employed,own,quite_rich,moderate,1,0.081652429,171.5672484,Adult,Average
18,14159.49113,3542.343626,60,0.29682147,0.954870398,education,employed,rent,rich,rich,1,0.250174501,59.03906043,Young,Low
32,14965.23533,1846.420396,12,0.196204456,3.395029996,furniture,employed,own,moderate,rich,0,0.123380646,153.8683663,Adult,Low
24,14251.76609,677.2192699,6,0.033303153,5.82435558,vacation,unemployed,own,moderate,rich,1,0.04751827,112.8698783,Young,Low
59,31643.74853,2141.297675,28,0.156975683,5.277632588,car,employed,own,little,little,0,0.067668901,76.47491696,Senior,Below_Avg
52,27563.36258,11970.95474,36,0.449071946,4.595591252,car,employed,own,quite_rich,little,0,0.434306762,332.5265206,Senior,Low
31,20347.86261,3560.774147,6,0.296707989,12.93945675,car,retired,rent,little,moderate,0,0.174994997,593.4623578,Adult,Low
67,13918.72687,4292.123657,6,0.15614989,1.297256018,business,self-employed,own,moderate,moderate,0,0.30837042,715.3539428,Senior,Low
51,23067.69415,8303.592128,6,0.325088757,3.403319159,education,employed,own,moderate,little,0,0.359966283,1383.932021,Senior,Low
36,10073.75631,20838.03293,7,2.061365143,10.77050433,vacation,employed,free,quite_rich,moderate,0,2.068546457,2976.861848,Middle,Low
18,23664.07332,14185.89903,46,0.332249134,0.405474202,furniture,retired,own,little,moderate,0,0.599469873,308.3891093,Young,Low
67,34056.02335,2257.768007,6,-0.04229957,0.2875538,car,employed,rent,moderate,moderate,0,0.066295703,376.2946679,Senior,Below_Avg
23,11782.8508,1038.926807,29,0.006812863,1.32831336,vacation,self-employed,rent,rich,moderate,0,0.088172788,35.82506231,Young,Low
20,10236.76429,32457.64888,34,3.265514772,5.012256258,car,unemployed,own,little,moderate,1,3.170694172,954.6367319,Young,Low
52,48519.39752,30187.80426,29,0.551495779,1.504712195,medical,employed,own,little,little,1,0.622180114,1040.958768,Senior,Below_Avg
69,16221.94413,5714.504536,6,0.270462118,1.05508614,car,self-employed,rent,little,rich,0,0.352270017,952.4174227,Senior,Low
56,38869.8406,1778.649066,20,0.127507682,3.069853304,car,retired,rent,little,little,0,0.045759104,88.93245331,Senior,Below_Avg
46,20394.105,10620.92326,55,0.35899292,4.754385893,furniture,self-employed,rent,little,moderate,1,0.520783985,193.1076957,Middle,Low
47,20313.1267,4508.018826,6,0.014801981,1.428804309,car,employed,rent,moderate,little,0,0.221926387,751.3364709,Middle,Low
50,27424.89207,4490.031972,6,0.127561814,1.788314207,car,unemployed,free,rich,moderate,0,0.163721044,748.3386621,Middle,Low
49,14157.51095,10052.40386,37,0.565269661,4.753884317,furniture,employed,own,quite_rich,rich,1,0.710040338,271.6865907,Middle,Low
43,23535.10868,6422.095835,18,0.131905076,14.56969445,car,self-employed,rent,moderate,little,0,0.272873005,356.783102,Middle,Low
41,18201.42729,1903.306796,18,0.161912475,5.615678637,car,employed,own,little,rich,1,0.104569096,105.7392664,Middle,Low
39,11381.59981,3790.322747,60,0.42061935,7.637081442,car,employed,own,rich,little,0,0.333021966,63.17204578,Middle,Low
30,26075.22835,8340.866134,26,0.398763434,2.284924468,furniture,employed,own,rich,little,0,0.319877012,320.8025436,Adult,Low
36,19309.37671,7392.356041,9,0.493715297,1.589018433,furniture,employed,own,moderate,rich,0,0.382837631,821.3728935,Middle,Low
19,20363.2602,6060.89804,10,0.421752316,3.028133978,car,employed,rent,little,moderate,0,0.297638884,606.089804,Young,Low
38,12027.1218,10370.68509,6,0.649415866,8.228767793,education,employed,own,quite_rich,little,1,0.862274887,1728.447515,Middle,Low
28,48810.47322,3679.846836,6,0.120431714,3.04678498,business,employed,own,little,rich,0,0.075390518,613.3078061,Adult,Below_Avg
26,34144.51008,5669.951371,10,0.113096662,9.377621262,business,employed,own,little,moderate,0,0.166057482,566.9951371,Adult,Below_Avg
42,35670.45172,330.1465741,6,-0.065486961,22.44671451,furniture,unemployed,own,rich,little,1,0.009255464,55.02442902,Middle,Below_Avg
56,18906.81369,3429.877568,44,0.237451066,0.373761406,car,self-employed,rent,moderate,rich,0,0.181409603,77.9517629,Senior,Low
51,9278.067451,9055.452368,6,0.802976761,0.232367568,furniture,employed,rent,little,little,1,0.976006309,1509.242061,Senior,Low
21,58481.08755,3596.384903,15,-0.113614314,0.810181718,vacation,employed,rent,moderate,little,1,0.061496546,239.7589935,Young,Average
28,21363.75869,3384.691645,26,0.221788742,2.425543093,furniture,employed,rent,rich,rich,0,0.158431468,130.1804479,Adult,Low
51,15147.64119,2136.314952,23,0.189811448,0.702303635,car,employed,rent,rich,moderate,0,0.141032846,92.88325878,Senior,Low
28,27130.146,10967.51186,18,0.417928807,10.22672651,car,self-employed,own,little,moderate,0,0.404255541,609.3062143,Adult,Low
37,39480.43035,7621.82117,9,0.105061803,0.117091661,medical,self-employed,rent,little,rich,0,0.193053143,846.8690189,Middle,Below_Avg
46,21774.06196,9512.211548,45,0.511242727,1.897471805,business,employed,own,moderate,rich,1,0.436859763,211.3824788,Middle,Low
28,41743.02222,1235.250213,7,0.097622066,1.020962741,furniture,self-employed,free,rich,little,0,0.029591777,176.4643162,Adult,Below_Avg
41,37854.30418,4322.719363,24,0.122724054,13.40747931,car,self-employed,free,little,rich,1,0.114193602,180.1133068,Middle,Below_Avg
23,12859.1308,3928.100261,47,0.187739574,5.535455737,vacation,employed,free,moderate,little,1,0.305471678,83.57660129,Young,Low
32,15726.53901,3926.652791,6,0.207158378,12.15381173,car,employed,own,little,little,0,0.249683213,654.4421318,Adult,Low
43,35552.60045,3002.432178,52,0.168233792,17.93679938,education,employed,own,little,rich,1,0.084450424,57.73908034,Middle,Below_Avg
20,5674.250244,3726.096994,26,0.789386846,3.436802217,business,employed,rent,rich,moderate,1,0.656667724,143.3114229,Young,Low
45,20440.47236,9698.396351,17,0.441816605,1.334948931,furniture,employed,rent,little,little,0,0.474470266,570.493903,Middle,Low
39,10770.69608,1063.923658,8,0.073812174,1.076675498,car,employed,rent,rich,moderate,0,0.098779471,132.9904572,Middle,Low
46,17356.51292,20370.35251,42,1.15747424,1.261052545,car,employed,own,little,moderate,1,1.173643151,485.0083931,Middle,Low
42,18969.54269,7237.802376,6,0.409037897,6.165177096,medical,employed,rent,little,little,0,0.381548596,1206.300396,Middle,Low
56,18414.20784,4751.114416,10,0.199906781,0.206432012,education,employed,rent,quite_rich,rich,0,0.258013511,475.1114416,Senior,Low
41,16711.78393,10152.41936,25,0.31808213,0.263635151,vacation,employed,own,moderate,rich,0,0.607500636,406.0967746,Middle,Low
34,12726.32772,1538.452321,30,0.240164273,4.684290773,education,employed,rent,moderate,moderate,0,0.120887373,51.28174404,Adult,Low
41,69283.05463,2887.768322,6,0.221149625,5.136909665,medical,employed,own,rich,moderate,0,0.04168073,481.2947203,Middle,Average
46,56034.95672,4461.05094,6,0.018371942,5.47204952,medical,employed,rent,little,little,1,0.079611928,743.50849,Middle,Average
40,12319.85035,14653.70226,29,1.082772996,2.325124256,furniture,self-employed,own,moderate,rich,0,1.189438333,505.3000778,Middle,Low
40,48584.42939,4735.311239,9,0.083755562,8.198065407,furniture,self-employed,rent,little,little,0,0.097465614,526.1456933,Middle,Below_Avg
31,18038.56518,7044.790855,6,0.371790144,3.813821817,education,employed,own,rich,little,1,0.390540533,1174.131809,Adult,Low
32,23496.19417,3066.637009,6,0.230068187,0.557259765,business,employed,own,moderate,rich,0,0.130516329,511.1061681,Adult,Low
23,21340.52273,7255.199442,18,0.345436846,7.975193085,furniture,self-employed,rent,little,rich,0,0.339972902,403.0666356,Young,Low
60,15837.33933,18803.37538,15,1.108018926,15.2952549,vacation,self-employed,own,rich,moderate,0,1.187281209,1253.558359,Senior,Low
25,36023.47801,10898.94586,34,0.170710237,0.309570177,car,employed,rent,moderate,little,0,0.302551182,320.5572311,Young,Below_Avg
31,23457.44636,4604.711096,6,0.282864031,2.482570443,furniture,self-employed,own,moderate,little,0,0.196300613,767.4518494,Adult,Low
31,17356.53356,8437.089463,36,0.546055647,3.342429377,business,employed,rent,little,little,0,0.486104523,234.3635962,Adult,Low
50,11472.46709,7801.049568,39,0.786036109,0.791877392,car,employed,own,quite_rich,moderate,1,0.679980121,200.026912,Middle,Low
36,14089.74481,7370.716046,10,0.426307623,10.11375421,furniture,retired,rent,quite_rich,moderate,0,0.523126298,737.0716046,Middle,Low
54,9694.460726,11962.86669,6,1.417833597,1.671420676,medical,employed,own,moderate,moderate,1,1.233989907,1993.811115,Senior,Low
31,22161.49881,11891.53597,52,0.362215916,7.639486404,education,unemployed,own,moderate,moderate,0,0.536585367,228.6833841,Adult,Low
43,12108.55133,4439.393835,6,0.437593047,5.558403782,medical,employed,rent,little,moderate,0,0.366632945,739.8989725,Middle,Low
29,19287.63978,8213.243974,16,0.234871118,4.557085915,business,employed,own,little,rich,0,0.425829395,513.3277484,Adult,Low
65,43697.70781,3617.447925,12,0.003750333,1.066850145,business,employed,free,moderate,moderate,0,0.082783471,301.4539937,Senior,Below_Avg
25,40120.78413,2348.523432,32,0.214638622,1.246818579,education,self-employed,own,little,rich,1,0.058536329,73.39135726,Young,Below_Avg
43,21673.84587,3961.606863,12,0.265919254,0.242530148,car,employed,free,quite_rich,rich,0,0.182782829,330.1339053,Middle,Low
47,21087.96203,4623.824607,11,0.16464166,1.376873465,education,self-employed,rent,little,little,0,0.219263701,420.3476915,Middle,Low
44,56383.80634,1300.800611,38,-0.02881324,2.118987696,car,self-employed,rent,rich,rich,0,0.023070465,34.23159503,Middle,Average
37,28577.5882,9781.675306,59,0.352347055,8.953159642,medical,employed,own,little,little,1,0.342284844,165.7911069,Middle,Below_Avg
38,18696.5963,537.0760271,14,0.080139971,2.281629323,car,employed,own,little,rich,0,0.028725872,38.36257336,Middle,Low
40,10796.64743,43124.80151,10,4.119435032,7.024772575,car,employed,own,moderate,moderate,0,3.994277094,4312.480151,Middle,Low
38,26820.8972,16342.15602,32,0.563683436,2.894115323,education,self-employed,rent,rich,moderate,0,0.609306836,510.6923756,Middle,Low
51,33344.95903,3988.589827,32,-0.04156253,7.68252468,education,unemployed,rent,rich,little,0,0.119615976,124.6434321,Senior,Below_Avg
66,16061.4013,4951.971645,6,0.324011907,18.70541327,car,employed,rent,little,little,0,0.308315044,825.3286076,Senior,Low
33,25478.78381,6262.767749,15,0.200060162,1.371141956,car,employed,rent,little,little,0,0.245803245,417.51785,Adult,Low
23,18365.20926,3067.664156,6,0.036973341,9.914900559,vacation,employed,own,rich,rich,1,0.167036711,511.2773593,Young,Low
38,20090.12742,5733.579551,18,0.315159783,4.861979057,furniture,employed,own,rich,little,0,0.285392891,318.5321973,Middle,Low
70,6349.23093,4379.982543,32,0.668533204,8.499392036,car,employed,own,rich,moderate,1,0.68984458,136.8744545,Senior,Low
30,19714.49238,4557.738453,6,0.261838429,5.271817853,furniture,self-employed,rent,little,rich,0,0.231187208,759.6230755,Adult,Low
59,35763.5555,5682.626693,7,0.069449924,2.757799806,car,retired,own,rich,little,0,0.158894344,811.8038133,Senior,Below_Avg
60,16063.40082,1718.449589,10,0.155650242,1.294339027,car,self-employed,rent,little,moderate,0,0.106979189,171.8449589,Senior,Low
33,22612.61429,5072.838386,33,0.092626841,0.363042851,medical,employed,own,moderate,little,0,0.224336661,153.7223753,Adult,Low
46,15093.57819,5601.323552,23,0.288333267,3.834166287,furniture,employed,own,little,little,0,0.371106406,243.5358066,Middle,Low
59,26376.29155,5448.413242,6,0.182273371,23.19161588,car,employed,rent,little,rich,0,0.206564794,908.0688737,Senior,Low
35,19766.39201,4135.383697,6,0.383394716,6.697851745,medical,employed,own,moderate,moderate,0,0.209212875,689.2306162,Adult,Low
37,13771.81277,12213.3662,21,0.965320486,1.982617578,business,employed,own,little,little,0,0.886837949,581.5888664,Middle,Low
33,42884.92883,3703.664286,11,0.194082091,8.778241006,car,employed,rent,moderate,moderate,1,0.086362841,336.6967533,Adult,Below_Avg
27,35047.72583,5895.005379,16,0.309907073,7.326341538,furniture,self-employed,own,rich,rich,0,0.168199369,368.4378362,Adult,Below_Avg
32,16277.62294,13874.91798,18,1.212675361,1.653892935,vacation,employed,own,quite_rich,little,1,0.852392148,770.8287766,Adult,Low
25,28251.28309,4612.379152,14,0.16742155,0.072054144,furniture,unemployed,rent,little,little,0,0.163262643,329.4556537,Young,Below_Avg
40,28816.57442,5834.656149,17,0.344515795,0.628738187,education,employed,rent,little,rich,0,0.202475702,343.2150676,Middle,Below_Avg
30,30368.17966,4550.044495,39,0.251092871,10.4903169,education,employed,own,moderate,rich,0,0.149829346,116.6678076,Adult,Below_Avg
42,9441.518007,13225.41763,36,1.500375628,9.0566395,furniture,employed,rent,little,moderate,1,1.400772378,367.3727119,Middle,Low
21,36435.66095,3999.082948,6,0.287181349,1.749269876,education,employed,rent,little,little,1,0.109757387,666.5138246,Young,Below_Avg
43,16566.70966,13721.01203,15,0.78629665,1.678730486,furniture,retired,own,moderate,moderate,0,0.828227953,914.7341355,Middle,Low
50,18418.04249,4523.899781,10,0.195754765,7.871922311,car,employed,rent,moderate,moderate,0,0.245623268,452.3899781,Middle,Low
18,82367.05979,2471.133475,6,0.061978029,13.88197739,vacation,unemployed,rent,rich,little,1,0.030001477,411.8555792,Young,Above_Avg
44,25615.08438,8463.334606,17,0.312134346,7.551069209,car,employed,own,quite_rich,moderate,0,0.330404323,497.8432121,Middle,Low
54,18157.49609,3851.683995,12,0.24397647,4.651677967,furniture,employed,rent,rich,moderate,0,0.212126384,320.9736663,Senior,Low
25,7312.590106,8073.971078,26,1.26039407,1.389789861,education,employed,rent,little,little,1,1.104119192,310.5373492,Young,Low
60,44129.42476,553.6188713,6,-0.035269327,3.730081359,business,unemployed,free,rich,little,1,0.012545345,92.26981188,Senior,Below_Avg
45,11241.81025,4935.277639,6,0.40854304,1.329680259,furniture,employed,rent,moderate,little,0,0.439010936,822.5462732,Middle,Low
31,13336.77516,3402.670219,6,0.272565507,8.251596942,business,retired,own,moderate,moderate,0,0.255134407,567.1117032,Adult,Low
39,18663.4781,2099.370991,24,0.089653675,2.446634266,car,employed,own,quite_rich,moderate,0,0.112485517,87.47379129,Middle,Low
46,44721.33214,3157.093796,43,-0.120805776,8.96972579,business,employed,rent,rich,moderate,1,0.070594807,73.42078595,Middle,Below_Avg
40,32422.89193,3105.833774,15,0.037778622,2.40317344,vacation,self-employed,rent,moderate,little,0,0.095791387,207.0555849,Middle,Below_Avg
46,20354.98746,4729.673086,17,0.301096744,8.690602688,vacation,employed,own,little,little,0,0.23235942,278.2160639,Middle,Low
28,25697.42399,1646.058351,6,0.207810059,2.027209156,education,employed,own,rich,moderate,0,0.064055384,274.3430585,Adult,Low
42,16314.46071,6329.769017,12,0.272523326,2.900277479,furniture,self-employed,rent,rich,rich,0,0.387985183,527.4807514,Middle,Low
23,23619.47458,14661.37595,13,0.504804279,4.778906859,car,employed,rent,little,moderate,1,0.620732519,1127.79815,Young,Low
38,22849.13117,6153.293818,6,0.272324378,0.364400015,furniture,employed,own,little,moderate,0,0.269300998,1025.54897,Middle,Low
29,35752.83865,9388.031266,27,0.055021917,14.80250734,education,employed,rent,little,rich,0,0.262581423,347.7048617,Adult,Below_Avg
31,35724.39477,11797.58306,6,0.28574183,4.26195488,car,employed,own,little,little,0,0.33023885,1966.263843,Adult,Below_Avg
54,28197.50255,13216.10723,23,0.295093588,3.544554028,medical,employed,own,moderate,moderate,0,0.468697794,574.613358,Senior,Low
53,18376.46817,21940.97022,9,1.330877138,9.144004692,vacation,employed,own,little,little,0,1.193971008,2437.88558,Senior,Low
47,31917.54531,3296.57194,60,0.026350891,10.04073186,car,self-employed,rent,quite_rich,rich,0,0.103284006,54.94286566,Middle,Below_Avg
26,21036.53079,2766.152963,6,0.296776248,3.693447371,education,employed,rent,rich,moderate,0,0.13149283,461.0254938,Adult,Low
36,12823.60402,9198.286711,6,0.82864555,13.10447907,business,self-employed,own,little,little,0,0.717293414,1533.047785,Middle,Low
54,18004.12368,8661.238245,60,0.416437963,0.334641625,car,employed,own,little,little,1,0.481069693,144.3539707,Senior,Low
41,22977.33311,9141.138689,6,0.29063692,0.600824431,education,employed,rent,little,little,0,0.397832884,1523.523115,Middle,Low
67,34721.27505,22279.58269,18,0.62231491,4.541466856,furniture,employed,own,little,little,1,0.641669485,1237.754594,Senior,Below_Avg
44,20095.19305,4959.677151,8,0.236344469,2.185288668,car,self-employed,rent,little,little,0,0.246809132,619.9596439,Middle,Low
42,12032.90963,6911.384426,18,0.608988195,3.120206462,education,self-employed,rent,moderate,rich,1,0.5743735,383.9658014,Middle,Low
36,22660.3242,2243.268872,16,0.021341116,1.988074146,medical,employed,own,quite_rich,little,0,0.098995445,140.2043045,Middle,Low
41,23312.10471,27126.24258,22,1.238251393,2.593661593,furniture,employed,own,quite_rich,moderate,1,1.163611905,1233.011026,Middle,Low
38,24171.24094,3754.701485,6,0.181870361,8.648047506,education,self-employed,rent,rich,little,0,0.155337556,625.7835808,Middle,Low
48,34889.31002,3840.766586,32,0.076044822,4.500564014,furniture,unemployed,rent,moderate,moderate,1,0.110084338,120.0239558,Middle,Below_Avg
51,36660.73682,3724.172979,11,0.030380717,29.65570439,vacation,self-employed,own,rich,moderate,1,0.101584783,338.5611799,Senior,Below_Avg
30,16364.90798,2933.886616,13,0.160790641,7.729480638,vacation,employed,rent,moderate,little,0,0.179279139,225.6835858,Adult,Low
24,16186.42604,2742.020567,9,0.087712346,1.598728323,car,employed,own,little,rich,1,0.169402471,304.6689519,Young,Low
18,13093.8855,3232.58231,60,0.252721109,1.534970901,vacation,self-employed,own,moderate,moderate,1,0.24687724,53.87637184,Young,Low
46,31238.53898,1648.075063,29,0.06130162,2.046599668,car,employed,rent,quite_rich,rich,1,0.052757751,56.8301746,Middle,Below_Avg
26,45451.90687,2622.138968,6,0.083861135,9.265817919,car,employed,rent,little,little,0,0.057690406,437.0231614,Adult,Below_Avg
18,18815.92822,23369.1134,27,1.41860992,0.138334366,business,employed,own,little,little,1,1.241985679,865.5227184,Young,Low
44,19521.7541,8853.110232,10,0.440255259,1.308001095,furniture,employed,own,little,rich,1,0.453499731,885.3110232,Middle,Low
69,45861.95927,10308.49242,36,0.325231964,11.76510011,education,retired,rent,little,rich,1,0.224772177,286.3470117,Senior,Below_Avg
39,28361.24633,12603.96883,6,0.467366883,5.106818057,business,unemployed,rent,little,rich,0,0.444408144,2100.661472,Middle,Below_Avg
50,27395.05639,21318.0125,7,0.754345623,1.286392217,car,employed,rent,little,moderate,1,0.778170054,3045.430357,Middle,Low
40,12143.40796,1191.373305,10,0.086192718,1.236828826,car,employed,own,quite_rich,moderate,0,0.098108645,119.1373305,Middle,Low
38,30926.3557,1837.375563,24,0.053528677,9.924953264,furniture,self-employed,rent,little,rich,0,0.059411318,76.55731511,Middle,Below_Avg
51,13841.57232,2583.811908,6,0.214647176,11.2101557,car,employed,own,quite_rich,little,0,0.186670405,430.635318,Senior,Low
36,12493.82632,3375.221271,6,0.174219051,1.479452286,car,employed,rent,little,moderate,0,0.270151128,562.5368784,Middle,Low
43,18520.14267,3864.333447,23,0.062121668,2.728037453,car,employed,own,little,rich,1,0.208655706,168.0144977,Middle,Low
43,16433.93426,3437.218878,6,0.274583483,8.996813663,vacation,employed,rent,little,little,0,0.209153744,572.869813,Middle,Low
31,19716.28362,5857.318187,6,0.386892619,7.370328795,medical,employed,free,quite_rich,little,0,0.297080236,976.2196978,Adult,Low
51,10716.17094,5055.521608,25,0.546329257,8.407788335,car,employed,rent,little,little,1,0.471765674,202.2208643,Senior,Low
37,35575.34616,2756.541695,37,0.092981808,3.653188142,car,employed,rent,moderate,rich,1,0.077484606,74.50112688,Middle,Below_Avg
30,38709.60917,862.2635604,23,0.098997644,12.12653549,business,unemployed,rent,little,moderate,0,0.022275181,37.48972002,Adult,Below_Avg
46,8319.261459,2220.982702,13,0.338311637,1.972266387,medical,unemployed,free,little,moderate,1,0.266968734,170.8448233,Middle,Low
29,35926.44392,3167.218628,6,0.166921359,0.851997347,car,self-employed,rent,little,rich,0,0.088158423,527.8697714,Adult,Below_Avg
40,14687.25934,4033.284964,31,0.188657053,6.167563076,vacation,employed,rent,rich,little,0,0.274611136,130.1059666,Middle,Low
39,33809.18427,1990.748609,6,-0.050813291,3.87563165,education,employed,rent,little,rich,1,0.058881888,331.7914349,Middle,Below_Avg
53,21285.40177,3318.787641,8,0.117061562,9.640844213,medical,self-employed,own,little,little,0,0.155918487,414.8484551,Senior,Low
45,22345.66859,1988.647601,6,0.087256357,0.423212284,car,unemployed,own,little,moderate,1,0.088994768,331.4412668,Middle,Low
39,20079.42977,4444.152734,22,0.19713652,9.279647201,medical,employed,own,moderate,little,0,0.221328633,202.0069425,Middle,Low
49,40378.97881,2082.921881,12,-0.13608472,1.735707327,furniture,employed,own,moderate,little,0,0.051584313,173.5768234,Middle,Below_Avg
56,11851.45583,2492.088206,42,0.38244623,5.318962967,medical,employed,rent,quite_rich,little,1,0.210276969,59.33543347,Senior,Low
46,29849.40451,1725.121385,6,0.030389565,0.204780794,furniture,employed,own,moderate,little,1,0.057794164,287.5202309,Middle,Below_Avg
40,38202.8379,4346.818354,30,0.131053045,4.702677583,education,employed,own,little,rich,0,0.113782603,144.8939451,Middle,Below_Avg
24,31513.46016,2457.357302,12,0.202432921,6.316344375,vacation,retired,own,moderate,moderate,0,0.077978022,204.7797752,Young,Below_Avg
27,70428.23008,10152.01425,8,-0.090350281,2.300268191,business,employed,own,moderate,little,1,0.144146946,1269.001782,Adult,Average
36,16907.7372,6800.015791,18,0.351014282,1.212974448,education,employed,own,rich,rich,0,0.40218367,377.7786551,Middle,Low
32,35548.47053,4647.657022,28,0.092029679,3.85695653,furniture,retired,free,quite_rich,little,0,0.130741406,165.9877508,Adult,Below_Avg
37,20888.51327,2596.73873,10,0.090683191,8.954523306,business,employed,rent,rich,rich,0,0.124314196,259.673873,Middle,Low
40,40810.84109,6663.607238,6,0.145931662,1.954464193,medical,unemployed,own,little,rich,0,0.163280321,1110.601206,Middle,Below_Avg
46,21941.94766,8540.379395,44,0.533939611,1.454899505,car,employed,own,little,little,1,0.389226131,194.0995317,Middle,Low
39,18143.39949,5509.067939,6,0.370986225,1.635132106,education,retired,rent,quite_rich,little,0,0.303640337,918.1779898,Middle,Low
45,42320.89023,17729.07958,60,0.514723816,14.89262121,vacation,employed,rent,little,moderate,0,0.418920289,295.4846596,Middle,Below_Avg
40,17226.75591,7099.004589,26,0.416803812,2.225789606,business,retired,own,rich,rich,1,0.412091785,273.038638,Middle,Low
18,10868.64286,10207.57912,20,0.79923967,0.018053754,vacation,employed,own,quite_rich,little,0,0.939176974,510.3789559,Young,Low
28,17010.33804,5469.006941,6,0.11354107,7.608994678,vacation,employed,own,moderate,little,0,0.321510773,911.5011568,Adult,Low
38,30016.91915,8438.261328,10,0.128176063,6.007791863,business,employed,own,moderate,rich,0,0.281116836,843.8261328,Middle,Below_Avg
25,44179.64209,2598.202175,12,0.094786512,0.688088735,business,employed,own,moderate,moderate,0,0.058809942,216.516848,Young,Below_Avg
47,23285.00075,3405.957249,8,0.149449556,20.96670987,medical,employed,rent,little,little,1,0.146272585,425.7446561,Middle,Low
58,42578.23702,6499.567029,6,0.131633615,4.683261715,vacation,retired,rent,moderate,rich,0,0.15264998,1083.261172,Senior,Below_Avg
54,11169.16951,6461.905907,8,0.541690777,3.473536895,vacation,employed,own,little,rich,0,0.578548468,807.7382383,Senior,Low
37,17647.83281,7376.757503,6,0.619170083,2.408108432,car,self-employed,rent,little,little,1,0.417997926,1229.459584,Middle,Low
57,19066.96321,11852.73965,6,0.539347157,11.44699978,car,employed,free,moderate,little,0,0.621637516,1975.456608,Senior,Low
41,20800.25003,1571.872814,6,0.168351846,1.398327995,education,self-employed,rent,moderate,moderate,0,0.0755699,261.9788023,Middle,Low
35,22972.3637,2253.946507,25,0.098306861,1.682743499,business,employed,rent,little,little,0,0.098115568,90.15786029,Adult,Low
32,31115.3168,5905.610515,20,0.183703587,0.65288342,furniture,retired,free,rich,little,0,0.189797538,295.2805258,Adult,Below_Avg
36,17634.21946,2753.172314,50,0.273790445,7.117263201,car,employed,own,little,rich,1,0.15612669,55.06344628,Middle,Low
35,23612.09462,73292.57546,8,3.250279879,4.526126902,furniture,employed,own,little,rich,1,3.104026841,9161.571933,Adult,Low
42,21535.08091,7424.760411,27,0.320820188,4.696084821,business,employed,free,little,little,1,0.344775134,274.9911264,Middle,Low
41,13864.05846,4616.237789,15,0.412884663,1.232511468,vacation,self-employed,own,moderate,moderate,0,0.332964391,307.7491859,Middle,Low
40,20809.53669,3253.948892,18,0.192757293,5.265829818,medical,self-employed,rent,rich,little,0,0.156368157,180.7749385,Middle,Low
45,20499.79643,3347.168935,14,0.164021869,7.250612548,furniture,self-employed,rent,little,little,1,0.163278155,239.0834953,Middle,Low
54,20281.40464,5034.716658,27,0.268668491,2.214966811,furniture,employed,own,moderate,little,0,0.248242996,186.4709873,Senior,Low
51,22379.03201,5375.385364,6,0.171396521,8.080982098,furniture,employed,rent,moderate,little,0,0.240197403,895.8975607,Senior,Low
22,22875.84365,3410.59037,6,0.118481409,2.144620059,furniture,unemployed,rent,rich,moderate,0,0.149091348,568.4317283,Young,Low
18,17744.88191,3950.029012,6,0.164537503,7.096949358,business,employed,own,moderate,rich,0,0.222601031,658.3381687,Young,Low
51,41620.88514,14406.39754,6,0.436271529,0.17156046,furniture,employed,own,rich,little,0,0.346133858,2401.066256,Senior,Below_Avg
23,12274.26024,14877.48046,16,1.202567637,4.005495271,car,self-employed,rent,little,moderate,0,1.212087748,929.8425287,Young,Low
37,15359.89154,6012.688011,18,0.261682404,17.45449908,furniture,employed,own,rich,little,0,0.391453806,334.0382228,Middle,Low
25,88431.34897,1680.74465,22,-0.053337514,19.88136802,car,self-employed,own,moderate,moderate,0,0.019006208,76.39748409,Young,Above_Avg
18,13108.34491,7561.331102,6,0.256906931,1.654705854,car,employed,own,moderate,little,0,0.576833395,1260.22185,Young,Low
46,11193.88205,17041.82598,18,1.472973962,2.911599992,furniture,retired,rent,little,little,1,1.522423222,946.7681102,Middle,Low
49,31800.53436,14703.26536,6,0.466123572,0.325242098,car,unemployed,rent,little,little,0,0.462359066,2450.544227,Middle,Below_Avg
33,7796.577023,8844.408074,6,1.120782708,10.33129636,furniture,self-employed,rent,little,little,1,1.134396293,1474.068012,Adult,Low
18,19581.94104,15335.6945,21,0.981170408,4.203274986,car,employed,own,little,little,0,0.783154973,730.2711668,Young,Low
33,64402.80471,5129.212502,22,0.137133292,2.431483651,education,employed,free,little,little,0,0.079642688,233.1460228,Adult,Average
44,10173.40294,8123.223815,17,0.851521748,0.598258294,medical,unemployed,own,rich,rich,0,0.798476563,477.836695,Middle,Low
22,8176.486034,2850.870163,6,0.184340012,14.66541069,education,employed,own,rich,rich,0,0.348666915,475.1450271,Young,Low
42,10408.82621,6209.355373,47,0.560082922,3.777443761,education,self-employed,own,rich,little,0,0.596547127,132.1139441,Middle,Low
39,34516.05248,14237.39731,37,0.363819977,1.662894631,medical,employed,own,rich,little,0,0.412486257,384.7945219,Middle,Below_Avg
46,38653.33587,3067.018729,13,0.000738686,2.155569702,furniture,employed,own,little,moderate,1,0.079346806,235.9245176,Middle,Below_Avg
41,17046.59237,2467.214983,60,0.064745551,1.578331218,car,employed,own,moderate,rich,0,0.144733618,41.12024972,Middle,Low
28,30995.77556,5313.420938,6,-0.00938826,4.604127603,car,employed,own,quite_rich,little,0,0.171424036,885.5701563,Adult,Below_Avg
54,44140.26413,4099.704746,12,-0.034706294,13.29369913,furniture,self-employed,rent,rich,moderate,0,0.092879026,341.6420622,Senior,Below_Avg
38,53834.68318,8261.142522,47,0.240863248,9.713858512,education,self-employed,own,little,little,0,0.153453908,175.7689898,Middle,Average
39,19473.93842,3419.988198,11,0.161327254,3.084458566,car,employed,rent,moderate,moderate,0,0.175618723,310.908018,Middle,Low
28,6969.258692,19433.46176,11,2.737814402,8.757870021,vacation,self-employed,rent,little,little,0,2.788454644,1766.678342,Adult,Low
34,14611.44696,1751.554786,6,0.119334385,2.750479195,car,unemployed,own,little,little,1,0.119875519,291.9257977,Adult,Low
29,17793.66729,13399.7031,6,0.869799293,1.453815007,medical,self-employed,rent,moderate,little,1,0.753060226,2233.28385,Adult,Low
37,19351.60424,2665.429848,6,0.138157945,20.49631778,medical,employed,own,little,little,0,0.137736893,444.238308,Middle,Low
60,20051.7217,1168.193494,14,0.112296425,1.811220457,medical,employed,own,moderate,little,0,0.058259012,83.44239243,Senior,Low
23,38539.82106,5944.966208,6,0.069594674,1.955771719,vacation,unemployed,own,little,moderate,1,0.154255159,990.8277014,Young,Below_Avg
20,41656.56313,4009.066143,6,0.034377929,22.87459588,car,employed,rent,moderate,moderate,0,0.096240924,668.1776905,Young,Below_Avg
57,20214.65617,2022.950778,12,0.135471158,0.718933239,business,unemployed,rent,rich,moderate,0,0.10007347,168.5792315,Senior,Low
37,38148.52749,1280.362457,19,0.222827936,7.146718923,car,self-employed,rent,little,little,0,0.033562566,67.38749775,Middle,Below_Avg
31,26339.64989,4882.005464,24,0.328325639,13.72975409,vacation,self-employed,own,moderate,little,0,0.185348153,203.4168943,Adult,Low
52,22748.46584,10728.61246,32,0.529901972,3.585099338,furniture,retired,own,little,rich,1,0.471619165,335.2691394,Senior,Low
32,34657.59174,7847.59814,11,0.241575674,0.012624733,furniture,self-employed,rent,moderate,little,0,0.226432298,713.4180127,Adult,Below_Avg
61,22836.74234,5142.863575,8,0.365308214,2.350489721,medical,employed,rent,little,rich,0,0.225201279,642.8579469,Senior,Low
48,61630.09519,7208.946179,20,0.196439032,0.591491424,car,employed,rent,rich,rich,0,0.1169712,360.447309,Middle,Average
34,10729.95258,4808.924272,6,0.218811386,2.690878425,car,employed,own,little,little,0,0.448177588,801.4873787,Adult,Low
65,17024.59855,1565.907184,18,-0.013413989,7.803875964,furniture,employed,own,little,rich,0,0.091979096,86.99484358,Senior,Low
32,20676.24119,1577.00824,9,0.110085548,2.887601662,business,employed,own,little,moderate,0,0.076271515,175.2231377,Adult,Low
48,27439.1566,4177.487118,10,-0.026451293,2.827510202,education,employed,rent,moderate,moderate,0,0.152245464,417.7487118,Middle,Low
43,41522.06466,4322.01657,6,0.014330735,4.068552002,business,employed,own,rich,rich,0,0.104089635,720.336095,Middle,Below_Avg
55,21759.39106,9708.782263,6,0.376206647,4.357669462,vacation,employed,own,little,little,0,0.446188142,1618.130377,Senior,Low
58,10817.11818,9007.775061,9,0.807116759,9.700008997,car,unemployed,rent,little,moderate,1,0.83273335,1000.863896,Senior,Low
40,33565.59786,7975.314899,6,0.208860818,1.843415479,education,self-employed,own,rich,moderate,0,0.237603839,1329.21915,Middle,Below_Avg
30,32127.87727,3927.560717,57,0.093335708,8.620633013,business,unemployed,rent,rich,moderate,1,0.12224775,68.90457399,Adult,Below_Avg
45,8342.103404,1628.60364,51,0.27775773,4.172790519,education,employed,rent,rich,moderate,1,0.195226978,31.9334047,Middle,Low
31,21984.6098,6833.941754,18,0.284328787,1.787158649,furniture,employed,own,moderate,little,0,0.310851173,379.6634308,Adult,Low
64,9946.033273,7481.102481,42,0.713706447,1.74868139,car,employed,rent,rich,little,0,0.75216946,178.1214876,Senior,Low
41,15798.56593,727.1805747,25,-0.088888946,2.240330273,car,employed,rent,little,rich,1,0.046028265,29.08722299,Middle,Low
35,14024.98326,2521.298816,7,0.282206586,4.873483712,car,employed,own,moderate,little,0,0.179771966,360.1855451,Adult,Low
42,33012.19604,2827.52344,16,0.018501123,1.312097584,furniture,employed,rent,rich,little,0,0.085650874,176.720215,Middle,Below_Avg
23,23351.46699,5402.84076,6,0.122667474,12.64953441,car,employed,rent,little,little,0,0.231370507,900.47346,Young,Low
28,11581.96585,2584.562828,20,0.244463128,4.277302235,furniture,self-employed,rent,moderate,little,0,0.223154071,129.2281414,Adult,Low
54,34201.78044,4767.094815,6,0.062687355,12.62962938,car,self-employed,rent,rich,little,1,0.139381481,794.5158026,Senior,Below_Avg
32,10754.68861,4152.941045,32,0.333556403,0.237577767,business,employed,own,moderate,little,1,0.386151677,129.7794076,Adult,Low
27,25979.34025,4327.219309,15,0.192409882,2.09739957,vacation,employed,own,moderate,little,0,0.166563865,288.4812873,Adult,Low
46,14661.71077,2770.781156,6,0.156332492,0.115358895,furniture,employed,rent,little,rich,1,0.188980754,461.7968593,Middle,Low
54,18345.90116,2947.792773,36,0.391839486,1.589000952,education,employed,own,little,moderate,1,0.160678549,81.88313258,Senior,Low
48,28343.00025,2070.998945,37,0.065586296,9.902742477,medical,retired,rent,little,moderate,1,0.07306915,55.97294447,Middle,Below_Avg
51,28587.49603,6661.193505,34,0.294794558,0.186483349,education,unemployed,own,quite_rich,little,1,0.233010737,195.917456,Senior,Below_Avg
30,42979.75788,7761.121321,26,-0.013593206,2.864809385,medical,employed,rent,quite_rich,rich,0,0.180576199,298.5046662,Adult,Below_Avg
22,21138.96186,2653.15729,20,0.03944538,0.625362468,car,employed,own,little,moderate,0,0.125510293,132.6578645,Young,Low
58,25673.77781,16589.28156,9,0.537465253,2.696474091,vacation,employed,rent,little,little,1,0.646156623,1843.253507,Senior,Low
36,17696.66245,3821.196384,6,0.120489545,9.127147509,furniture,employed,rent,little,little,0,0.215927517,636.866064,Middle,Low
36,24124.78324,16716.44926,6,0.734469839,4.878492634,car,unemployed,rent,little,rich,0,0.692916039,2786.074876,Middle,Low
55,27439.61426,2940.392224,7,0.210715164,6.67337616,medical,self-employed,own,little,moderate,0,0.107158657,420.056032,Senior,Low
46,20969.93609,971.3994646,7,0.080786485,2.147027906,medical,employed,own,little,rich,0,0.046323435,138.7713521,Middle,Low
45,8938.515098,6780.175462,15,0.735870416,14.44765311,furniture,employed,rent,rich,little,1,0.758534878,452.0116975,Middle,Low
65,25996.97459,5995.929397,6,0.167554003,6.176665418,medical,self-employed,rent,little,rich,0,0.230639507,999.3215661,Senior,Low
32,26430.68008,5051.876494,6,0.302496808,2.739167037,car,employed,own,little,little,0,0.191136833,841.9794157,Adult,Low
51,15676.42486,2940.144525,22,0.394677526,2.779679836,business,self-employed,own,moderate,little,0,0.18755198,133.6429329,Senior,Low
40,11588.94009,4780.699815,6,0.426028181,12.54707334,car,employed,own,moderate,little,0,0.41252261,796.7833025,Middle,Low
43,46071.02817,3264.926186,6,0.164803537,4.294883726,car,employed,free,little,little,0,0.070867231,544.1543643,Middle,Below_Avg
58,28161.82892,3858.83401,10,0.171360593,6.127330869,business,self-employed,own,rich,moderate,0,0.137023558,385.883401,Senior,Low
46,19642.66931,9636.428242,6,0.566136983,2.698142569,furniture,employed,own,little,rich,1,0.490586493,1606.071374,Middle,Low
46,12475.02043,5695.170327,57,0.340071254,1.266034577,car,employed,own,little,rich,0,0.456525932,99.9152689,Middle,Low
52,14604.61109,8006.116651,19,0.499377392,6.428794593,furniture,employed,rent,little,moderate,0,0.54819102,421.3745606,Senior,Low
35,42247.27773,4082.664813,10,0.13618429,4.680219897,car,employed,rent,quite_rich,moderate,0,0.096637346,408.2664813,Adult,Below_Avg
29,23595.96426,3738.299558,6,0.27967871,3.479182773,business,self-employed,own,moderate,rich,0,0.158429616,623.0499263,Adult,Low
27,16725.77909,1953.179771,8,0.034963187,4.891109143,car,employed,own,moderate,moderate,0,0.116776609,244.1474714,Adult,Low
18,28419.8924,3655.436206,18,-0.074707461,1.167772703,vacation,self-employed,rent,rich,rich,0,0.128622451,203.0797892,Young,Below_Avg
64,14658.87021,344.8495916,60,-0.026301465,7.897908067,car,employed,own,little,rich,0,0.023524977,5.747493193,Senior,Low
26,46649.68786,3065.060009,11,0.166716834,14.79823669,furniture,employed,own,quite_rich,little,0,0.065703762,278.641819,Adult,Below_Avg
37,43321.32415,4603.170841,21,-0.052133092,11.08677061,car,self-employed,rent,moderate,little,0,0.106256467,219.1986115,Middle,Below_Avg
36,17443.33601,7715.13238,6,0.32460485,1.938880515,education,self-employed,rent,moderate,little,0,0.442296839,1285.855397,Middle,Low
43,16085.3609,3964.193458,17,0.26203914,2.604428395,car,employed,free,rich,rich,0,0.246447281,233.1878505,Middle,Low
49,5948.732203,6490.785494,6,1.079523684,8.261787083,furniture,employed,own,moderate,rich,1,1.091120809,1081.797582,Middle,Low
50,10500.83035,859.3437967,6,0.141282443,4.520787328,furniture,employed,own,rich,moderate,0,0.081835795,143.2239661,Middle,Low
33,11274.12,4696.30129,12,0.293683232,3.969419166,vacation,self-employed,rent,rich,little,0,0.416555908,391.3584408,Adult,Low
37,23566.82238,1282.283518,6,0.02191268,13.06201636,car,employed,own,little,little,0,0.054410539,213.7139196,Middle,Low
43,18711.30467,1869.370809,22,0.219424498,3.839622617,vacation,employed,own,little,rich,1,0.099905958,84.97140041,Middle,Low
37,11241.10307,4231.312729,49,0.257124751,3.617399811,car,employed,own,little,little,1,0.37641437,86.353321,Middle,Low
59,19137.74762,13643.40032,9,0.860596457,0.214634538,car,employed,free,little,moderate,1,0.712905227,1515.933368,Senior,Low
45,28358.11677,6614.142317,7,0.126494604,0.359719815,car,self-employed,rent,little,rich,0,0.233236303,944.8774738,Middle,Below_Avg
48,28678.97844,4986.975026,6,0.258827721,0.037239877,car,employed,own,little,rich,0,0.173889563,831.1625043,Middle,Below_Avg
47,8519.942403,4838.575743,8,0.530615939,12.2232915,education,employed,own,little,moderate,1,0.56791179,604.8219679,Middle,Low
54,20658.21334,2776.917797,14,0.019931147,2.624509997,medical,employed,rent,rich,little,1,0.134421973,198.3512712,Senior,Low
42,11029.50917,3180.562253,8,0.238678526,3.160837825,car,employed,rent,rich,moderate,0,0.288368431,397.5702816,Middle,Low
24,34574.246,6918.130384,17,0.254587821,9.334148597,furniture,employed,rent,little,little,0,0.200094903,406.9488461,Young,Below_Avg
44,32600.18389,1622.480752,19,0.049083668,4.698389337,furniture,employed,own,little,moderate,0,0.049769067,85.39372378,Middle,Below_Avg
32,14058.55501,7898.619215,6,0.673684143,4.701656989,furniture,employed,own,little,little,1,0.561837202,1316.436536,Adult,Low
33,15017.58909,3601.819258,21,0.383414052,1.758681719,furniture,self-employed,rent,rich,rich,0,0.239840046,171.5152028,Adult,Low
47,17489.68355,9513.295827,41,0.425634495,8.976078393,vacation,self-employed,free,moderate,rich,0,0.543937562,232.0316055,Middle,Low
54,7140.965731,10602.81452,6,1.359160287,0.906590159,car,employed,own,quite_rich,rich,0,1.484787201,1767.135754,Senior,Low
40,26055.49816,1288.88501,14,-0.081012466,0.273070813,business,employed,rent,rich,little,0,0.049466911,92.06321497,Middle,Low
43,19217.52163,3086.322061,16,0.07067977,1.063512234,car,employed,own,rich,moderate,0,0.16059938,192.8951288,Middle,Low
60,35777.96719,2478.918982,22,0.179707641,1.558079193,furniture,employed,own,little,little,0,0.069286189,112.6781355,Senior,Below_Avg
42,12718.27725,1152.648513,8,0.146665491,1.65859516,furniture,unemployed,own,moderate,little,0,0.090629296,144.0810641,Middle,Low
71,16162.33034,2151.61366,30,0.078622455,5.551100982,furniture,retired,rent,quite_rich,little,0,0.133125212,71.72045533,Senior,Low
46,10370.6748,34648.32546,13,3.339880192,1.228381254,car,self-employed,own,little,moderate,0,3.340990451,2665.255805,Middle,Low
18,13331.09717,8003.289447,9,0.740777945,5.645228171,car,employed,own,moderate,little,0,0.600347394,889.254383,Young,Low
49,12197.77701,22784.37732,22,2.058713353,0.477778002,car,self-employed,own,little,little,0,1.867912268,1035.653515,Middle,Low
44,36242.46728,9540.286086,47,0.289173439,0.796165557,vacation,employed,rent,little,moderate,0,0.263235006,202.9848103,Middle,Below_Avg
55,15535.28358,2714.940919,30,-0.091168456,3.554737843,car,self-employed,rent,rich,little,0,0.174759663,90.49803064,Senior,Low
48,23437.3889,3621.280757,48,0.184237421,12.7485574,business,employed,own,moderate,little,0,0.154508711,75.44334911,Middle,Low
38,18208.03571,7869.49321,6,0.525673724,9.815144826,car,employed,own,rich,moderate,0,0.432198911,1311.582202,Middle,Low
25,11675.72719,6974.423583,6,0.61980706,17.32923034,vacation,employed,rent,moderate,moderate,1,0.597343829,1162.40393,Young,Low
37,20248.77928,3096.805538,13,0.22558938,5.2559591,furniture,employed,own,moderate,moderate,0,0.152937888,238.2158106,Middle,Low
29,29719.29169,1468.512795,6,0.085119317,5.632202632,car,self-employed,own,rich,little,0,0.049412779,244.7521325,Adult,Below_Avg
33,12041.57234,68200.62104,20,5.540299217,4.904452927,medical,self-employed,rent,quite_rich,little,0,5.663763758,3410.031052,Adult,Low
47,33009.68873,4389.981369,6,0.044366849,4.875149481,car,self-employed,own,quite_rich,little,0,0.132990693,731.6635615,Middle,Below_Avg
60,14402.24735,3787.300918,10,0.230850749,0.79568413,education,retired,free,rich,little,1,0.262965968,378.7300918,Senior,Low
44,17300.80026,5381.204814,19,0.417579391,3.923450844,education,employed,own,moderate,little,0,0.311037914,283.221306,Middle,Low
25,28719.7857,4047.347991,11,0.064337018,2.439354989,furniture,employed,own,little,rich,0,0.140925424,367.9407264,Young,Below_Avg
45,15808.16601,5421.799911,6,0.388564895,2.921797663,medical,employed,own,little,little,0,0.342974631,903.6333185,Middle,Low
54,22444.19824,13760.50524,38,0.643467802,3.707493222,vacation,self-employed,rent,little,little,1,0.613098543,362.118559,Senior,Low
32,18819.60803,4448.673391,26,0.395004745,0.687101419,vacation,employed,own,little,little,0,0.236385018,171.1028227,Adult,Low
38,23498.31519,1938.813852,16,0.078340655,2.227435035,medical,employed,rent,little,little,0,0.082508632,121.1758657,Middle,Low
40,6698.443381,4318.593132,21,0.469240085,0.327759497,furniture,employed,own,little,little,0,0.644715927,205.647292,Middle,Low
30,8823.369384,3389.638559,9,0.448853051,19.47782847,car,retired,own,little,little,0,0.384166004,376.6265065,Adult,Low
47,29970.93936,15353.81336,8,0.726095549,0.630810372,business,unemployed,rent,moderate,little,1,0.512290028,1919.226671,Middle,Below_Avg
38,36996.94804,12542.71442,6,0.41025858,1.495567404,furniture,employed,free,little,rich,0,0.339020246,2090.452404,Middle,Below_Avg
45,13971.24612,5356.25331,29,0.304610761,11.09549208,car,unemployed,rent,rich,rich,1,0.38337692,184.69839,Middle,Low
29,19496.41388,1766.952016,8,-0.017564997,3.295758613,furniture,employed,rent,little,moderate,0,0.090629591,220.869002,Adult,Low
34,25523.62126,1843.251092,21,-0.023079424,0.728813463,medical,employed,own,moderate,little,0,0.07221746,87.77386152,Adult,Low
48,31151.22349,4974.591866,6,0.360022889,2.424413178,car,self-employed,own,rich,little,1,0.159691701,829.0986444,Middle,Below_Avg
35,7991.720635,6432.112976,28,0.772114331,0.615744498,vacation,employed,own,little,moderate,1,0.804847075,229.7183206,Adult,Low
60,14143.06782,3642.04911,6,0.191250448,1.117067921,furniture,employed,free,quite_rich,little,0,0.257514788,607.008185,Senior,Low
35,18652.03082,3347.149385,17,0.163608612,0.267161307,car,unemployed,rent,moderate,moderate,0,0.179452276,196.8911403,Adult,Low
42,31306.15801,3058.746937,29,0.066013617,2.883291528,vacation,self-employed,own,little,moderate,0,0.097704322,105.4740323,Middle,Below_Avg
51,76819.61129,4823.643488,19,0.21955686,8.215907428,medical,retired,own,little,moderate,0,0.062791824,253.875973,Senior,Average
22,19653.23307,730.5444794,21,-0.064276029,4.409074302,car,employed,own,rich,little,0,0.03717172,34.78783235,Young,Low
18,10899.92589,2036.399745,13,0.304891258,4.661405819,furniture,employed,own,moderate,little,0,0.186826935,156.6461343,Young,Low
21,26933.71263,2976.07121,14,0.122705347,1.119369278,furniture,employed,own,little,moderate,0,0.110496137,212.576515,Young,Low
55,42637.86106,12913.16427,6,0.423559407,2.107163394,vacation,unemployed,own,quite_rich,moderate,0,0.302856756,2152.194045,Senior,Below_Avg
33,23248.75963,2563.039368,6,0.268506038,9.329466717,car,employed,own,rich,moderate,0,0.110244134,427.173228,Adult,Low
70,13998.08379,5678.114563,23,0.414114895,0.459788044,car,employed,own,rich,little,0,0.405635132,246.8745462,Senior,Low
33,35560.7212,5891.313169,52,0.134162753,9.757199931,business,employed,rent,rich,moderate,0,0.165669114,113.294484,Adult,Below_Avg
42,30692.47561,13881.79023,14,0.458904313,3.305239848,furniture,self-employed,rent,rich,rich,0,0.45228643,991.5564447,Middle,Below_Avg
58,13186.64136,13494.82997,23,1.013894207,9.074549871,furniture,employed,own,little,moderate,0,1.023371274,586.7317376,Senior,Low
64,26654.48768,4693.799329,20,0.010401255,1.913675169,vacation,employed,rent,moderate,little,0,0.176097901,234.6899664,Senior,Low
64,36265.88546,3359.717618,60,0.247889305,2.068819376,medical,employed,own,rich,moderate,0,0.092641268,55.99529363,Senior,Below_Avg
54,39773.05776,2889.773828,28,0.097235069,6.963672639,medical,employed,own,little,moderate,0,0.072656567,103.2062081,Senior,Below_Avg
52,21306.67137,4052.74384,17,0.07390017,7.685497264,car,employed,rent,little,rich,1,0.190210088,238.3966965,Senior,Low
47,18415.72645,3472.997443,6,-0.018163657,1.304517067,medical,employed,own,little,moderate,1,0.188588675,578.8329072,Middle,Low
49,40685.9015,7653.374399,8,-0.044651165,18.03581993,business,unemployed,own,little,moderate,1,0.188108758,956.6717999,Middle,Below_Avg
33,12027.12445,6879.132645,6,0.649016237,3.580633891,car,employed,free,little,moderate,1,0.571968194,1146.522108,Adult,Low
30,27427.17654,7890.706495,34,0.225798882,0.35481135,education,employed,own,rich,little,1,0.287696638,232.0796028,Adult,Low
39,11103.17837,13459.31848,10,1.166714045,4.525569818,car,employed,own,rich,little,0,1.212204112,1345.931848,Middle,Low
37,37522.20373,21813.73938,13,0.630170923,6.41401177,business,retired,free,little,little,1,0.581355497,1677.979952,Middle,Below_Avg
34,19360.24938,5430.197122,60,0.22887696,16.20639062,business,employed,own,rich,little,0,0.280481776,90.50328537,Adult,Low
48,41534.99558,11843.93282,32,0.339807951,2.595513764,business,self-employed,rent,moderate,moderate,0,0.285155509,370.1229006,Middle,Below_Avg
51,28161.36771,3709.572252,28,0.141251978,0.128083668,car,unemployed,own,little,little,0,0.131725571,132.4847233,Senior,Low
41,11948.84482,12682.84519,6,1.053015605,4.617789613,education,employed,own,little,little,1,1.061428563,2113.807532,Middle,Low
57,44905.4239,11489.71224,6,0.098589647,1.710311303,car,employed,rent,little,little,0,0.255864687,1914.952039,Senior,Below_Avg
26,47840.2509,11011.91091,6,0.148207741,2.836513595,medical,self-employed,own,rich,little,0,0.230180877,1835.318485,Adult,Below_Avg
37,34239.77457,5298.907112,24,0.215012357,3.351740161,business,self-employed,rent,little,moderate,0,0.15475882,220.7877963,Middle,Below_Avg
31,15051.09564,2879.331617,9,0.123101607,0.333438068,car,self-employed,free,little,moderate,1,0.191303789,319.9257352,Adult,Low
18,18901.43309,1610.624466,6,0.20574872,3.327482878,car,self-employed,own,little,rich,0,0.085211765,268.437411,Young,Low
39,23687.75694,4759.844288,24,0.435581247,2.778414743,business,employed,rent,quite_rich,little,0,0.200941115,198.3268453,Middle,Low
38,15493.01878,16754.29687,6,1.147047977,6.233431984,furniture,self-employed,own,rich,little,0,1.081409447,2792.382811,Middle,Low
58,51337.32175,3835.764641,16,0.224000072,5.187575286,business,employed,own,moderate,rich,0,0.074716883,239.7352901,Senior,Below_Avg
47,23674.72343,9210.517056,24,0.46111706,1.024159428,car,employed,free,quite_rich,little,0,0.389044336,383.771544,Middle,Low
27,5700.59581,9654.323455,16,1.64013773,1.154233965,business,self-employed,own,little,moderate,1,1.693563932,603.3952159,Adult,Low
62,26099.66887,3916.881276,60,0.17008915,1.445122724,car,employed,own,moderate,moderate,0,0.150073984,65.2813546,Senior,Low
54,18507.31432,14087.96083,10,0.962542532,0.985859032,education,employed,rent,little,little,0,0.761210438,1408.796083,Senior,Low
46,21216.54799,479.6570668,6,-0.029747688,5.353232992,medical,employed,own,little,moderate,0,0.022607687,79.94284447,Middle,Low
37,18318.93159,1847.890093,6,-0.003059484,25.95196199,education,employed,own,rich,little,0,0.100873246,307.9816822,Middle,Low
28,32975.60116,2362.543715,12,-0.041774237,5.279320855,car,unemployed,rent,rich,rich,0,0.071645205,196.8786429,Adult,Below_Avg
35,38555.10861,2550.96751,34,0.044411251,4.665678401,medical,employed,rent,little,little,1,0.066164189,75.02845616,Adult,Below_Avg
53,25375.17419,6431.804149,52,0.153121165,2.637553013,car,self-employed,own,little,little,1,0.253468374,123.6885413,Senior,Low
62,18589.35542,6198.299396,60,0.500834666,1.874050982,business,employed,own,little,moderate,0,0.333432723,103.3049899,Senior,Low
58,21575.88204,6735.803997,13,0.333827015,12.09973991,education,employed,own,rich,little,0,0.312191362,518.138769,Senior,Low
34,22243.38207,7917.7725,16,0.45313345,17.36914266,car,employed,own,little,moderate,0,0.355960819,494.8607813,Adult,Low
26,14746.85296,2298.280112,15,0.125982313,3.433601145,car,employed,free,moderate,moderate,1,0.155848853,153.2186741,Adult,Low
41,29421.01001,1854.664593,11,-0.050980939,1.713863684,car,employed,free,rich,little,0,0.063038781,168.6058721,Middle,Below_Avg
18,27723.09674,6748.366439,6,0.112480975,7.351037245,vacation,unemployed,rent,little,little,0,0.243420369,1124.72774,Young,Low
43,47582.514,2968.50679,6,-0.028412668,0.710449798,vacation,employed,rent,rich,little,0,0.062386506,494.7511317,Middle,Below_Avg
38,41261.07705,1399.149686,10,0.068662224,7.253380209,furniture,employed,rent,little,little,0,0.033909674,139.9149686,Middle,Below_Avg
34,15633.36265,10690.12212,6,0.735790131,8.544865318,car,employed,own,moderate,little,0,0.683801838,1781.68702,Adult,Low
20,33194.82228,15004.14125,39,0.512322065,0.667108105,vacation,employed,own,rich,rich,1,0.452002458,384.7215705,Young,Below_Avg
46,13691.40179,17081.11441,25,1.098712393,18.83128017,furniture,employed,own,moderate,little,1,1.247579661,683.2445764,Middle,Low
33,31193.53218,5707.89839,17,0.182942475,21.17227301,furniture,self-employed,rent,little,little,0,0.182983394,335.7587288,Adult,Below_Avg
25,17012.31718,8109.128462,6,0.374056013,13.80088864,furniture,employed,own,quite_rich,little,0,0.476662196,1351.52141,Young,Low
18,13205.29796,14704.29017,17,1.153661053,3.426240398,furniture,employed,rent,little,moderate,0,1.113514456,864.9582455,Young,Low
39,25337.0409,2942.066098,17,0.1640249,1.412306239,education,employed,own,moderate,moderate,0,0.116117194,173.0627117,Middle,Low
61,5783.2231,11950.66432,10,1.949219371,4.361480249,education,employed,rent,little,rich,0,2.066436676,1195.066432,Senior,Low
59,9177.519249,6126.120683,19,0.764316754,2.723065552,furniture,employed,rent,moderate,little,0,0.667513793,322.4274044,Senior,Low
34,20155.93486,10208.43197,35,0.740355055,1.153035703,vacation,self-employed,own,moderate,little,0,0.506472761,291.669485,Adult,Low
32,22953.38923,5703.723104,25,0.331975117,2.755429936,furniture,self-employed,rent,moderate,little,1,0.248491543,228.1489242,Adult,Low
45,18312.52654,13863.36971,11,0.740759579,5.451581514,education,employed,own,little,little,0,0.757042982,1260.306337,Middle,Low
28,9999.414804,5877.101693,6,0.556089994,0.36776615,car,self-employed,rent,moderate,moderate,1,0.587744564,979.5169488,Adult,Low
43,14633.28605,1499.39467,11,0.081558261,2.027960592,business,employed,own,little,moderate,0,0.102464659,136.3086064,Middle,Low
49,26785.19701,15701.96756,52,0.510144725,0.089775614,car,self-employed,own,little,little,1,0.58621811,301.9609146,Middle,Low
54,29463.01083,2303.01729,30,0.103406214,6.921392082,car,unemployed,own,moderate,rich,1,0.078166393,76.76724299,Senior,Below_Avg
38,21848.51951,13392.45233,6,0.499122154,5.117866406,vacation,employed,own,moderate,rich,0,0.612968413,2232.075388,Middle,Low
37,39277.88397,4572.455714,27,-0.072556794,0.323610742,car,employed,rent,little,rich,1,0.116412985,169.3502116,Middle,Below_Avg
29,26868.19467,12591.89697,6,0.490614543,16.72468446,education,employed,free,moderate,little,0,0.468654375,2098.649494,Adult,Low
30,15157.82491,12183.22022,15,0.805881121,0.11440675,medical,employed,own,little,little,0,0.803757814,812.2146811,Adult,Low
37,19144.08316,6933.460925,29,0.305055523,4.457510698,education,employed,own,little,little,0,0.362172524,239.0848595,Middle,Low
44,10922.35539,7382.209434,14,0.547611058,7.488755143,car,self-employed,rent,moderate,little,0,0.675880721,527.3006739,Middle,Low
50,20867.13067,6891.905553,9,0.359250072,7.753400172,furniture,employed,own,quite_rich,little,0,0.33027567,765.7672837,Middle,Low
30,38409.12381,981.3608148,6,-0.073467303,0.174433299,vacation,employed,own,moderate,rich,0,0.025550201,163.5601358,Adult,Below_Avg
57,31027.99196,5402.754392,6,0.160230735,11.84443291,furniture,self-employed,own,rich,little,0,0.174125171,900.4590653,Senior,Below_Avg
36,44400.44021,2012.531496,32,0.221824022,12.53279726,business,self-employed,rent,little,moderate,1,0.045326837,62.89160924,Middle,Below_Avg
39,18931.02478,5636.11183,31,0.362837241,4.120727471,business,employed,rent,rich,moderate,0,0.297718264,181.810059,Middle,Low
31,43176.42455,1969.718588,31,-0.091293032,3.289703326,education,self-employed,rent,moderate,little,1,0.045620234,63.5393093,Adult,Below_Avg
18,19997.20688,1904.621246,6,-0.032240793,0.22952583,business,unemployed,own,moderate,little,0,0.095244364,317.4368744,Young,Low
50,45972.21822,17746.57115,28,0.401210077,4.127158383,furniture,employed,rent,rich,moderate,0,0.386028167,633.8061124,Middle,Below_Avg
48,21787.06287,11562.91081,6,0.39319164,2.632904458,education,employed,rent,little,moderate,0,0.530723709,1927.151801,Middle,Low
36,31370.26306,4898.507922,6,-0.04402123,7.409763971,business,self-employed,own,little,rich,0,0.156151318,816.417987,Middle,Below_Avg
40,46053.36824,5697.683229,13,0.176956344,2.586596367,car,self-employed,rent,little,rich,0,0.123719143,438.2833253,Middle,Below_Avg
46,19995.97307,4030.586506,9,0.233663486,5.753437338,car,employed,free,rich,rich,0,0.201569911,447.8429451,Middle,Low
21,24567.8632,7753.511378,6,0.360655508,0.534631739,business,employed,rent,rich,moderate,0,0.315595675,1292.251896,Young,Low
33,41958.30695,2861.658145,6,0.09450594,0.713306263,business,self-employed,rent,moderate,little,0,0.068202422,476.9430242,Adult,Below_Avg
49,20609.31461,10883.38083,17,0.521549607,0.752429794,furniture,retired,rent,little,rich,1,0.528080678,640.1988724,Middle,Low
24,11379.33032,4013.94781,6,0.286521394,0.232971758,business,self-employed,rent,moderate,rich,0,0.352740249,668.9913016,Young,Low
43,64312.12922,3512.637305,6,0.106232079,3.897108974,furniture,retired,rent,little,little,0,0.054618582,585.4395509,Middle,Average
23,17415.53265,5000.886195,10,0.440139267,7.898612264,vacation,self-employed,own,little,little,1,0.287150918,500.0886195,Young,Low
45,23846.14923,3062.793038,6,0.078316832,4.713317323,business,unemployed,own,little,moderate,0,0.128439733,510.4655063,Middle,Low
39,39261.64373,6392.916628,15,0.060754532,4.27779982,furniture,self-employed,rent,moderate,rich,0,0.162828553,426.1944419,Middle,Below_Avg
20,16248.45405,3197.453301,47,0.083273136,5.706929814,furniture,unemployed,free,moderate,little,0,0.196785078,68.0309213,Young,Low
53,13307.27349,7149.651421,6,0.450600929,2.074890995,business,employed,own,little,moderate,0,0.537273952,1191.60857,Senior,Low
31,25005.93932,13001.3078,60,0.540188643,2.246725051,vacation,self-employed,rent,moderate,rich,1,0.519928791,216.6884633,Adult,Low
30,8986.347867,2764.299815,6,0.093648284,1.88635729,car,employed,own,quite_rich,moderate,0,0.30761104,460.7166359,Adult,Low
42,19073.34256,4427.275374,6,0.276035527,6.225865547,education,employed,free,little,moderate,0,0.232118485,737.8792291,Middle,Low
53,24897.41675,7108.628241,22,0.349908,0.881540384,car,employed,rent,moderate,rich,0,0.285516699,323.1194655,Senior,Low
27,19245.33652,3467.933339,24,0.000388199,0.065554266,car,employed,rent,moderate,little,1,0.180196035,144.4972225,Adult,Low
40,10180.95939,7125.651565,9,0.601981768,4.534133868,business,employed,rent,quite_rich,little,0,0.699899812,791.7390628,Middle,Low
45,48878.30801,7664.228152,6,0.164770337,14.26954617,car,retired,rent,moderate,little,0,0.156802239,1277.371359,Middle,Below_Avg
48,23196.78747,11691.40717,28,0.489662782,4.700457648,business,self-employed,rent,moderate,little,0,0.504009755,417.5502561,Middle,Low
42,45052.15325,3026.638762,56,0.119144526,7.637484721,medical,unemployed,free,rich,little,0,0.067180779,54.04712074,Middle,Below_Avg
35,19340.98841,2311.795577,60,0.105414624,5.585776403,medical,retired,own,little,little,0,0.119528306,38.52992629,Adult,Low
30,14185.76121,3842.72907,18,0.397363302,3.440167922,car,employed,own,moderate,moderate,0,0.270886349,213.4849483,Adult,Low
41,25199.7779,2266.060473,24,0.057806887,6.336203364,business,employed,rent,moderate,little,0,0.089923827,94.41918638,Middle,Low
27,19773.66808,7720.223267,31,0.292126197,8.689315359,medical,employed,free,moderate,little,1,0.390429496,249.0394602,Adult,Low
18,12223.54478,1940.302097,28,0.052390626,1.27273022,car,employed,own,little,little,0,0.158734813,69.29650345,Young,Low
45,45930.84292,31774.30218,60,0.765332591,2.048348278,furniture,self-employed,own,little,little,1,0.691785741,529.571703,Middle,Below_Avg
50,16136.91669,13859.72303,29,0.86184509,1.266246919,medical,employed,own,little,little,0,0.858882976,477.9214839,Middle,Low
18,8776.796947,4964.464004,19,0.629006643,3.008978271,car,employed,own,rich,little,0,0.565635053,261.2875791,Young,Low
27,42790.99777,9837.093736,8,0.291199241,10.8169231,medical,employed,rent,quite_rich,little,0,0.229886991,1229.636717,Adult,Below_Avg
47,17117.40382,1326.844052,16,-0.124470657,2.117181389,education,employed,own,little,little,0,0.077514328,82.92775328,Middle,Low
64,16253.89829,37000.94253,38,2.162426714,2.345755077,car,employed,own,little,moderate,1,2.276434974,973.709014,Senior,Low
40,9111.623695,3065.078042,6,0.234329575,9.843697038,furniture,unemployed,rent,quite_rich,little,1,0.336392079,510.8463403,Middle,Low
31,52599.96552,4463.114273,6,0.003243718,3.62189251,furniture,employed,own,moderate,little,0,0.084850137,743.8523789,Adult,Below_Avg
37,11559.46321,1113.488735,7,0.054291495,3.580633891,car,employed,rent,rich,little,0,0.096327028,159.0698193,Middle,Low
56,22679.68209,7251.980216,58,0.419671656,9.859260879,education,employed,own,little,rich,1,0.319756696,125.0341417,Senior,Low
32,34763.04448,2028.241974,28,0.178193009,3.371889523,furniture,self-employed,rent,rich,little,0,0.058344774,72.43721337,Adult,Below_Avg
30,27196.9052,5331.162558,6,0.166731844,5.721567314,furniture,employed,own,rich,little,0,0.196020927,888.5270929,Adult,Low
34,21379.18029,3179.821855,6,0.123606422,0.447680074,car,employed,own,little,little,0,0.148734508,529.9703091,Adult,Low
28,9406.602082,2075.183478,19,0.150065883,0.983918434,vacation,employed,own,little,moderate,0,0.220609255,109.2201831,Adult,Low
41,14693.16329,2582.493796,15,0.184680363,2.590730102,furniture,unemployed,rent,little,little,1,0.175761594,172.1662531,Middle,Low
59,24194.97314,5887.757224,6,0.26359839,3.414391114,vacation,unemployed,rent,little,little,1,0.243346301,981.2928707,Senior,Low
43,14859.77185,1763.061775,60,0.19929418,16.86796476,vacation,employed,own,quite_rich,moderate,1,0.118646625,29.38436292,Middle,Low
36,24383.93347,2699.847755,17,0.190566277,17.64259187,furniture,self-employed,rent,little,moderate,0,0.110722405,158.8145738,Middle,Low
36,30973.0176,8355.027271,18,0.039539996,9.525662917,car,employed,own,rich,little,0,0.269751801,464.1681817,Middle,Below_Avg
21,35640.9823,39418.23872,34,1.09072621,1.896055176,medical,employed,free,rich,little,1,1.105980705,1159.359962,Young,Below_Avg
50,11931.17881,7201.690403,7,0.742012591,16.62511253,business,employed,own,little,rich,1,0.603602587,1028.812915,Middle,Low
39,66060.28594,2359.466201,14,-0.008094629,5.845294979,car,employed,own,moderate,little,0,0.035716863,168.5333,Middle,Average
37,32329.63796,3663.992445,15,0.227256489,2.495639283,business,self-employed,own,little,little,0,0.113332307,244.266163,Middle,Below_Avg
78,22007.59551,5040.553643,60,0.19839182,6.047857522,car,unemployed,rent,little,little,1,0.229037,84.00922739,Senior,Low
43,37978.22665,3716.211593,6,0.115343456,0.083303763,car,employed,own,quite_rich,rich,0,0.097851109,619.3685989,Middle,Below_Avg
30,71876.44527,10121.79738,25,0.027133106,0.790026142,education,employed,own,little,little,0,0.140822175,404.871895,Adult,Average
34,10728.29529,5848.723939,15,0.435243205,8.850548966,car,employed,own,little,little,1,0.545168061,389.9149293,Adult,Low
53,19680.2068,10160.6928,33,0.588839098,5.186273375,medical,employed,rent,rich,little,1,0.516289941,307.8997819,Senior,Low
41,6706.175988,3821.678365,32,0.65805628,2.264314483,vacation,unemployed,rent,moderate,little,1,0.569874452,119.4274489,Middle,Low
22,24253.73163,14191.52417,6,0.587770342,3.472406753,education,unemployed,rent,moderate,rich,0,0.585127451,2365.254028,Young,Low
51,26441.68764,4301.897711,6,0.039941341,11.7768791,car,self-employed,rent,rich,little,0,0.162693765,716.9829519,Senior,Low
31,21599.35954,2259.837314,6,0.109005656,4.992632779,furniture,employed,rent,little,little,0,0.1046252,376.6395523,Adult,Low
62,15878.68963,28053.15283,11,1.892440617,2.538729222,furniture,self-employed,own,rich,little,1,1.766717121,2550.286621,Senior,Low
52,7904.936699,1141.407926,42,0.318678433,0.64102321,furniture,employed,free,rich,moderate,0,0.144391786,27.1763792,Senior,Low
34,26549.51719,2721.691987,6,0.07084301,1.738907339,car,retired,own,little,little,0,0.102513803,453.6153311,Adult,Low
55,45602.47371,2976.125955,12,-0.100724405,19.16149393,education,employed,rent,moderate,moderate,0,0.06526238,248.0104962,Senior,Below_Avg
40,16391.05064,36557.62342,38,2.31437682,2.875603654,furniture,employed,rent,little,little,1,2.23034046,962.0427215,Middle,Low
50,27447.48892,20857.88029,46,0.732323126,3.191774979,medical,employed,rent,little,moderate,1,0.759919436,453.4321802,Middle,Low
45,10056.0311,16238.53686,19,1.709109815,3.451735845,medical,employed,rent,moderate,little,0,1.614805751,854.6598348,Middle,Low
29,27683.90654,3772.424096,31,0.164374988,10.7753112,education,self-employed,own,moderate,little,0,0.136267766,121.6910999,Adult,Low
32,18093.51474,34232.89843,7,1.803653851,4.63079992,education,self-employed,rent,quite_rich,moderate,0,1.891998262,4890.414061,Adult,Low
52,15044.85009,6599.054123,6,0.444449885,5.915576486,car,self-employed,rent,moderate,little,0,0.438625449,1099.842354,Senior,Low
35,15060.31141,10740.86276,6,0.844023788,2.46667689,car,employed,own,rich,rich,0,0.713189951,1790.143793,Adult,Low
35,18091.44057,5674.605389,12,0.298747041,0.147595251,medical,employed,own,little,little,0,0.31366244,472.8837824,Adult,Low
28,26667.92091,4724.073533,10,0.073663909,13.36628152,business,unemployed,rent,little,rich,0,0.177144426,472.4073533,Adult,Low
45,11429.10441,4018.15074,8,0.192707377,14.89218166,car,self-employed,own,quite_rich,little,0,0.351571794,502.2688425,Middle,Low
64,18059.77438,4155.915439,6,0.15290354,14.89467602,education,employed,own,rich,little,1,0.230120009,692.6525732,Senior,Low
27,21574.43032,7996.772637,6,0.329646109,14.38415702,medical,self-employed,own,little,little,0,0.370659736,1332.79544,Adult,Low
40,12714.27158,6592.974155,6,0.600549019,8.443540497,furniture,retired,rent,moderate,little,1,0.518549106,1098.829026,Middle,Low
56,54086.10544,4792.573944,51,-0.02347485,5.769505406,car,self-employed,rent,little,little,1,0.088610077,93.97203811,Senior,Average
39,14375.09192,16442.40906,60,1.299187635,9.305866662,medical,employed,own,moderate,little,1,1.143812447,274.0401509,Middle,Low
45,15760.80661,457.8756062,6,-0.104663687,4.588286313,furniture,self-employed,rent,rich,rich,0,0.029051534,76.31260103,Middle,Low
27,13505.4154,7390.197939,6,0.780351173,0.721486337,furniture,employed,own,rich,moderate,0,0.547202564,1231.699657,Adult,Low
45,54135.20776,8727.122337,39,0.333761588,2.481476552,car,self-employed,own,little,little,1,0.161209732,223.7723676,Middle,Average
37,29040.67215,12302.65405,6,0.437751932,17.75340444,vacation,employed,free,little,moderate,0,0.423635307,2050.442342,Middle,Below_Avg
51,13790.06931,4666.211816,51,0.173605437,2.162674662,vacation,unemployed,own,little,little,1,0.338374791,91.49434933,Senior,Low
54,38296.5763,5804.194088,8,0.146016679,10.11825261,furniture,self-employed,own,rich,rich,0,0.151559086,725.5242611,Senior,Below_Avg
71,24351.51507,10815.75024,13,0.405466924,0.489230051,car,employed,rent,moderate,little,0,0.444151019,831.980788,Senior,Low
46,25049.93998,16202.69918,25,0.519387166,2.033708431,furniture,self-employed,own,quite_rich,little,1,0.646815888,648.1079672,Middle,Low
43,18541.40087,3864.436721,6,0.23752301,2.161253231,car,employed,rent,rich,rich,0,0.208422047,644.0727868,Middle,Low
42,15142.97499,6084.991609,6,0.319471628,0.264908031,car,employed,rent,little,little,0,0.401835941,1014.165268,Middle,Low
35,26078.93162,18823.45865,29,0.650297368,0.634023653,furniture,employed,own,rich,moderate,1,0.721787952,649.084781,Adult,Low
44,16771.83692,898.5463935,60,0.033206852,1.073181771,car,employed,own,moderate,rich,1,0.053574716,14.97577323,Middle,Low
36,54632.14992,2829.880943,19,-0.005692062,9.095106314,medical,retired,own,little,rich,0,0.051798821,148.9411023,Middle,Average
42,11676.74396,15877.66657,31,1.567583986,0.327505534,car,employed,own,little,rich,1,1.359768324,512.1827927,Middle,Low
55,47480.69026,11778.49001,51,0.194497593,1.774104043,furniture,self-employed,own,quite_rich,little,1,0.248069056,230.9507846,Senior,Below_Avg
27,20833.97977,7464.816802,6,0.40238819,0.051135609,car,employed,rent,moderate,moderate,0,0.358300089,1244.136134,Adult,Low
53,25579.40634,3432.768995,7,0.148752744,5.947519025,business,self-employed,rent,rich,little,0,0.134200495,490.3955706,Senior,Low
55,33408.94252,2427.325228,6,0.107929978,4.841909749,car,employed,own,moderate,rich,0,0.072654955,404.5542046,Senior,Below_Avg
38,16072.66613,3062.624492,6,0.233457469,5.177937624,education,employed,rent,little,little,0,0.190548629,510.4374154,Middle,Low
18,33932.3526,16956.50096,23,0.587851012,2.34508286,business,retired,own,rich,little,0,0.499714864,737.2391721,Young,Below_Avg
32,5688.649043,2972.759273,6,0.549221981,1.167660513,medical,employed,rent,rich,rich,1,0.522577373,495.4598788,Adult,Low
55,15367.42416,5330.169786,6,0.369338195,6.370549746,business,self-employed,own,little,rich,0,0.346848615,888.361631,Senior,Low
39,13876.72973,2689.29373,7,0.199646518,8.333160619,car,employed,own,little,rich,0,0.193798811,384.1848185,Middle,Low
28,11769.26785,9645.234364,6,0.80568535,0.745990228,car,employed,rent,moderate,little,1,0.819527135,1607.539061,Adult,Low
33,19781.89849,3193.966933,6,0.070279282,3.33573495,business,unemployed,own,little,little,0,0.16145907,532.3278221,Adult,Low
50,26712.18171,4545.644896,6,0.164084395,1.429855565,car,self-employed,rent,rich,rich,0,0.170171233,757.6074827,Middle,Low
46,31298.64232,1278.310155,37,0.064969089,0.920256427,furniture,employed,own,little,little,1,0.040842352,34.54892312,Middle,Below_Avg
37,24845.66025,1351.95289,27,0.094630501,3.580633891,medical,unemployed,own,rich,rich,1,0.054414046,50.07232924,Middle,Low
35,15790.33412,4945.031206,35,0.331196721,3.862001135,vacation,employed,rent,moderate,moderate,0,0.313168244,141.2866059,Adult,Low
35,26489.61952,1702.536158,36,0.040976322,1.2179134,vacation,employed,rent,little,rich,1,0.064271824,47.29267105,Adult,Low
28,23438.67811,26477.99558,52,1.123963037,1.855318488,vacation,employed,own,little,moderate,0,1.129671027,509.1922226,Adult,Low
59,35172.79115,944.6188476,6,-0.028508126,17.00403799,education,self-employed,own,little,rich,0,0.026856522,157.4364746,Senior,Below_Avg
36,32482.87646,2591.156969,41,0.111092335,9.441778013,business,employed,rent,little,little,0,0.079769936,63.19895046,Middle,Below_Avg
54,22364.67998,4980.874185,13,0.200598801,10.59909913,furniture,employed,rent,rich,rich,0,0.222711623,383.1441681,Senior,Low
58,14063.99827,3669.804426,6,0.278992163,3.081042708,medical,retired,rent,little,little,0,0.260936069,611.634071,Senior,Low
51,15891.26589,2031.812711,19,0.227937501,4.888268355,car,employed,rent,moderate,little,0,0.127857197,106.9375111,Senior,Low
34,16732.45156,2283.940977,7,0.065561798,2.364180105,education,employed,free,moderate,moderate,0,0.136497689,326.2772824,Adult,Low
44,18814.19342,2224.92111,6,0.177927125,0.404488567,car,employed,own,little,moderate,0,0.118257587,370.8201851,Middle,Low
39,25185.53785,3907.381143,6,0.158464862,2.563046991,car,employed,rent,moderate,moderate,0,0.155143844,651.2301905,Middle,Low
29,31495.09804,23424.62906,9,0.945874119,4.506773573,education,employed,rent,rich,little,0,0.743754759,2602.736562,Adult,Below_Avg
43,21470.61754,5230.958643,31,0.222003325,1.692381112,furniture,employed,rent,little,moderate,0,0.243633358,168.7406014,Middle,Low
25,22204.76965,12661.49012,6,0.639731341,9.417748224,education,employed,own,moderate,rich,1,0.570214882,2110.248353,Young,Low
54,23662.65042,7373.008248,26,0.313123782,0.819070364,education,employed,rent,little,moderate,1,0.311588436,283.5772403,Senior,Low
34,17018.34814,11981.15069,6,0.565183276,2.287444052,education,self-employed,rent,little,little,0,0.704013727,1996.858449,Adult,Low
42,13867.50859,523.2338824,9,-0.014337988,0.667107881,car,retired,rent,little,moderate,0,0.037730922,58.13709804,Middle,Low
43,9157.065548,3852.330555,6,0.508741986,2.594558927,furniture,self-employed,own,little,rich,0,0.420694876,642.0550925,Middle,Low
36,15559.47911,13984.54875,35,0.855510561,0.202346247,vacation,employed,rent,rich,rich,1,0.898780008,399.5585358,Middle,Low
47,27905.32268,3110.725762,60,-0.110551351,1.591045896,furniture,employed,rent,moderate,little,1,0.11147428,51.84542936,Middle,Low
34,15499.20918,20130.24183,7,1.295651243,2.560259002,furniture,self-employed,rent,little,little,0,1.298791544,2875.748833,Adult,Low
50,19557.15496,16108.65724,60,0.714437158,3.252022646,furniture,self-employed,rent,moderate,little,1,0.823670788,268.4776206,Middle,Low
23,27811.79927,3376.839281,25,0.134599278,3.922984053,vacation,employed,rent,moderate,little,1,0.121417505,135.0735713,Young,Low
41,28576.63624,3286.140927,6,0.270108681,1.607856947,business,employed,own,little,little,0,0.114993973,547.6901545,Middle,Below_Avg
63,12838.88293,2184.441189,11,0.247088352,3.701627236,car,self-employed,own,rich,moderate,0,0.170142621,198.5855626,Senior,Low
27,36262.14643,2970.021927,32,0.235569778,3.556602819,vacation,employed,own,little,moderate,0,0.081904195,92.81318521,Adult,Below_Avg
31,38703.10254,1833.402389,13,-0.008780261,1.900288518,vacation,employed,rent,quite_rich,little,0,0.047370941,141.030953,Adult,Below_Avg
46,12519.90518,6926.077706,14,0.538888651,8.865679762,business,employed,own,little,little,0,0.553205284,494.7198361,Middle,Low
42,14589.85299,1533.277385,10,0.000648418,3.944339616,furniture,self-employed,rent,moderate,little,0,0.105092038,153.3277385,Middle,Low
44,39956.44807,7966.387549,9,0.130972425,2.019354788,business,self-employed,rent,quite_rich,little,0,0.19937677,885.1541721,Middle,Below_Avg
45,20467.08448,8123.066077,6,0.304195894,14.71935435,furniture,unemployed,rent,rich,rich,0,0.396884377,1353.844346,Middle,Low
47,7259.82517,1301.192559,17,0.048559644,9.325278354,business,self-employed,rent,little,little,1,0.179231941,76.54073875,Middle,Low
53,10939.7612,16981.07699,26,1.688820367,20.25292416,vacation,employed,rent,moderate,moderate,1,1.552234704,653.1183459,Senior,Low
44,19444.41551,7412.236062,28,0.17200525,5.892075589,vacation,self-employed,rent,little,little,0,0.381201279,264.7227165,Middle,Low
37,12313.83462,8953.12952,17,0.864092806,2.375868097,furniture,employed,own,moderate,moderate,0,0.727078916,526.6546776,Middle,Low
48,17913.1098,2678.648992,7,0.274141569,1.648500762,vacation,employed,own,rich,moderate,0,0.149535676,382.6641416,Middle,Low
62,22386.15814,8086.111948,6,0.411189614,5.44307975,car,unemployed,own,moderate,little,0,0.361210347,1347.685325,Senior,Low
38,45758.24633,12101.86388,40,0.153023217,19.76854522,car,employed,own,little,moderate,0,0.264473944,302.5465971,Middle,Below_Avg
28,19049.06012,4541.957115,10,0.080217198,4.927066453,education,employed,free,moderate,little,1,0.238434709,454.1957115,Adult,Low
53,37656.87802,24380.47698,16,0.592597185,10.66906378,business,retired,own,little,little,0,0.647437554,1523.779811,Senior,Below_Avg
38,44998.30408,5091.112787,6,0.175652149,1.995701493,car,retired,rent,little,moderate,0,0.113140104,848.5187979,Middle,Below_Avg
18,45123.33668,12242.00856,6,0.271607412,2.612414723,furniture,employed,own,moderate,moderate,0,0.271301049,2040.334759,Young,Below_Avg
50,25396.77043,6213.049056,6,0.140289387,11.83696436,car,employed,free,moderate,moderate,0,0.244639336,1035.508176,Middle,Low
33,8253.192928,7851.165148,28,1.066108691,7.070727172,education,employed,own,moderate,little,0,0.951288212,280.3987553,Adult,Low
38,27733.9461,1290.692514,18,0.214976698,19.92574355,vacation,unemployed,own,little,little,1,0.046538365,71.70513967,Middle,Low
43,37205.05596,6613.332661,17,0.155093684,7.453037344,business,employed,own,quite_rich,little,0,0.177753601,389.0195683,Middle,Below_Avg
42,21151.50726,2729.899076,45,0.139997735,2.975709608,furniture,retired,rent,moderate,little,1,0.129064045,60.66442391,Middle,Low
48,52695.84743,2497.090056,6,-0.103498021,3.786487763,medical,employed,own,little,little,0,0.047386847,416.181676,Middle,Below_Avg
34,33857.53254,19836.57128,6,0.544444876,11.53876675,business,employed,rent,quite_rich,moderate,0,0.585883548,3306.095214,Adult,Below_Avg
46,29264.68238,4142.206109,6,0.192586833,4.010869109,vacation,employed,rent,rich,moderate,0,0.141542835,690.3676849,Middle,Below_Avg
36,37918.34669,2202.522416,9,0.093571584,1.474522955,business,employed,own,little,rich,0,0.05808593,244.7247129,Middle,Below_Avg
48,26021.66985,3687.465695,37,0.090940712,2.860135819,medical,unemployed,own,moderate,moderate,0,0.141707497,99.661235,Middle,Low
47,6333.414279,1736.522479,38,0.246759905,3.631617275,vacation,self-employed,rent,moderate,little,1,0.274184255,45.69795996,Middle,Low
28,17161.61571,15476.95736,16,0.857114605,0.508612559,education,employed,own,little,little,1,0.901835679,967.3098347,Adult,Low
53,40078.04726,2817.077854,19,0.042443327,6.808256051,furniture,employed,rent,little,little,0,0.070289798,148.2672555,Senior,Below_Avg
33,14708.84555,7505.864649,41,0.552619453,0.57904081,business,self-employed,own,moderate,little,1,0.510295973,183.0698695,Adult,Low
49,19697.82982,14543.29543,17,0.541565973,2.595277931,education,employed,rent,little,moderate,1,0.738319681,855.4879666,Middle,Low
44,13063.55855,3294.065697,6,0.244721893,8.164106976,education,unemployed,rent,rich,rich,0,0.252156844,549.0109495,Middle,Low
62,53742.60191,7522.230228,21,0.174965288,3.151522623,furniture,employed,rent,little,moderate,0,0.139967734,358.2014394,Senior,Average
37,51059.46581,2155.830166,26,-0.014826519,9.226292384,furniture,employed,own,quite_rich,little,0,0.042221949,82.91654484,Middle,Below_Avg
35,14158.43095,34773.666,18,2.408106219,2.091850012,education,employed,rent,rich,rich,0,2.456039524,1931.870334,Adult,Low
39,23709.92463,10395.24852,6,0.393395038,15.80731637,vacation,employed,rent,rich,little,0,0.438434482,1732.54142,Middle,Low
36,15673.91236,4212.935066,9,0.22088144,1.175248443,business,employed,rent,little,rich,1,0.268786438,468.1038962,Middle,Low
49,29955.62262,2648.458404,11,0.089001109,0.195077225,car,retired,rent,rich,rich,0,0.088412731,240.7689458,Middle,Below_Avg
20,28419.80495,4486.386004,6,0.170761528,10.29531473,car,employed,rent,moderate,little,0,0.157861252,747.7310007,Young,Below_Avg
27,33052.50993,3744.386343,10,-0.096765441,6.97572135,car,employed,free,moderate,little,0,0.113285991,374.4386343,Adult,Below_Avg
27,26002.79273,23443.66629,6,0.966870669,1.319722503,car,employed,rent,little,rich,0,0.901582631,3907.277715,Adult,Low
51,95578.49282,1843.778398,12,-0.009709164,20.91312788,car,self-employed,own,rich,moderate,0,0.019290725,153.6481998,Senior,Above_Avg
60,13174.49599,5474.417403,6,0.608827766,3.488589344,business,self-employed,own,little,little,1,0.415531449,912.4029005,Senior,Low
38,9364.660131,4843.19326,53,0.398012833,15.08635693,medical,self-employed,free,moderate,moderate,0,0.517177686,91.38100491,Middle,Low
37,18096.15746,4474.150408,6,0.160511668,3.516278211,furniture,employed,own,rich,little,1,0.247243119,745.6917347,Middle,Low
40,10056.81575,4505.736655,11,0.427737262,3.192107492,education,self-employed,free,moderate,little,0,0.44802816,409.6124232,Middle,Low
53,10443.85311,4478.947442,6,0.470182219,2.98135965,business,self-employed,rent,little,little,1,0.428859674,746.4912404,Senior,Low
28,13350.948,9881.828585,6,0.545082586,3.580633891,medical,employed,own,little,little,1,0.740159319,1646.971431,Adult,Low
42,13889.73764,7999.925893,21,0.493049462,3.81464643,medical,employed,own,moderate,little,0,0.575959467,380.948852,Middle,Low
51,13666.33719,6871.442191,6,0.56193259,3.012463307,car,self-employed,own,little,little,1,0.502800574,1145.240365,Senior,Low
46,28541.35809,433.8975778,17,-0.079609979,0.187195265,car,employed,rent,little,little,1,0.015202415,25.52338693,Middle,Below_Avg
42,17101.22658,6246.870513,6,0.502290501,1.508467095,car,employed,own,little,little,1,0.365287863,1041.145085,Middle,Low
52,20135.56055,1306.998429,11,0.0195216,1.198415392,education,employed,own,rich,little,0,0.06490996,118.818039,Senior,Low
18,34444.90559,8242.476555,22,0.149357183,10.10343366,business,employed,free,little,rich,0,0.239294503,374.6580252,Young,Below_Avg
48,15015.50687,15988.06674,46,1.125794791,4.56734829,furniture,employed,own,quite_rich,moderate,1,1.064770365,347.5666682,Middle,Low
32,19297.42701,2342.581276,12,0.28215519,7.2129079,vacation,self-employed,rent,moderate,little,0,0.121393452,195.2151064,Adult,Low
18,26446.52353,3986.127241,33,0.19236368,15.71258846,furniture,unemployed,rent,rich,moderate,0,0.150724054,120.7917346,Young,Low
46,8343.316679,3042.745269,29,0.49073547,5.164674352,medical,employed,own,little,little,1,0.36469253,104.9222507,Middle,Low
56,6684.503697,13204.92864,6,2.143117395,3.580633891,car,employed,own,quite_rich,rich,0,1.975453861,2200.82144,Senior,Low
38,26188.05486,5302.969938,37,0.110309887,1.868117758,car,self-employed,own,little,moderate,0,0.202495755,143.3235118,Middle,Low
51,28169.83885,19587.8255,18,0.78918658,1.030616003,furniture,self-employed,own,little,little,0,0.695347446,1088.212528,Senior,Low
59,61827.9043,6843.149531,6,-0.041666451,2.581786879,car,employed,own,little,rich,0,0.1106806,1140.524922,Senior,Average
55,23838.26729,5966.764768,50,0.292792202,3.181938706,business,self-employed,rent,little,moderate,0,0.250301949,119.3352954,Senior,Low
59,33185.55131,5190.39679,6,0.149273532,11.28622068,car,self-employed,rent,moderate,little,0,0.156405321,865.0661317,Senior,Below_Avg
48,19975.53749,9455.895415,11,0.597668787,4.104225977,business,employed,rent,rich,rich,1,0.473373766,859.6268559,Middle,Low
40,25555.64756,1223.965212,11,0.16511927,1.727834334,car,employed,own,little,rich,0,0.047894118,111.2695648,Middle,Low
20,50697.3247,5262.045794,17,0.160771697,6.786285909,car,employed,own,rich,rich,0,0.103793362,309.5321056,Young,Below_Avg
37,7615.977262,4646.933622,19,0.639998711,3.524398057,vacation,retired,own,rich,little,0,0.610155921,244.5754538,Middle,Low
29,27086.97134,8780.90768,6,0.375011452,0.884473217,medical,employed,own,quite_rich,rich,0,0.324174585,1463.484613,Adult,Low
66,64073.96288,4229.498535,7,0.072186716,4.299785783,furniture,employed,free,little,moderate,0,0.066009629,604.2140764,Senior,Average
37,25362.24956,2140.966096,6,0.078295891,12.11780881,medical,employed,own,little,moderate,0,0.084415465,356.8276826,Middle,Low
41,50276.16976,4943.75548,6,0.2425898,9.245543238,education,unemployed,own,little,little,0,0.098331983,823.9592466,Middle,Below_Avg
46,16081.00314,2066.73961,31,0.284809547,4.419238386,furniture,employed,rent,little,little,0,0.128520565,66.66901968,Middle,Low
40,21676.332,1053.41256,25,0.034431443,2.366711373,vacation,self-employed,rent,moderate,little,0,0.048597362,42.13650239,Middle,Low
60,22398.79297,8792.883545,10,0.416324237,0.454980625,car,self-employed,free,moderate,little,0,0.392560597,879.2883545,Senior,Low
32,7267.767652,7810.695241,6,1.08286901,3.171080415,car,self-employed,own,little,little,0,1.074703487,1301.78254,Adult,Low
42,12282.25831,7141.461707,10,0.420275484,6.973234484,business,self-employed,own,moderate,little,1,0.581445328,714.1461707,Middle,Low
31,12728.03679,13937.56146,6,1.061384818,2.233574406,furniture,employed,own,little,rich,0,1.095028376,2322.926909,Adult,Low
24,33224.17455,2887.003776,27,0.246865093,1.342318507,car,unemployed,own,little,moderate,1,0.086894673,106.9260658,Young,Below_Avg
32,34066.73087,1564.166989,6,-0.029062792,13.39583575,car,self-employed,rent,little,moderate,0,0.045914796,260.6944981,Adult,Below_Avg
39,25900.51732,4646.995583,10,0.390871441,8.617393869,business,unemployed,rent,moderate,moderate,0,0.179417095,464.6995583,Middle,Low
34,33258.0276,3721.937929,16,0.229123595,5.084363684,business,self-employed,rent,moderate,moderate,0,0.111910964,232.6211206,Adult,Below_Avg
31,20290.84937,2505.299148,60,0.163619222,0.735447847,furniture,unemployed,own,rich,little,0,0.123469407,41.75498579,Adult,Low
23,40173.61978,4610.634109,6,0.170852033,0.782735982,vacation,employed,own,quite_rich,moderate,0,0.114767704,768.4390181,Young,Below_Avg
39,22123.46793,3013.073349,6,0.044472867,0.544721267,furniture,employed,free,rich,moderate,1,0.136193537,502.1788915,Middle,Low
21,22673.04434,1131.382679,60,0.023377026,4.789427975,business,employed,own,little,little,0,0.049899901,18.85637798,Young,Low
49,19287.33001,3453.207013,9,0.32318009,0.614018822,medical,employed,free,little,little,0,0.179040179,383.6896682,Middle,Low
40,31014.96903,1980.094533,24,0.002390255,9.245688794,vacation,self-employed,rent,quite_rich,little,0,0.063843189,82.50393889,Middle,Below_Avg
22,17843.60736,5915.424008,27,0.437628205,24.78428924,education,employed,free,rich,moderate,1,0.331515029,219.0897781,Young,Low
36,35890.06117,2907.858543,6,-0.056682743,2.281278313,business,employed,rent,rich,little,0,0.081021276,484.6430905,Middle,Below_Avg
30,12505.52005,11959.78654,6,0.836544749,3.02265905,furniture,self-employed,own,rich,moderate,0,0.956360591,1993.297756,Adult,Low
43,12715.05334,17731.40879,6,1.584659458,6.218199153,education,unemployed,rent,little,little,1,1.394520992,2955.234798,Middle,Low
56,31061.15797,8463.390143,26,0.271291322,13.83526089,car,self-employed,own,rich,moderate,0,0.272475036,325.5150055,Senior,Below_Avg
18,21072.57883,1421.089421,33,0.013587862,11.22600616,furniture,self-employed,own,little,rich,0,0.067437851,43.06331579,Young,Low
41,17554.30138,16385.57738,21,1.06969644,0.296583977,car,employed,own,little,rich,0,0.933422358,780.2655897,Middle,Low
38,34373.07613,17336.62094,10,0.628948447,0.926059464,car,unemployed,own,little,moderate,1,0.504366292,1733.662094,Middle,Below_Avg
48,16258.47017,4989.207752,6,0.398943674,7.024271655,education,employed,own,moderate,little,0,0.306868217,831.5346254,Middle,Low
42,19928.365,14162.33038,9,0.65367214,5.838093609,vacation,retired,own,moderate,moderate,0,0.710661932,1573.592264,Middle,Low
30,44338.73597,3161.051137,44,0.04260146,0.714842305,car,employed,rent,moderate,moderate,0,0.071293217,71.8420713,Adult,Below_Avg
36,47551.62172,1104.340112,35,0.054386909,3.486424466,car,self-employed,free,moderate,moderate,0,0.023224026,31.55257464,Middle,Below_Avg
30,48348.91718,2675.181344,7,0.124770674,7.589187369,furniture,self-employed,rent,moderate,rich,0,0.05533074,382.1687634,Adult,Below_Avg
52,19128.54711,19603.05485,7,0.973957904,1.23449676,business,employed,own,little,little,1,1.024806261,2800.436407,Senior,Low
40,40755.719,1490.901219,27,0.05365511,10.25087549,car,self-employed,own,moderate,moderate,0,0.036581399,55.21856367,Middle,Below_Avg
62,13705.10385,4912.88697,10,0.385210472,0.272131907,car,self-employed,own,rich,little,0,0.358471342,491.288697,Senior,Low
39,13996.30384,5050.866616,15,0.489548437,7.620777512,education,unemployed,rent,moderate,little,0,0.360871461,336.7244411,Middle,Low
31,6800.640471,3260.450336,9,0.554879417,4.783206112,vacation,employed,rent,moderate,moderate,0,0.479432834,362.2722596,Adult,Low
21,50839.7649,3446.735121,6,-0.082884117,1.8931375,car,employed,own,moderate,little,0,0.067796048,574.4558534,Young,Below_Avg
18,14299.93221,5207.209087,6,0.342779191,6.381508821,furniture,employed,rent,little,moderate,1,0.364142222,867.8681812,Young,Low
20,20676.09974,3134.641607,6,0.05872867,7.624697925,business,employed,rent,moderate,moderate,1,0.151607007,522.4402678,Young,Low
43,13972.38037,1575.539768,6,0.169569755,13.58285485,car,employed,own,little,moderate,1,0.112761013,262.5899613,Middle,Low
46,31181.57405,5837.311174,6,0.2795192,2.292547085,car,self-employed,own,moderate,little,0,0.187203865,972.8851956,Middle,Below_Avg
21,18254.79692,11599.22154,6,0.645562368,5.792077969,education,employed,rent,moderate,moderate,1,0.635406769,1933.203589,Young,Low
50,11471.16248,9854.249032,6,0.832232668,4.614264541,medical,self-employed,rent,little,rich,0,0.859045371,1642.374839,Middle,Low
34,27469.49189,2571.415041,6,0.10052683,3.724371998,car,employed,own,moderate,moderate,0,0.093609851,428.5691735,Adult,Low
41,10755.09621,1806.267188,7,0.188837165,11.05534114,furniture,employed,own,rich,moderate,0,0.167945238,258.0381697,Middle,Low
59,14491.2042,3915.309633,13,0.206175285,0.015861703,furniture,employed,rent,little,little,0,0.27018525,301.1776641,Senior,Low
50,7681.38726,17227.00014,52,2.120822763,1.657205811,vacation,self-employed,own,quite_rich,moderate,1,2.242693873,331.2884643,Middle,Low
36,10807.77373,8237.71652,7,0.557189,3.863953268,car,self-employed,rent,quite_rich,moderate,0,0.762202904,1176.816646,Middle,Low
29,24083.07486,8631.48412,6,0.485122784,0.981858568,education,employed,own,rich,moderate,0,0.358404571,1438.580687,Adult,Low
18,8248.049119,10015.46384,8,1.263919383,11.92258516,vacation,employed,own,rich,moderate,1,1.214282759,1251.93298,Young,Low
31,10503.11478,6881.646712,30,0.691451664,5.214872652,medical,employed,own,moderate,rich,0,0.655200563,229.3882237,Adult,Low
37,22000.39181,5412.610772,7,0.37254327,3.24931784,business,self-employed,free,moderate,little,0,0.246023381,773.2301103,Middle,Low
28,16784.25548,8348.569763,6,0.37185803,8.428943194,furniture,self-employed,rent,quite_rich,moderate,0,0.497404831,1391.428294,Adult,Low
38,59636.21591,3175.013352,45,-0.120323403,2.997247787,furniture,self-employed,rent,little,moderate,0,0.053239685,70.55585226,Middle,Average
40,55102.38466,1585.142505,6,0.067190413,4.089619459,furniture,employed,own,little,little,1,0.028767222,264.1904175,Middle,Average
37,14271.77042,8763.911019,60,0.643400288,0.013773932,education,employed,rent,little,rich,1,0.61407315,146.0651837,Middle,Low
32,29102.19294,13229.31507,32,0.2814507,2.276170431,business,employed,rent,rich,moderate,0,0.454581381,413.4160959,Adult,Below_Avg
42,32036.82426,2009.044367,20,0.098662578,0.747087252,vacation,employed,own,little,little,1,0.062710472,100.4522183,Middle,Below_Avg
45,16338.18967,9485.666853,16,0.540560195,5.850896148,furniture,employed,free,little,little,0,0.580582491,592.8541783,Middle,Low
26,10427.78578,18856.49264,6,1.727584253,3.260284916,business,employed,rent,rich,moderate,0,1.808293059,3142.748773,Adult,Low
56,21891.4357,4905.945121,23,0.190761027,1.795944487,medical,employed,free,moderate,little,0,0.224103398,213.3019618,Senior,Low
38,20202.81364,2554.465421,7,-0.117711785,3.153983439,medical,employed,rent,moderate,little,0,0.126441072,364.9236316,Middle,Low
40,17714.12728,5423.056898,11,0.247005625,1.176269735,business,employed,rent,little,little,0,0.306143047,493.0051726,Middle,Low
48,27478.48006,3163.938292,6,0.044712948,12.95711466,education,employed,free,little,rich,1,0.115142405,527.3230486,Middle,Low
42,15133.0322,3000.745126,6,0.254001313,0.277418903,education,self-employed,own,little,little,0,0.198291069,500.1241876,Middle,Low
51,12382.02652,6950.3497,13,0.545502686,10.02787216,car,self-employed,rent,moderate,little,0,0.5613257,534.6422846,Senior,Low
43,23261.18767,1362.418107,11,0.122457332,3.580633891,car,employed,own,rich,rich,0,0.058570445,123.8561916,Middle,Low
32,26715.12187,1548.213341,7,-0.197001238,4.824077418,furniture,self-employed,rent,rich,rich,0,0.057952696,221.1733345,Adult,Low
44,12230.37057,4991.205308,11,0.324189448,1.802021023,car,unemployed,rent,little,moderate,0,0.408099271,453.7459371,Middle,Low
26,35032.98431,4827.833855,24,0.193407944,17.01063158,education,employed,rent,rich,little,0,0.137808238,201.159744,Adult,Below_Avg
41,9088.44796,6469.432439,11,0.680943815,1.655390764,education,employed,rent,little,moderate,0,0.711830278,588.1302217,Middle,Low
39,16497.15582,22030.43776,12,1.41995429,4.444326323,education,unemployed,own,little,little,1,1.335408236,1835.869814,Middle,Low
37,19360.60735,5343.366846,21,0.095531404,25.11609958,car,unemployed,rent,rich,moderate,1,0.275991695,254.4460403,Middle,Low
38,16024.72536,7931.026253,33,0.568035401,10.64712674,car,employed,own,little,little,0,0.494924317,240.3341289,Middle,Low
18,16605.1765,2251.999239,13,0.071706392,3.842909049,car,employed,own,rich,moderate,0,0.135620313,173.2307107,Young,Low
33,56136.26071,9084.728817,53,0.088213814,23.21670919,car,self-employed,rent,little,little,1,0.161833523,171.4099777,Adult,Average
41,14393.87367,3225.642093,7,0.323202968,6.042747335,medical,employed,rent,little,moderate,1,0.224098263,460.8060132,Middle,Low
41,74653.36368,5203.759718,6,0.185895743,1.170393211,furniture,unemployed,own,moderate,little,1,0.06970563,867.2932864,Middle,Average
27,27407.26463,4504.900575,21,0.26783882,2.600982051,car,employed,own,little,moderate,0,0.16436885,214.519075,Adult,Low
55,23063.98453,11230.39688,6,0.690787727,2.036033123,car,unemployed,own,little,moderate,1,0.486923535,1871.732813,Senior,Low
29,27948.5382,1723.338637,41,0.188341498,2.108076935,education,employed,rent,moderate,little,0,0.061661137,42.03264969,Adult,Low
51,78038.99172,791.0879044,8,-0.069406573,7.145099985,business,employed,rent,little,moderate,0,0.010137085,98.88598805,Senior,Average
45,13402.59331,4143.324825,21,0.323307329,4.388511276,car,retired,own,rich,little,0,0.309143516,197.3011821,Middle,Low
32,12579.08811,7149.695201,15,0.532359661,0.194186034,medical,employed,rent,rich,moderate,1,0.568379451,476.6463467,Adult,Low
61,15101.76497,5551.455922,6,0.570512106,10.49611898,vacation,employed,own,moderate,little,0,0.36760312,925.2426537,Senior,Low
25,22383.32573,13170.87709,22,0.698910595,1.760542221,car,unemployed,rent,little,moderate,1,0.588423599,598.6762313,Young,Low
51,9293.90825,6973.67859,28,0.731461398,29.17209359,furniture,employed,own,moderate,little,0,0.750349412,249.0599497,Senior,Low
52,22273.87219,3130.416477,60,0.228333067,15.41634407,furniture,employed,free,rich,little,1,0.140542087,52.17360795,Senior,Low
31,51368.1478,764.83787,9,-0.108330506,14.11147673,furniture,employed,own,little,little,0,0.014889341,84.98198555,Adult,Below_Avg
56,23758.69138,4064.923541,12,0.196118238,8.333418229,vacation,self-employed,rent,little,rich,0,0.171092064,338.7436284,Senior,Low
36,19027.81758,11185.42871,37,0.494053869,1.246239956,car,self-employed,rent,rich,moderate,1,0.587846118,302.3088839,Middle,Low
43,16170.11033,3591.63128,6,0.053256227,3.803199575,furniture,unemployed,own,moderate,rich,1,0.222115447,598.6052134,Middle,Low
43,34518.67815,5027.389845,6,0.224096218,1.269964089,furniture,employed,own,moderate,rich,0,0.145642595,837.8983075,Middle,Below_Avg
38,14575.30028,6884.91595,6,0.56322783,1.503333077,furniture,employed,own,little,rich,1,0.472368721,1147.485992,Middle,Low
49,55447.83569,2181.495873,60,0.085064474,4.720259785,vacation,employed,rent,rich,moderate,0,0.039343211,36.35826454,Middle,Average
49,57911.99872,8091.656251,6,0.121426608,0.20845324,car,self-employed,own,little,little,1,0.139723312,1348.609375,Middle,Average
19,25043.64544,18209.47664,25,0.600473799,17.44335526,car,self-employed,rent,rich,rich,1,0.727109665,728.3790656,Young,Low
55,21900.01183,4280.175612,10,0.079307016,12.54639668,education,unemployed,rent,little,little,0,0.195441703,428.0175612,Senior,Low
20,36876.50492,1991.709238,6,-0.042917748,2.396372938,car,retired,own,rich,moderate,0,0.05401025,331.9515396,Young,Below_Avg
52,38078.27738,4659.759789,44,0.099005848,3.622388972,car,employed,own,little,rich,0,0.122373177,105.9036316,Senior,Below_Avg
53,14720.61446,829.2259814,11,0.163948809,3.137915483,furniture,employed,free,moderate,little,0,0.056330935,75.38418012,Senior,Low
26,16927.96782,6435.099686,15,0.486186447,10.69382564,car,self-employed,own,rich,little,0,0.380146026,429.0066458,Adult,Low
35,11371.054,7057.311864,6,0.455781561,5.833415225,furniture,employed,own,little,little,0,0.620638321,1176.218644,Adult,Low
26,27025.40069,18779.2729,7,0.625551577,1.629421171,car,employed,rent,little,rich,1,0.694874911,2682.753271,Adult,Low
37,30739.81324,4208.258428,24,0.064883182,2.960551281,car,unemployed,own,quite_rich,rich,0,0.136899284,175.3441012,Middle,Below_Avg
36,11215.33347,6814.365733,7,0.354435367,2.801532419,education,employed,own,little,moderate,1,0.60759368,973.480819,Middle,Low
49,17542.82911,2467.521583,12,0.197269087,16.01195823,car,employed,own,rich,rich,0,0.140656993,205.6267986,Middle,Low
55,11230.3256,3695.452555,6,0.304444161,0.963744125,medical,employed,free,little,little,0,0.329060144,615.9087592,Senior,Low
56,14053.12535,1450.772788,34,0.091920632,0.469226122,furniture,self-employed,own,moderate,little,0,0.103234886,42.66978788,Senior,Low
33,29013.26825,4205.583402,24,0.279540903,10.62716907,business,employed,free,little,little,0,0.144953797,175.2326418,Adult,Below_Avg
37,15264.10033,3849.708373,25,0.261037601,11.34991141,vacation,self-employed,own,rich,little,0,0.2522067,153.9883349,Middle,Low
19,18950.52703,6243.89717,6,0.286411044,10.26844357,car,employed,own,little,little,0,0.329484091,1040.649528,Young,Low
30,9762.893846,2984.305978,12,0.362886183,3.576727917,business,unemployed,free,moderate,little,0,0.305678421,248.6921649,Adult,Low
51,24185.17461,5253.639118,6,0.323112787,5.390291311,vacation,employed,own,little,moderate,0,0.217225602,875.6065197,Senior,Low
59,21544.23064,3764.22003,6,0.204367316,4.143266008,car,unemployed,own,moderate,little,0,0.174720559,627.3700051,Senior,Low
25,15298.65775,3769.887689,7,0.315338466,0.359885668,medical,employed,own,little,little,1,0.246419506,538.5553842,Young,Low
32,20040.14621,5241.116676,44,0.246974095,4.529659067,car,retired,free,little,rich,0,0.26153086,119.1162881,Adult,Low
39,24104.34612,5076.708278,60,0.20242804,0.068538348,car,unemployed,own,moderate,little,0,0.210613814,84.61180464,Middle,Low
43,14655.42606,9035.705012,17,0.627845389,1.965119679,business,employed,rent,little,little,1,0.616543318,531.5120596,Middle,Low
30,10528.79041,4462.594368,13,0.348534728,13.46279721,car,employed,rent,rich,little,0,0.423846823,343.2764898,Adult,Low
45,54327.57568,3714.843095,10,0.01157243,1.812353317,business,employed,own,rich,rich,0,0.068378591,371.4843095,Middle,Average
34,16048.38736,4252.890056,6,0.402792164,14.05262797,vacation,self-employed,own,moderate,moderate,0,0.2650042,708.8150093,Adult,Low
39,20986.19141,2774.618964,28,0.333007258,1.43930349,medical,employed,free,little,moderate,0,0.132211649,99.09353443,Middle,Low
46,36512.86224,3685.16701,20,0.260147705,1.888487899,furniture,employed,rent,moderate,little,0,0.100927914,184.2583505,Middle,Below_Avg
40,128608.424,24957.43295,18,0.061731793,4.949787228,medical,self-employed,rent,little,little,1,0.194057529,1386.524053,Middle,High
34,11822.46454,2368.132601,29,0.058322109,7.169592455,furniture,self-employed,own,rich,little,0,0.200307862,81.65974486,Adult,Low
38,27581.86049,3932.674206,47,0.023510962,3.479632878,car,employed,own,little,little,0,0.142581905,83.67391927,Middle,Low
38,15463.28614,3604.754939,8,0.246555748,10.69025768,education,employed,rent,little,moderate,0,0.233117004,450.5943674,Middle,Low
35,16824.72564,4032.98756,10,-0.041166467,0.205362325,education,employed,rent,little,rich,0,0.239705993,403.298756,Adult,Low
36,15365.71472,3770.672147,60,0.186515011,12.76773754,furniture,employed,rent,quite_rich,little,0,0.245395168,62.84453578,Middle,Low
59,12546.19255,6144.988072,19,0.630499006,1.092694594,education,employed,own,rich,moderate,0,0.489789077,323.4204249,Senior,Low
46,21576.3766,1251.201938,34,0.15623332,10.78112678,furniture,self-employed,free,little,little,0,0.057989437,36.80005701,Middle,Low
36,10538.05907,11268.16957,6,1.018373739,2.56132646,education,employed,own,quite_rich,little,1,1.069283204,1878.028262,Middle,Low
48,35362.37862,8152.388573,6,0.187202923,8.941538842,medical,employed,own,little,little,1,0.230538467,1358.731429,Middle,Below_Avg
35,22640.63247,1818.38265,8,0.137039182,5.568612624,furniture,employed,free,rich,rich,0,0.080315011,227.2978313,Adult,Low
54,27206.67119,800.1011696,6,0.122935147,0.967569586,car,retired,rent,moderate,little,0,0.029408271,133.3501949,Senior,Low
44,17446.69819,2249.227905,38,0.075606249,12.5080816,business,employed,own,rich,moderate,0,0.128919976,59.19020803,Middle,Low
38,18331.90077,4047.549158,12,0.197356059,1.40861525,furniture,retired,rent,little,little,0,0.220792661,337.2957632,Middle,Low
45,25432.46922,38724.72326,55,1.466048005,1.399496311,vacation,employed,own,moderate,little,0,1.522648977,704.0858774,Middle,Low
21,12307.63012,7590.141946,6,0.483567205,8.41485439,car,employed,own,moderate,little,0,0.616702149,1265.023658,Young,Low
26,18416.54608,1157.396402,6,0.04087109,3.580633891,furniture,self-employed,rent,little,little,0,0.062845465,192.8994004,Adult,Low
25,14331.18546,2830.689487,6,0.167926809,1.25537454,car,employed,own,little,rich,0,0.197519563,471.7815812,Young,Low
41,14111.08016,4709.93813,6,0.207711464,3.502647549,car,self-employed,own,rich,moderate,0,0.333775875,784.9896883,Middle,Low
60,7670.068918,6020.62795,18,0.849559052,8.873834187,business,unemployed,own,moderate,little,1,0.784950959,334.4793305,Senior,Low
66,43030.45048,1716.771741,6,0.088228739,0.79781636,furniture,employed,own,moderate,moderate,0,0.039896671,286.1286236,Senior,Below_Avg
47,15626.61178,4411.66663,8,0.351889512,3.96669687,vacation,self-employed,own,little,little,1,0.282317542,551.4583287,Middle,Low
46,39406.57768,2768.023177,28,-0.006564367,6.210807176,education,self-employed,rent,little,moderate,1,0.070242669,98.85797061,Middle,Below_Avg
18,37586.34734,2032.441685,6,-0.144283633,9.851867626,car,unemployed,rent,rich,moderate,0,0.054073935,338.7402809,Young,Below_Avg
33,11579.59929,6049.171003,6,0.569132106,13.71053505,business,employed,own,rich,little,0,0.522398993,1008.195167,Adult,Low
30,12782.01498,9127.998605,13,0.647717027,7.677219177,education,employed,rent,rich,rich,0,0.714128298,702.1537389,Adult,Low
32,79241.18693,9631.873379,21,0.032484538,5.289680458,business,employed,rent,rich,little,0,0.121551352,458.6606371,Adult,Above_Avg
37,52863.21308,7781.53642,43,0.021496044,2.842450993,education,retired,rent,rich,little,1,0.147201352,180.9659632,Middle,Below_Avg
34,21682.06594,3301.408166,19,0.124732212,0.594537956,car,employed,own,little,moderate,0,0.152264465,173.7583245,Adult,Low
18,25051.43908,8704.886461,52,0.505213225,6.184842669,business,employed,own,little,little,1,0.347480495,167.4016627,Young,Low
48,16067.86829,6293.316967,6,0.341125981,24.62502117,furniture,employed,rent,rich,little,0,0.391670933,1048.886161,Middle,Low
27,27341.92062,5470.654311,7,0.091102725,6.673456873,furniture,self-employed,own,little,little,0,0.20008303,781.5220444,Adult,Low
42,15389.01234,3012.861295,32,0.26097337,0.084261497,medical,employed,own,quite_rich,rich,0,0.19578003,94.15191548,Middle,Low
64,7973.055854,3302.711571,29,0.431515322,3.428474867,furniture,employed,rent,rich,little,0,0.414234094,113.8866059,Senior,Low
28,11375.55583,5214.03626,19,0.24642428,4.76797264,education,self-employed,own,moderate,little,0,0.458354417,274.4229611,Adult,Low
18,22259.99441,34610.05666,12,1.621044396,5.850662846,furniture,employed,free,little,little,0,1.554809764,2884.171388,Young,Low
36,12512.28677,6254.109109,6,0.712684194,6.359934982,car,employed,rent,moderate,little,1,0.499837418,1042.351518,Middle,Low
53,21297.84702,3014.07782,6,-0.118533287,4.083453846,furniture,employed,rent,rich,moderate,0,0.141520306,502.3463033,Senior,Low
63,12870.19536,2525.232569,6,0.072637186,1.263893924,education,employed,rent,rich,little,0,0.196207788,420.8720948,Senior,Low
25,14895.62819,3316.239403,6,-0.062220984,14.25388974,furniture,employed,own,little,moderate,0,0.222631725,552.7065671,Young,Low
45,33744.83519,28052.54838,26,0.823783394,5.96461156,furniture,employed,rent,rich,moderate,1,0.831313836,1078.944168,Middle,Below_Avg
34,24927.83361,3570.97763,6,0.24229125,1.351438097,vacation,employed,rent,moderate,little,0,0.143252626,595.1629383,Adult,Low
38,21920.28602,10152.71491,7,0.473715332,1.945413913,car,self-employed,own,little,little,0,0.463165257,1450.387845,Middle,Low
71,34182.94063,3638.247554,60,0.245634168,12.75059791,car,employed,free,little,moderate,1,0.106434598,60.63745924,Senior,Below_Avg
21,28009.64787,6056.865088,9,0.299297129,10.92335196,vacation,employed,rent,moderate,moderate,1,0.2162421,672.9850098,Young,Low
43,45400.64748,9259.415634,6,0.37416371,2.597200093,medical,employed,free,little,rich,0,0.203948978,1543.235939,Middle,Below_Avg
45,17501.99877,3110.310129,21,0.293732787,0.195301185,furniture,employed,rent,little,rich,0,0.17771171,148.1100061,Middle,Low
53,17768.50009,2942.782015,29,0.125323613,0.248564135,vacation,unemployed,own,little,moderate,0,0.165617919,101.4752419,Senior,Low
41,11492.44758,18529.06308,6,1.618954359,1.669804999,car,employed,own,quite_rich,rich,1,1.612281713,3088.17718,Middle,Low
43,17774.31366,10804.0281,29,0.520977332,4.959413514,car,employed,own,little,moderate,1,0.607845023,372.5526931,Middle,Low
35,35681.40441,9251.471093,6,0.236214287,4.387690008,vacation,unemployed,own,little,little,0,0.259279904,1541.911849,Adult,Below_Avg
43,42192.32815,9226.370619,21,0.224857296,5.023257644,medical,self-employed,own,little,moderate,0,0.218674129,439.3509819,Middle,Below_Avg
35,35601.8394,7098.653454,6,0.190899343,6.316543912,car,self-employed,rent,rich,little,0,0.199390076,1183.108909,Adult,Below_Avg
47,8981.33727,24691.65597,10,2.883443562,0.096078491,car,self-employed,rent,rich,little,1,2.74921821,2469.165597,Middle,Low
35,37857.05391,5090.4761,13,0.101448916,0.555136012,car,employed,own,rich,little,1,0.134465722,391.5750846,Adult,Below_Avg
44,8784.470173,7799.460891,23,0.794660603,2.227401608,car,retired,rent,moderate,little,0,0.887869244,339.1069953,Middle,Low
39,34511.87208,1539.587276,18,-0.042350737,0.84126491,business,unemployed,own,moderate,little,0,0.044610367,85.53262646,Middle,Below_Avg
53,18326.57987,2540.284726,34,0.204122073,0.391537966,education,employed,rent,moderate,little,0,0.138612046,74.71425666,Senior,Low
39,31296.65986,1880.597454,6,-0.080224443,5.1216686,furniture,self-employed,free,moderate,little,1,0.060089398,313.432909,Middle,Below_Avg
18,11313.76976,13619.40464,19,1.183671537,8.446099536,education,employed,rent,little,little,1,1.203790154,716.8107707,Young,Low
55,39560.39681,637.7637254,6,0.148871292,6.984282876,vacation,self-employed,own,moderate,moderate,0,0.016121267,106.2939542,Senior,Below_Avg
29,10588.38185,3562.265443,11,0.365691369,8.492432596,car,employed,own,little,little,0,0.336431524,323.842313,Adult,Low
32,15768.54709,448.1081985,13,0.020957311,5.480924347,business,employed,rent,rich,rich,0,0.02841785,34.46986143,Adult,Low
32,13372.46052,2527.458885,6,0.185413734,6.64664702,medical,employed,rent,moderate,rich,0,0.189004774,421.2431475,Adult,Low
56,9162.346322,3318.409365,6,0.259222534,1.585751977,car,employed,free,moderate,moderate,0,0.362178993,553.0682275,Senior,Low
18,23092.51421,14881.83879,32,0.558730813,24.81496915,vacation,employed,own,moderate,little,0,0.644444284,465.057462,Young,Low
77,54341.55827,6750.030831,6,0.104696725,1.011594821,business,employed,own,rich,moderate,0,0.124214893,1125.005138,Senior,Average
52,83571.0637,2523.713688,7,0.057325718,1.207135115,car,self-employed,own,moderate,little,0,0.030198415,360.5305268,Senior,Above_Avg
42,23122.88026,11530.73059,18,0.5934869,1.70486457,car,unemployed,rent,moderate,moderate,1,0.498671898,640.5961441,Middle,Low
39,38497.19412,4985.384464,6,0.138756005,18.51132929,education,employed,rent,little,little,0,0.129499944,830.8974107,Middle,Below_Avg
43,24736.80066,5064.716724,6,0.340021628,22.23595822,education,unemployed,own,little,moderate,0,0.204744211,844.119454,Middle,Low
46,28266.75328,1877.812461,9,0.226951643,3.580633891,education,employed,own,little,moderate,0,0.066431841,208.645829,Middle,Below_Avg
47,18563.0008,2226.061209,6,0.199445975,4.958542403,car,self-employed,rent,little,moderate,1,0.119919254,371.0102015,Middle,Low
46,24283.16189,2540.007112,44,0.227097662,3.670497743,business,employed,free,rich,moderate,0,0.104599521,57.72743437,Middle,Low
41,28817.5355,5100.883396,50,0.077934881,17.63734947,car,unemployed,own,rich,little,1,0.177006233,102.0176679,Middle,Below_Avg
37,16494.29983,5230.742841,10,0.202204379,5.947437833,furniture,self-employed,own,little,moderate,0,0.317124273,523.0742841,Middle,Low
38,21189.32614,16903.46874,6,0.849532416,14.47763667,furniture,employed,own,little,little,1,0.797735078,2817.24479,Middle,Low
37,21392.27042,6687.825978,11,0.178507171,1.903014741,business,employed,own,moderate,little,1,0.312628152,607.9841798,Middle,Low
53,33296.30333,563.3761065,6,-0.012117105,2.030637579,car,retired,rent,moderate,little,0,0.01692008,93.89601775,Senior,Below_Avg
47,12925.84293,6063.931253,9,0.546251555,9.645619936,car,self-employed,own,rich,little,0,0.469132364,673.7701392,Middle,Low
18,21466.07145,1540.691954,6,0.213110647,0.811741312,car,employed,rent,moderate,little,0,0.071773354,256.7819923,Young,Low
47,57296.95354,2269.29221,22,0.014184244,14.58718111,car,employed,free,rich,moderate,0,0.039605809,103.1496459,Middle,Average
42,39420.05896,2566.412845,6,0.000109807,3.54104374,car,self-employed,own,little,moderate,0,0.065104237,427.7354741,Middle,Below_Avg
39,43242.95135,2890.917894,13,0.09889909,13.04649419,education,retired,rent,little,little,0,0.066852928,222.3782996,Middle,Below_Avg
35,22297.18954,1635.788919,6,-0.033991335,2.053339009,business,employed,free,quite_rich,little,0,0.073363009,272.6314865,Adult,Low
53,25861.19294,5783.623121,13,0.206313138,6.293181738,business,unemployed,own,little,moderate,1,0.223641003,444.8940862,Senior,Low
51,36356.12914,1589.791528,6,0.04292829,3.29735445,furniture,employed,own,little,rich,0,0.043728295,264.9652546,Senior,Below_Avg
30,48056.26374,6537.656754,46,0.13324332,4.928252687,car,retired,rent,little,little,0,0.13604172,142.1229729,Adult,Below_Avg
44,8301.558469,29424.32116,12,3.553283753,3.509653143,medical,self-employed,rent,moderate,moderate,0,3.544433406,2452.026763,Middle,Low
28,11410.38685,1696.822652,6,0.065257114,17.07378713,car,employed,own,little,rich,0,0.1487086,282.8037753,Adult,Low
23,42392.30126,3914.299857,7,0.019635859,5.889988776,business,employed,own,rich,little,0,0.092335159,559.1856939,Young,Below_Avg
32,19178.6953,652.7760468,6,-0.040675106,1.447211227,medical,self-employed,rent,quite_rich,little,0,0.03403652,108.7960078,Adult,Low
50,15742.81903,3863.202438,13,0.083385145,12.0218114,business,employed,own,rich,rich,0,0.245394578,297.1694183,Middle,Low
51,11765.4142,8218.752579,6,0.732734944,1.740910822,car,unemployed,rent,little,little,1,0.698551912,1369.792096,Senior,Low
46,16688.77554,8747.396438,11,0.613614231,2.322932437,furniture,self-employed,rent,quite_rich,moderate,0,0.524148486,795.217858,Middle,Low
48,10925.06925,5228.558953,6,0.558214607,0.538614843,car,employed,rent,rich,moderate,1,0.478583598,871.4264921,Middle,Low
46,62664.29686,10010.70941,25,0.133501718,11.51125173,education,unemployed,rent,little,little,0,0.159751404,400.4283764,Middle,Average
32,21780.75311,37678.45139,11,1.648796105,1.685146121,education,employed,rent,little,little,1,1.729896629,3425.313762,Adult,Low
45,21397.40066,19338.31712,33,0.978200919,1.498217415,business,self-employed,rent,moderate,moderate,0,0.903769455,586.0096098,Middle,Low
49,29555.89034,3235.643989,51,0.173367739,12.64508259,car,self-employed,own,rich,moderate,0,0.109475436,63.44399979,Middle,Below_Avg
49,35638.17182,1539.351974,60,0.064935974,8.187306178,vacation,unemployed,rent,little,little,0,0.04319391,25.65586624,Middle,Below_Avg
54,35346.1261,3551.334995,6,0.274904229,0.760391186,business,employed,rent,moderate,moderate,0,0.100473104,591.8891659,Senior,Below_Avg
48,37677.22095,2304.027108,26,0.058509174,7.333716674,car,employed,rent,quite_rich,moderate,1,0.061151726,88.61642724,Middle,Below_Avg
44,16067.87514,7052.081062,10,0.413204197,12.21113835,furniture,employed,rent,little,little,0,0.438893195,705.2081062,Middle,Low
52,18978.58652,1910.35653,9,0.060676792,0.408823379,education,employed,rent,little,moderate,0,0.100658525,212.2618366,Senior,Low
39,32354.74052,4636.625204,36,-0.012781871,8.720993013,furniture,employed,own,quite_rich,little,0,0.1433059,128.7951446,Middle,Below_Avg
29,16920.91093,9608.575343,6,0.633986128,3.963954253,car,self-employed,free,little,little,0,0.567852132,1601.429224,Adult,Low
38,21970.29701,4534.378472,11,0.195838226,5.531168027,car,employed,own,quite_rich,moderate,0,0.206386763,412.2162247,Middle,Low
31,26886.56187,2305.260448,16,0.136733371,3.394785083,business,employed,free,rich,little,0,0.085740247,144.078778,Adult,Low
31,32617.11864,12579.84547,6,0.569870104,5.983382187,car,employed,own,little,little,0,0.385682304,2096.640911,Adult,Below_Avg
38,9055.789164,1093.146205,35,0.081637241,0.17346378,car,employed,own,little,moderate,1,0.120712418,31.23274872,Middle,Low
30,31488.34716,3781.076193,6,-0.113722286,7.192292241,vacation,self-employed,rent,little,moderate,0,0.120078586,630.1793655,Adult,Below_Avg
36,19597.12148,4753.668816,19,0.290676785,0.169561368,education,employed,rent,little,moderate,1,0.242569748,250.1930956,Middle,Low
18,31373.81339,4977.718471,47,0.175344321,3.037599075,education,employed,rent,rich,rich,0,0.158658382,105.9089036,Young,Below_Avg
42,32482.79509,5678.241365,22,0.101562271,0.818274302,furniture,employed,own,moderate,rich,0,0.174807659,258.1018802,Middle,Below_Avg
40,49215.18684,8009.24562,39,0.202465945,8.67427663,education,employed,rent,rich,moderate,1,0.162739311,205.3652723,Middle,Below_Avg
30,43335.47332,4777.506558,6,0.188854339,1.881917359,education,employed,rent,moderate,little,0,0.110244707,796.251093,Adult,Below_Avg
47,43186.61254,3661.226115,12,-0.009884115,3.026538225,medical,unemployed,own,moderate,moderate,0,0.084776876,305.1021762,Middle,Below_Avg
51,45335.02355,3547.252092,14,0.048112104,2.799648172,car,self-employed,free,quite_rich,little,0,0.078245291,253.3751495,Senior,Below_Avg
20,25481.02897,3013.288717,21,0.265931536,7.403068405,car,employed,rent,rich,moderate,0,0.118256163,143.4899389,Young,Low
30,22383.79511,9228.341813,6,0.340115581,3.280647922,car,employed,own,quite_rich,moderate,0,0.4122778,1538.056969,Adult,Low
30,34078.04252,2930.057178,19,0.09264777,7.778498503,business,unemployed,rent,little,rich,0,0.085980795,154.2135357,Adult,Below_Avg
28,31762.46341,9676.125939,6,0.042199169,0.381750834,education,employed,rent,rich,rich,0,0.304640286,1612.687656,Adult,Below_Avg
49,18872.60883,4990.040305,6,0.116221942,1.063454159,car,employed,rent,moderate,moderate,1,0.264406492,831.6733841,Middle,Low
37,26968.14691,3238.923027,11,0.135853551,4.009614826,furniture,employed,own,quite_rich,little,0,0.120101802,294.4475479,Middle,Low
36,21643.3119,8060.458926,16,0.495221401,14.6956563,car,self-employed,rent,moderate,moderate,0,0.37242262,503.7786829,Middle,Low
18,14371.94823,2746.374234,57,0.054889721,0.388498942,furniture,retired,rent,little,little,0,0.191092689,48.1820041,Young,Low
47,41991.83068,8189.001337,21,0.20247056,0.220199458,medical,employed,own,little,little,0,0.195014154,389.9524446,Middle,Below_Avg
25,22642.85483,5826.55326,16,0.219752354,0.851277279,business,employed,own,little,moderate,0,0.257324145,364.1595787,Young,Low
40,61350.22569,3050.132309,6,0.145025531,5.124297621,car,self-employed,rent,little,moderate,0,0.049716725,508.3553849,Middle,Average
43,9771.779473,7501.871879,6,0.645927527,2.545742793,car,retired,rent,moderate,little,1,0.767707857,1250.31198,Middle,Low
56,16674.07861,7610.40585,16,0.499429138,8.730653755,car,unemployed,rent,rich,little,0,0.456421373,475.6503656,Senior,Low
24,22388.87401,12406.99474,6,0.488789874,0.373257569,business,self-employed,rent,little,moderate,0,0.554158942,2067.832457,Young,Low
18,38897.70571,10645.76681,22,0.295990042,1.093355879,furniture,unemployed,rent,little,little,0,0.27368624,483.8984916,Young,Below_Avg
42,26896.04924,7280.968853,6,0.277600851,1.783563334,medical,employed,rent,rich,little,1,0.270707746,1213.494809,Middle,Low
61,25725.45833,1994.058402,7,0.05233513,4.927267464,business,employed,own,little,little,0,0.077513037,284.865486,Senior,Low
54,12536.1043,34852.13199,26,2.827921743,5.778655068,education,employed,own,quite_rich,rich,1,2.780140558,1340.466615,Senior,Low
42,12351.45688,1598.957337,32,0.133820232,0.663106429,vacation,employed,rent,little,moderate,0,0.129454958,49.96741677,Middle,Low
34,25880.68794,10502.94045,7,0.392540902,14.39461158,business,self-employed,rent,moderate,little,0,0.405821533,1500.420064,Adult,Low
49,11136.096,6939.791803,6,0.587538302,2.085493598,car,unemployed,rent,little,little,0,0.623179955,1156.631967,Middle,Low
28,16882.97716,1921.163175,57,0.121552753,6.244306303,education,self-employed,rent,quite_rich,little,1,0.113792914,33.70461711,Adult,Low
45,28295.51709,4449.55446,25,0.179457338,3.713869522,education,self-employed,rent,rich,little,0,0.157252983,177.9821784,Middle,Below_Avg
46,13478.32157,4614.679472,29,0.243463695,1.260018344,furniture,employed,own,rich,moderate,0,0.342377903,159.1268783,Middle,Low
52,49152.25385,13967.18841,6,0.249214584,9.361431972,car,self-employed,rent,little,rich,1,0.284161708,2327.864734,Senior,Below_Avg
73,40618.06397,2777.624319,9,-0.037134628,8.525286475,car,employed,own,quite_rich,little,0,0.068383966,308.6249243,Senior,Below_Avg
44,10039.57439,3985.603389,6,0.393004736,2.521500258,car,self-employed,rent,quite_rich,little,0,0.396989278,664.2672315,Middle,Low
33,13819.20235,758.3494657,6,-0.00435672,4.441038703,car,employed,rent,moderate,little,0,0.054876501,126.3915776,Adult,Low
39,7024.163257,19688.89863,6,2.880102377,1.490855761,medical,employed,rent,moderate,moderate,0,2.803024063,3281.483105,Middle,Low
18,14893.85988,2087.297416,6,0.207417525,5.853522395,business,employed,own,quite_rich,rich,0,0.140144827,347.8829026,Young,Low
31,32312.00908,6383.863079,60,0.105294508,1.848271293,business,employed,own,moderate,moderate,1,0.197569364,106.397718,Adult,Below_Avg
35,17908.89022,4531.796582,9,0.25281658,9.292020534,education,employed,own,little,moderate,1,0.253047315,503.5329535,Adult,Low
33,27733.56307,4544.164796,21,0.227702397,1.225572679,business,employed,rent,rich,little,0,0.163850739,216.3887998,Adult,Low
41,10289.02262,9394.59298,42,0.895538691,0.074570435,medical,employed,own,moderate,moderate,1,0.913069523,223.6807852,Middle,Low
30,32826.37632,18713.67779,6,0.497258771,1.563345262,furniture,self-employed,own,quite_rich,little,0,0.570080523,3118.946299,Adult,Below_Avg
53,16688.00348,6010.0896,6,0.250903963,1.060106211,business,self-employed,free,moderate,little,0,0.360144316,1001.6816,Senior,Low
40,22160.90194,8300.42846,6,0.459979583,3.549294633,furniture,unemployed,own,little,little,1,0.374552827,1383.404743,Middle,Low
39,21027.00303,6393.986571,38,0.394355856,1.138917067,vacation,self-employed,own,moderate,little,1,0.304084541,168.2628045,Middle,Low
36,11663.57177,11092.50728,19,0.930243867,7.202483006,vacation,employed,rent,rich,little,1,0.951038627,583.8161724,Middle,Low
41,12375.30006,3393.668934,10,0.350842983,1.381209725,medical,self-employed,rent,little,moderate,0,0.274229224,339.3668934,Middle,Low
49,35735.40577,11618.01795,30,0.028591191,6.137370374,car,employed,rent,moderate,little,0,0.325112244,387.267265,Middle,Below_Avg
29,26889.6324,11948.9644,6,0.577126151,4.319332597,car,employed,rent,little,rich,0,0.444370686,1991.494067,Adult,Low
32,37235.74704,11684.63029,6,0.298106939,21.43353008,car,self-employed,own,moderate,rich,0,0.31380142,1947.438382,Adult,Below_Avg
36,25908.57095,2898.305996,15,0.126044343,46.10079252,furniture,employed,own,quite_rich,little,0,0.111866687,193.2203998,Middle,Low
23,23658.91592,4295.528567,28,0.149508895,10.18290972,furniture,employed,own,moderate,little,1,0.181560668,153.4117346,Young,Low
30,9292.795399,5952.541743,6,0.78012523,7.135235317,car,self-employed,own,moderate,moderate,0,0.640554482,992.0902905,Adult,Low
34,19241.34545,1641.435371,6,-0.020765439,2.442519863,business,self-employed,rent,little,rich,0,0.085307723,273.5725618,Adult,Low
50,21726.93121,17604.96364,11,0.957729062,6.997439616,car,self-employed,own,moderate,little,0,0.810283029,1600.45124,Middle,Low
43,58486.63813,4866.736037,6,0.122838167,15.6951892,vacation,employed,rent,moderate,rich,0,0.083211075,811.1226729,Middle,Average
42,31053.85754,6168.076452,24,0.26089155,0.118275829,car,unemployed,rent,rich,moderate,0,0.198625129,257.0031855,Middle,Below_Avg
50,47478.42094,3097.641976,15,0.032322699,3.860028867,furniture,self-employed,own,rich,rich,0,0.065243155,206.5094651,Middle,Below_Avg
38,29696.03615,1700.194529,12,-0.073568672,1.229491851,education,self-employed,own,moderate,rich,0,0.057253248,141.6828774,Middle,Below_Avg
44,15434.31238,3031.388643,37,0.289456888,4.080828038,education,self-employed,own,quite_rich,little,0,0.196405811,81.92942279,Middle,Low
38,23354.90039,5856.827479,23,0.281915935,3.140985187,car,employed,own,rich,little,0,0.2507751,254.644673,Middle,Low
43,24787.92264,8423.182881,6,0.475972301,4.287380872,vacation,employed,rent,little,little,0,0.339809955,1403.863814,Middle,Low
33,13772.40477,5593.906909,9,0.386790136,4.003241277,education,self-employed,rent,moderate,little,0,0.406167768,621.5452122,Adult,Low
18,18175.07287,6485.85683,6,0.314931378,16.10777695,vacation,self-employed,rent,quite_rich,moderate,1,0.356854516,1080.976138,Young,Low
38,19872.98405,3753.255592,29,0.327671029,4.016887773,vacation,employed,rent,quite_rich,rich,0,0.188862205,129.4226066,Middle,Low
57,49158.73919,7310.002195,22,0.339891403,9.361554395,education,self-employed,own,little,rich,0,0.148701987,332.272827,Senior,Below_Avg
51,7782.475368,16095.03781,11,2.069047632,1.926991158,medical,employed,rent,rich,little,0,2.068112914,1463.185256,Senior,Low
51,40251.76812,8637.18116,31,0.139303176,2.882163033,vacation,employed,rent,moderate,little,0,0.214578926,278.6187471,Senior,Below_Avg
54,13788.66811,9392.187546,9,0.762205706,3.178293602,medical,employed,own,little,moderate,1,0.68115263,1043.576394,Senior,Low
41,11091.78925,6218.059251,29,0.535198141,1.633695096,vacation,employed,free,rich,little,1,0.560600198,214.4158362,Middle,Low
42,39734.3394,1476.56828,6,0.097087295,2.388487851,vacation,employed,own,quite_rich,little,0,0.037161012,246.0947133,Middle,Below_Avg
32,31759.55915,2130.829832,6,0.041164953,4.562901613,furniture,self-employed,rent,moderate,rich,0,0.067092551,355.1383054,Adult,Below_Avg
36,41243.93502,7072.0144,25,0.327869386,4.339738616,car,employed,rent,little,rich,0,0.171467984,282.880576,Middle,Below_Avg
47,32871.16057,4871.94616,6,0.07826444,5.058990644,medical,employed,rent,rich,rich,0,0.148213391,811.9910267,Middle,Below_Avg
54,61692.79947,6987.47339,20,0.161315348,2.167918137,business,retired,free,moderate,little,0,0.113262381,349.3736695,Senior,Average
38,29125.28332,18791.10191,23,0.596311575,1.897755198,car,employed,free,little,moderate,0,0.645181772,817.004431,Middle,Below_Avg
34,20368.83492,8785.244216,19,0.403157479,4.728827929,furniture,self-employed,rent,little,moderate,0,0.431308136,462.3812745,Adult,Low
40,26146.30577,13455.03904,30,0.473400175,0.712784276,business,unemployed,rent,little,little,0,0.51460574,448.5013013,Middle,Low
47,41016.69936,5301.500176,12,0.203113044,1.458661608,furniture,employed,own,moderate,rich,0,0.129252238,441.7916813,Middle,Below_Avg
22,14917.82876,2576.60381,40,0.264556072,0.215204235,car,self-employed,own,little,little,1,0.172719761,64.41509525,Young,Low
18,15899.703,4692.435733,15,0.35090114,0.376910046,car,retired,rent,little,moderate,0,0.295127257,312.8290488,Young,Low
33,18873.6112,2581.687539,12,0.125989866,1.394492336,business,unemployed,own,quite_rich,moderate,0,0.136788212,215.1406283,Adult,Low
25,7690.250222,17096.61835,12,2.237173018,0.098612482,furniture,employed,own,quite_rich,little,1,2.223155015,1424.718196,Young,Low
33,23600.87825,9249.389804,43,0.481680869,1.407907541,education,employed,own,little,moderate,1,0.391908712,215.1020885,Adult,Low
38,8577.824864,7453.283834,6,0.961832535,5.320711177,business,employed,own,little,little,0,0.868901377,1242.213972,Middle,Low
34,22618.64073,13210.33242,21,0.315018692,0.315269204,business,self-employed,own,moderate,moderate,0,0.584046255,629.0634488,Adult,Low
57,33950.0253,976.4805855,6,0.001540076,2.870040238,car,unemployed,own,little,moderate,0,0.028762293,162.7467642,Senior,Below_Avg
43,17353.71302,7867.615906,6,0.430941991,12.21549184,car,self-employed,own,little,moderate,0,0.45336787,1311.269318,Middle,Low
43,50947.85487,1722.416236,55,0.10073269,7.833923872,education,employed,own,little,rich,1,0.033807434,31.31665884,Middle,Below_Avg
47,10612.09376,4886.323412,6,0.45377149,1.822365657,business,employed,own,quite_rich,little,0,0.460448572,814.3872354,Middle,Low
26,39959.84448,3830.053022,20,0.167765884,12.93838456,car,employed,rent,quite_rich,little,0,0.095847546,191.5026511,Adult,Below_Avg
52,30870.87705,8344.761784,9,0.162445705,1.999750445,furniture,employed,rent,little,rich,0,0.270311782,927.1957537,Senior,Below_Avg
39,9339.270057,5899.069061,32,0.657646792,0.376395961,vacation,self-employed,rent,moderate,moderate,1,0.631641341,184.3459082,Middle,Low
48,85425.26247,14415.99653,26,0.258776225,25.62682849,medical,employed,rent,rich,rich,1,0.16875566,554.4614049,Middle,Above_Avg
27,21335.49416,3036.565152,6,-0.005113711,10.20197065,furniture,employed,own,moderate,little,0,0.142324576,506.0941919,Adult,Low
21,14203.70307,8667.117201,11,0.861565585,3.13616787,car,self-employed,rent,moderate,moderate,0,0.610201238,787.9197455,Young,Low
49,10899.32787,5595.839049,6,0.632499981,3.580633891,car,employed,free,moderate,rich,1,0.513411388,932.6398414,Middle,Low
44,19731.88208,1328.449543,10,0.06746036,5.561955072,car,unemployed,own,rich,rich,1,0.067325029,132.8449543,Middle,Low
29,20667.06323,2356.910271,21,0.031201046,1.081350083,car,employed,own,little,rich,0,0.114041857,112.2338224,Adult,Low
29,23186.43676,4359.434269,6,0.170508053,1.116021723,furniture,unemployed,rent,little,little,1,0.188016568,726.5723782,Adult,Low
53,18979.25694,11966.11231,29,0.638863945,3.170437297,education,employed,own,quite_rich,little,0,0.630483709,412.6245625,Senior,Low
25,30230.68222,7122.246299,6,0.279662867,12.12789755,car,employed,free,little,little,0,0.235596612,1187.04105,Young,Below_Avg
59,18145.6308,1931.39794,6,0.256504817,0.050220239,vacation,self-employed,rent,little,little,0,0.106438732,321.8996566,Senior,Low
29,8370.910521,4392.909389,6,0.477172897,7.627911706,education,unemployed,own,moderate,little,1,0.524782744,732.1515648,Adult,Low
47,20441.4351,24692.26113,6,1.264222432,0.296238889,education,employed,own,little,rich,1,1.207951448,4115.376855,Middle,Low
36,6743.006504,5372.12415,11,0.667452763,3.252566445,medical,self-employed,rent,little,moderate,0,0.79669568,488.3749227,Middle,Low
47,26288.45939,3782.496574,6,0.102524228,5.078799195,education,retired,own,little,rich,0,0.1438843,630.4160957,Middle,Low
33,13498.71649,7283.68149,60,0.577254948,5.803916347,medical,employed,rent,moderate,rich,0,0.539583263,121.3946915,Adult,Low
38,23901.10993,9051.759735,60,0.447843378,0.301294531,car,self-employed,own,little,little,0,0.378717129,150.8626623,Middle,Low
40,42490.57182,3412.038943,13,0.004977836,2.711612564,car,employed,free,moderate,little,0,0.080301083,262.4645341,Middle,Below_Avg
27,13706.50275,7347.091646,15,0.491950464,4.383394473,education,employed,own,little,little,1,0.536029634,489.8061097,Adult,Low
48,37444.98729,3777.767111,47,0.246944124,0.341637985,education,employed,rent,little,moderate,0,0.10088846,80.37802364,Middle,Below_Avg
33,17735.17468,8738.222577,26,0.608896614,0.72567546,car,employed,own,rich,little,0,0.492705752,336.0854837,Adult,Low
37,52923.21672,5629.379638,6,0.127214533,5.447999951,business,employed,own,rich,moderate,1,0.106368811,938.2299396,Middle,Below_Avg
28,18350.71273,7226.963651,28,0.170160169,3.68693961,car,employed,rent,moderate,little,1,0.393824685,258.1058447,Adult,Low
18,14468.8524,2677.538451,6,0.436168598,0.88266369,business,employed,own,little,little,1,0.185055344,446.2564085,Young,Low
37,31058.23362,2547.762731,10,0.080038641,3.831163545,furniture,self-employed,own,little,little,0,0.082031798,254.7762731,Middle,Below_Avg
68,17713.90379,10471.3459,13,0.559880404,12.1915873,business,self-employed,own,rich,moderate,0,0.59113711,805.4881461,Senior,Low
49,14461.93411,4612.304464,22,0.266691229,0.078551743,furniture,employed,own,little,rich,0,0.318927221,209.6502029,Middle,Low
39,17345.35584,6173.540601,6,0.39355564,5.144970892,medical,employed,rent,rich,rich,0,0.355918936,1028.923434,Middle,Low
36,21540.64154,3846.364357,6,0.217221388,0.382518076,furniture,unemployed,rent,little,rich,0,0.178563129,641.0607262,Middle,Low
40,43091.88889,10086.78489,36,0.329138971,0.032351652,medical,employed,own,rich,little,0,0.234076183,280.1884691,Middle,Below_Avg
46,8374.579339,3022.235342,31,0.268275831,0.816446064,car,employed,own,moderate,moderate,0,0.360882048,97.49146264,Middle,Low
25,22282.13086,4409.510692,13,0.166644992,2.748756045,business,employed,own,moderate,little,0,0.19789448,339.1931302,Young,Low
53,30105.15797,9216.901988,19,0.509211477,8.106135639,furniture,self-employed,rent,little,little,1,0.306156905,485.1001047,Senior,Below_Avg
48,24263.39919,12561.27766,22,0.54016384,1.654935017,vacation,employed,rent,moderate,moderate,0,0.517704777,570.9671663,Middle,Low
48,42401.22722,3232.440059,11,0.05898215,4.913130497,business,employed,rent,rich,little,0,0.076234587,293.8581872,Middle,Below_Avg
45,21222.7147,23570.40516,6,1.016459814,2.647975348,vacation,self-employed,rent,little,little,1,1.110621591,3928.400861,Middle,Low
40,20084.91428,6314.433697,11,0.364980319,1.335031759,car,employed,rent,little,little,1,0.314386888,574.039427,Middle,Low
48,29618.80591,2133.795058,54,0.175143722,3.61027625,vacation,employed,own,little,rich,0,0.0720419,39.51472329,Middle,Below_Avg
47,23147.84363,6602.750865,32,0.372701354,7.984200258,car,unemployed,own,moderate,moderate,1,0.28524259,206.3359645,Middle,Low
35,18120.43581,3617.724907,11,0.173768804,8.933631884,car,employed,own,little,little,0,0.199648891,328.8840824,Adult,Low
33,28511.76305,6955.269062,6,0.280069072,9.370909818,car,self-employed,own,quite_rich,rich,0,0.243943843,1159.21151,Adult,Below_Avg
41,15894.61821,4749.121829,39,0.465953984,2.066663477,furniture,employed,rent,moderate,rich,0,0.298788041,121.7723546,Middle,Low
58,16226.66935,5215.64975,18,0.42851277,7.886210638,business,employed,rent,quite_rich,rich,0,0.321424541,289.7583194,Senior,Low
25,16915.79347,2370.189761,9,0.061700698,3.580633891,car,employed,rent,rich,moderate,1,0.140116972,263.3544179,Young,Low
22,43327.14315,10851.39568,6,-0.004147906,6.705173084,car,self-employed,own,little,little,1,0.250452601,1808.565946,Young,Below_Avg
41,4400.580848,1949.051467,25,0.472585025,14.81965918,education,employed,rent,little,little,0,0.442907774,77.9620587,Middle,Low
40,26844.04848,2024.317901,6,0.155267118,0.069195778,medical,employed,own,rich,little,0,0.075410306,337.3863168,Middle,Low
42,22407.16174,6593.821013,16,0.185350475,2.902342918,education,retired,own,moderate,rich,0,0.294272924,412.1138133,Middle,Low
42,9504.919355,17716.92006,15,1.863094786,5.217368569,business,self-employed,free,little,moderate,0,1.863973738,1181.128004,Middle,Low
37,25715.86484,3706.804717,21,0.117774758,6.049548137,education,employed,own,quite_rich,little,0,0.144144665,176.5145104,Middle,Low
57,27941.71454,8610.846067,13,0.318600346,0.968456287,business,employed,own,moderate,moderate,0,0.308171714,662.3727744,Senior,Low
20,29578.99073,11598.97651,17,0.337666013,17.91058915,medical,employed,rent,little,moderate,0,0.392135642,682.292736,Young,Below_Avg
30,5849.350851,9430.906966,6,1.741350859,4.776007249,education,employed,rent,moderate,rich,0,1.612299759,1571.817828,Adult,Low
38,43616.67045,3831.583214,19,0.102643649,0.897670833,furniture,retired,own,rich,little,0,0.087846761,201.6622744,Middle,Below_Avg
20,15231.66323,2053.216006,6,0.046897511,0.103680124,vacation,retired,rent,little,moderate,0,0.134799199,342.2026677,Young,Low
37,31047.81993,840.4705785,8,0.118816412,7.645380866,medical,employed,free,little,little,0,0.027070196,105.0588223,Middle,Below_Avg
59,31905.60218,3982.749148,12,-0.001589611,0.415303625,car,employed,own,little,little,0,0.124829148,331.8957623,Senior,Below_Avg
40,14209.29287,12612.83083,20,1.016096061,0.760228191,education,unemployed,own,rich,moderate,0,0.887646623,630.6415416,Middle,Low
42,30645.15875,1999.529561,24,0.164353755,4.276331266,business,self-employed,rent,rich,little,1,0.065247812,83.31373169,Middle,Below_Avg
24,18165.02606,8605.595223,21,0.612722802,4.62546559,education,employed,own,moderate,moderate,1,0.473745272,409.7902487,Young,Low
32,7818.995795,2298.191931,6,0.278099543,5.80595755,furniture,employed,own,moderate,little,0,0.29392418,383.0319886,Adult,Low
35,39492.69364,5350.033284,8,0.08585754,2.500368275,business,employed,rent,little,rich,0,0.135468938,668.7541605,Adult,Below_Avg
36,14950.16355,8657.950332,6,0.587522953,7.433860064,car,unemployed,rent,moderate,rich,0,0.579120777,1442.991722,Middle,Low
55,14367.92066,2899.819146,9,0.193382265,18.31773516,furniture,employed,own,quite_rich,little,0,0.201825944,322.2021273,Senior,Low
46,18006.12156,5632.945392,18,0.247561391,1.581058964,medical,self-employed,own,moderate,moderate,0,0.31283502,312.9414107,Middle,Low
26,25238.31014,3526.026684,6,0.08434697,6.070597484,education,employed,rent,quite_rich,little,1,0.139709302,587.6711139,Adult,Low
42,21404.67841,8639.663611,12,0.366997072,13.18809749,vacation,unemployed,own,rich,moderate,1,0.403634357,719.9719676,Middle,Low
45,28970.50326,5932.812927,38,0.087787683,5.796379835,vacation,employed,rent,little,little,1,0.204788052,156.126656,Middle,Below_Avg
53,11274.00956,5142.045002,23,0.523893601,5.714537455,business,employed,rent,rich,little,0,0.456097272,223.567174,Senior,Low
58,15196.29329,17097.37066,23,1.119871673,1.266548603,vacation,employed,own,little,rich,1,1.125101387,743.3639418,Senior,Low
27,20785.30372,8348.564725,33,0.370819249,3.829989566,car,employed,free,moderate,little,0,0.401657096,252.9868099,Adult,Low
30,56893.91352,2829.112981,9,-0.061309306,4.133653943,education,employed,free,moderate,moderate,0,0.04972611,314.3458867,Adult,Average
24,20808.01922,4588.50196,25,0.10447874,6.022023862,education,self-employed,own,rich,little,1,0.220516038,183.5400784,Young,Low
37,37896.38985,4625.22812,6,0.315640712,28.75665064,education,employed,own,little,moderate,0,0.122049307,770.8713533,Middle,Below_Avg
45,22455.20207,5240.937419,6,0.1706695,0.171113995,car,employed,own,rich,little,0,0.233395246,873.4895699,Middle,Low
51,17294.96472,37034.58265,7,2.202403415,0.337288081,car,employed,own,quite_rich,little,0,2.141350575,5290.654664,Senior,Low
39,19470.14972,6612.26485,6,0.355873822,0.405779511,car,employed,own,little,little,0,0.339610375,1102.044142,Middle,Low
36,20247.57159,964.1799467,13,-0.229899311,6.792990043,education,employed,own,rich,little,0,0.047619535,74.16768821,Middle,Low
41,29786.86696,3183.577434,6,0.286123642,0.732960396,medical,employed,own,little,rich,0,0.10687856,530.596239,Middle,Below_Avg
29,43796.34449,1047.437862,60,0.0923245,4.870286168,medical,employed,own,little,rich,0,0.023916102,17.4572977,Adult,Below_Avg
65,26366.25954,3775.021641,34,0.066409215,1.962760786,car,employed,own,quite_rich,rich,0,0.14317623,111.0300483,Senior,Low
20,39876.35574,1002.399411,60,0.022301038,3.056176853,furniture,employed,own,little,little,1,0.025137689,16.70665685,Young,Below_Avg
42,13597.00914,2447.268107,29,0.065067429,1.214583539,car,employed,own,moderate,little,0,0.179985766,84.38855542,Middle,Low
64,17902.30484,1455.962942,54,0.263950288,10.05355515,furniture,employed,own,moderate,little,1,0.08132824,26.9622767,Senior,Low
40,15334.32001,6683.039262,8,0.345056571,4.411262365,vacation,self-employed,free,little,rich,0,0.435822342,835.3799077,Middle,Low
37,25776.59775,4916.889972,12,0.138441754,14.46256396,medical,employed,own,moderate,moderate,0,0.190750153,409.740831,Middle,Low
35,18407.63508,6262.719821,6,0.267267924,4.273582802,car,employed,free,little,little,0,0.340224032,1043.786637,Adult,Low
37,31725.83044,4520.414125,18,0.150521653,0.661421028,car,self-employed,own,little,rich,0,0.142483713,251.134118,Middle,Below_Avg
56,13828.66851,1610.921734,27,0.253523106,0.93689422,car,employed,rent,quite_rich,little,0,0.116491456,59.66376793,Senior,Low
18,22505.51089,7411.714703,12,0.508266325,22.58303923,furniture,employed,own,quite_rich,rich,1,0.32932888,617.6428919,Young,Low
58,31052.32474,22874.53697,6,0.696745296,6.465207796,vacation,employed,rent,moderate,rich,0,0.73664491,3812.422828,Senior,Below_Avg
22,7842.779766,6818.331432,12,0.907202782,0.25267186,education,self-employed,own,little,rich,0,0.869376884,568.194286,Young,Low
36,63628.42947,3495.600024,6,0.063128248,6.083281252,business,self-employed,free,moderate,little,0,0.054937707,582.600004,Middle,Average
34,19118.73565,1567.984411,22,-0.01614795,2.656613358,education,self-employed,own,rich,moderate,1,0.082012976,71.2720187,Adult,Low
47,8002.266101,2376.885802,10,0.539282146,1.835130137,car,unemployed,own,little,moderate,0,0.297026589,237.6885802,Middle,Low
20,23838.25565,7061.633836,41,0.432507104,0.836538911,car,self-employed,own,little,little,0,0.296231148,172.2349716,Young,Low
45,22397.88321,11596.91532,46,0.536679948,9.159906799,car,self-employed,rent,rich,moderate,1,0.517768363,252.1068549,Middle,Low
64,21142.76002,6055.322642,6,0.44458932,0.32985175,business,employed,free,moderate,moderate,0,0.286401711,1009.22044,Senior,Low
23,36155.90482,9319.924733,60,0.378981146,1.711292963,vacation,employed,own,little,little,1,0.257770474,155.3320789,Young,Below_Avg
42,32007.40258,8657.165125,60,0.278659975,1.829175955,business,unemployed,rent,little,little,1,0.270473841,144.2860854,Middle,Below_Avg
32,25563.94132,7370.401882,17,0.320908784,0.877158437,car,unemployed,rent,rich,little,0,0.288312424,433.5530519,Adult,Low
45,27586.39008,2902.19064,31,0.256416326,3.548262061,business,employed,rent,moderate,rich,1,0.105203712,93.61905289,Middle,Low
40,20906.6125,5648.463327,6,0.175560565,0.058858208,car,employed,rent,little,rich,0,0.270175923,941.4105545,Middle,Low
32,53516.50685,2493.138798,60,0.213955421,1.790347547,car,unemployed,own,rich,moderate,1,0.046586351,41.55231329,Adult,Average
45,10513.35876,4983.776233,10,0.451530993,13.56250878,furniture,employed,own,rich,little,0,0.474042249,498.3776233,Middle,Low
61,23619.45078,6404.081656,43,0.4236036,1.859157339,furniture,employed,rent,little,moderate,0,0.271135926,148.9321315,Senior,Low
37,22754.36594,18826.61889,8,0.826862245,2.235025764,vacation,self-employed,own,moderate,little,0,0.827384904,2353.327362,Middle,Low
48,33078.54629,1723.675866,27,0.085869196,3.20433982,business,employed,rent,little,moderate,1,0.052108574,63.83984687,Middle,Below_Avg
24,14444.55869,7224.303484,9,0.496709296,4.124182781,car,employed,rent,moderate,moderate,0,0.500140132,802.7003872,Young,Low
28,9211.09209,16074.49725,8,1.69193957,8.269787967,car,self-employed,rent,little,rich,0,1.745123932,2009.312156,Adult,Low
45,23823.11265,9018.905035,52,0.351572455,1.055588409,car,employed,own,little,little,1,0.378577945,173.4404814,Middle,Low
57,25352.05944,9569.692519,21,0.515383138,10.26872774,car,unemployed,own,moderate,little,1,0.377471998,455.6996438,Senior,Low
44,46388.16795,7864.827806,32,-0.061872565,7.08478562,car,retired,own,moderate,rich,0,0.169543833,245.7758689,Middle,Below_Avg
36,11670.49309,13886.4329,14,1.065978828,6.412381196,business,self-employed,free,little,rich,1,1.189875423,991.888064,Middle,Low
39,39235.87883,2059.085983,45,-0.020067501,0.454026864,car,retired,own,little,little,0,0.05247967,45.75746628,Middle,Below_Avg
24,71948.59481,1621.746067,24,-0.085294135,0.109391419,vacation,employed,own,quite_rich,little,0,0.022540344,67.57275281,Young,Average
47,18235.35473,4889.927165,6,0.419154366,4.507167014,furniture,employed,own,little,little,0,0.268156405,814.9878608,Middle,Low
50,11551.01846,872.2449733,26,0.201280085,9.943763301,furniture,self-employed,own,moderate,moderate,0,0.075512387,33.54788359,Middle,Low
34,17970.96748,13154.46657,6,0.79118751,4.39065897,furniture,employed,own,little,rich,1,0.731984329,2192.411096,Adult,Low
34,22181.24706,13050.37511,31,0.524571325,1.199127532,business,employed,own,moderate,moderate,0,0.588351731,420.9798423,Adult,Low
43,29199.12253,3474.895049,7,0.252512018,3.580633891,education,self-employed,own,little,little,0,0.119006831,496.4135785,Middle,Below_Avg
34,16387.96717,3653.29041,16,0.06411218,6.013142755,car,self-employed,free,little,moderate,0,0.222925173,228.3306506,Adult,Low
39,47934.90708,4638.387299,24,0.310962555,6.39654083,medical,self-employed,rent,moderate,little,0,0.096764291,193.2661374,Middle,Below_Avg
65,12616.1604,5123.620107,18,0.337652664,0.946922407,car,self-employed,rent,little,little,1,0.406115644,284.6455615,Senior,Low
37,9231.690135,5441.114202,20,0.563191716,0.142976458,medical,self-employed,own,moderate,little,0,0.589395238,272.0557101,Middle,Low
35,38305.74685,7681.619571,40,0.157600005,2.623638331,car,self-employed,rent,little,little,1,0.20053439,192.0404893,Adult,Below_Avg
32,7063.454271,4280.81597,8,0.498740605,4.369973547,business,employed,free,little,rich,0,0.606051346,535.1019962,Adult,Low
48,19889.25899,10452.06288,14,0.718024248,6.120918537,education,employed,free,rich,little,1,0.525512936,746.5759201,Middle,Low
37,104698.5518,7021.683069,6,0.145955177,8.302209116,education,self-employed,own,little,moderate,0,0.067065713,1170.280511,Middle,High
32,21894.2259,3024.282775,11,0.259678578,4.714937545,car,employed,rent,little,moderate,0,0.138131523,274.9347978,Adult,Low
55,12576.88865,14301.07709,6,1.014724883,0.58761877,car,retired,own,little,rich,1,1.137091811,2383.512848,Senior,Low
57,21403.31869,1658.044892,18,0.095560502,5.737673644,business,self-employed,own,little,rich,0,0.07746672,92.11360509,Senior,Low
32,21474.03062,4565.427114,7,0.264705114,20.73134066,vacation,self-employed,own,little,rich,1,0.212602245,652.2038734,Adult,Low
18,23868.74091,10652.32994,35,0.473363539,11.8002546,education,retired,rent,little,little,1,0.446287887,304.352284,Young,Low
52,30672.79827,2756.016216,7,-0.026185216,10.26570854,furniture,self-employed,rent,little,little,0,0.089852129,393.7166023,Senior,Below_Avg
31,13101.00752,6295.840885,6,0.588111583,1.798899893,car,employed,own,rich,moderate,0,0.480561581,1049.306814,Adult,Low
49,51214.29789,7590.643714,12,0.160368379,6.947260236,business,employed,rent,little,little,1,0.148213371,632.5536428,Middle,Below_Avg
18,24898.35814,2469.030656,6,0.003667993,9.522517412,car,employed,own,rich,little,0,0.099164396,411.5051093,Young,Low
50,31678.61173,4637.904025,6,-0.039120153,5.671086524,car,employed,own,rich,little,0,0.146404901,772.9840041,Middle,Below_Avg
25,16089.55045,4336.387624,27,0.330182424,1.442156809,business,employed,own,little,little,1,0.269515773,160.606949,Young,Low
48,41906.2839,3160.892548,12,0.320473224,15.37755537,furniture,self-employed,rent,little,moderate,0,0.075427651,263.4077123,Middle,Below_Avg
40,19369.86517,30987.52186,6,1.498254519,2.996639753,car,employed,own,little,moderate,0,1.599779946,5164.586976,Middle,Low
28,25305.48012,2669.148849,6,0.122521813,0.695192983,car,employed,own,moderate,moderate,1,0.105477108,444.8581414,Adult,Low
35,13814.12587,10981.24652,11,0.905978529,0.581421456,business,employed,free,moderate,little,1,0.794928802,998.2951384,Adult,Low
48,13380.23888,3589.46766,24,0.14130111,5.213792614,car,employed,rent,moderate,little,0,0.268266336,149.5611525,Middle,Low
41,31073.25167,2060.473416,7,0.018314519,2.878684596,vacation,employed,own,moderate,moderate,0,0.066310196,294.3533451,Middle,Below_Avg
47,17644.80324,5336.105691,6,0.216402099,0.496250971,furniture,employed,rent,little,rich,0,0.302417976,889.3509485,Middle,Low
63,14372.73742,8260.783424,9,0.673221329,6.742384163,car,self-employed,own,rich,little,1,0.574753659,917.8648249,Senior,Low
21,15969.0592,10264.10011,57,0.775301462,8.030347142,business,employed,rent,little,moderate,1,0.642749205,180.0719318,Young,Low
59,31240.68516,17151.00564,9,0.564899449,6.462483546,education,employed,own,quite_rich,little,1,0.548995822,1905.667293,Senior,Below_Avg
41,16082.40457,51854.50172,6,3.140126884,1.129868247,furniture,employed,own,little,little,0,3.224300291,8642.416954,Middle,Low
29,20768.0813,6005.382101,15,0.244884937,5.852294541,furniture,self-employed,own,little,little,0,0.289164031,400.3588067,Adult,Low
24,22192.59326,2891.487229,29,0.067240791,0.053903532,car,self-employed,own,rich,moderate,0,0.130290642,99.70645618,Young,Low
37,8444.963921,7060.699899,6,0.738357195,1.820023992,business,retired,own,moderate,moderate,1,0.836084081,1176.783317,Middle,Low
51,10555.86383,3972.018329,14,0.366081664,2.544317179,furniture,self-employed,free,rich,little,0,0.376285484,283.7155949,Senior,Low
38,26059.53337,10309.00335,32,0.453076967,9.016537931,business,employed,free,moderate,moderate,1,0.395594319,322.1563546,Middle,Low
58,15237.0512,1741.09336,6,0.163292825,2.474715221,education,employed,free,rich,little,0,0.114267081,290.1822267,Senior,Low
22,37360.24521,32684.87246,45,0.874033775,0.056667138,business,employed,free,quite_rich,little,1,0.874857011,726.3304991,Young,Below_Avg
39,35717.76818,9748.205306,15,0.27862852,2.171996559,business,self-employed,own,moderate,little,0,0.272923136,649.8803537,Middle,Below_Avg
24,31558.06096,1277.674344,13,0.032331386,3.454988445,education,employed,rent,little,rich,0,0.040486465,98.28264187,Young,Below_Avg
44,54714.60167,2787.15566,59,-0.078781266,14.88011753,furniture,self-employed,own,moderate,little,0,0.050939888,47.23992644,Middle,Average
50,21130.13155,9441.44987,6,0.462837488,14.15399712,furniture,employed,rent,quite_rich,little,0,0.446823999,1573.574978,Middle,Low
34,30468.26603,12595.25261,24,0.355026658,0.997587037,car,employed,rent,moderate,little,0,0.413389216,524.8021921,Adult,Below_Avg
18,16445.37418,1776.161578,30,-0.026730603,1.023734939,business,employed,own,quite_rich,moderate,0,0.108003719,59.20538594,Young,Low
42,75070.65055,8694.280549,12,0.152885199,0.891935274,business,self-employed,own,little,moderate,1,0.115814642,724.5233791,Middle,Average
45,59386.18047,1034.970395,6,-0.043745205,7.777636127,car,employed,own,quite_rich,moderate,0,0.017427799,172.4950659,Middle,Average
44,22157.69717,4575.77475,13,0.229284882,0.03020123,vacation,self-employed,own,little,moderate,0,0.20650949,351.9826731,Middle,Low
54,26723.35323,11963.76137,6,0.532453159,0.6801136,education,employed,free,little,little,1,0.447689377,1993.960228,Senior,Low
27,43462.2837,3161.45428,14,-0.022283693,3.860515072,furniture,employed,rent,moderate,rich,0,0.072740179,225.8181629,Adult,Below_Avg
48,20464.15806,1472.124921,24,0.081148873,1.422183833,car,employed,own,moderate,little,0,0.071936745,61.33853839,Middle,Low
54,15862.1011,5524.631554,13,0.167248995,0.484517763,furniture,employed,own,little,little,0,0.348291284,424.971658,Senior,Low
18,34098.02949,3029.718248,17,0.242106486,2.230482575,education,employed,own,quite_rich,moderate,0,0.088853177,178.2187205,Young,Below_Avg
43,22907.49945,8132.68733,6,0.21911627,1.602456312,car,employed,free,quite_rich,moderate,0,0.355022919,1355.447888,Middle,Low
33,24136.90376,2420.522861,6,0.048801106,3.57803059,furniture,employed,free,rich,little,1,0.100283072,403.4204769,Adult,Low
39,14513.93249,2648.875497,34,0.316343696,19.37209343,medical,self-employed,rent,little,rich,0,0.182505706,77.90810286,Middle,Low
44,9331.620127,975.7419376,6,0.08111068,0.663685037,business,employed,rent,little,moderate,0,0.104562972,162.6236563,Middle,Low
34,24786.91582,5630.512622,6,0.107416876,2.331864779,education,employed,rent,moderate,little,0,0.227156644,938.4187703,Adult,Low
31,34630.18643,4321.146542,49,0.196087089,13.44013636,education,self-employed,own,rich,little,0,0.124779766,88.18666413,Adult,Below_Avg
40,19674.85346,1899.397982,11,0.165592617,10.47269645,car,self-employed,free,little,little,0,0.096539371,172.6725438,Middle,Low
26,45171.18939,5738.992613,20,0.063731211,2.506613225,medical,employed,rent,moderate,rich,0,0.127049845,286.9496307,Adult,Below_Avg
26,15491.42366,11177.47913,6,0.669034263,6.002448795,medical,self-employed,own,moderate,moderate,0,0.721526915,1862.913188,Adult,Low
48,12999.26079,4136.253251,6,0.274650523,0.459792589,business,self-employed,own,rich,moderate,0,0.31819142,689.3755419,Middle,Low
26,21298.3492,6090.792964,12,0.265272489,6.233376154,car,employed,rent,moderate,moderate,0,0.285974885,507.5660804,Adult,Low
47,21135.38042,6115.910907,18,0.100071278,18.03331484,car,employed,own,moderate,rich,0,0.289368385,339.7728281,Middle,Low
45,32369.9035,1875.322903,58,0.039791766,3.855415534,car,employed,rent,little,moderate,0,0.057934152,32.33315349,Middle,Below_Avg
19,14950.77756,25470.3079,15,1.882002339,3.450660922,education,employed,rent,little,little,1,1.703610919,1698.020527,Young,Low
31,43653.86569,3372.198336,6,-0.012348435,1.037080762,car,retired,rent,quite_rich,moderate,0,0.077248562,562.033056,Adult,Below_Avg
54,58891.87893,8307.325223,8,0.082711265,5.022717107,business,employed,rent,little,moderate,0,0.141060625,1038.415653,Senior,Average
28,21599.55489,9094.018983,6,0.302666307,4.463326135,education,employed,rent,quite_rich,rich,0,0.421028073,1515.66983,Adult,Low
34,41144.89788,4395.444305,6,0.16804461,5.276802299,car,retired,own,little,moderate,0,0.106828417,732.5740508,Adult,Below_Avg
45,12987.61467,7985.925989,12,0.735207549,0.132147445,business,self-employed,own,moderate,little,0,0.614887814,665.4938325,Middle,Low
49,37707.36719,5982.86828,6,0.276697549,3.978375097,car,employed,own,little,little,0,0.158665765,997.1447133,Middle,Below_Avg
36,37184.16227,1581.119144,6,-0.082279753,4.518536723,vacation,self-employed,free,quite_rich,little,1,0.042521306,263.5198573,Middle,Below_Avg
32,33918.59405,3767.556168,60,0.161055598,1.163003999,furniture,self-employed,free,quite_rich,moderate,0,0.111076425,62.7926028,Adult,Below_Avg
57,21855.73102,3010.794505,15,0.28113267,1.168071251,furniture,self-employed,own,little,little,0,0.137757666,200.7196337,Senior,Low
60,5028.492565,3396.850531,6,0.726486954,1.616326349,car,employed,rent,little,moderate,1,0.675520643,566.1417552,Senior,Low
51,15980.69049,1731.593666,6,0.156196341,6.219142852,medical,employed,rent,rich,rich,0,0.108355372,288.5989444,Senior,Low
41,16107.52755,12102.25374,29,0.704177231,4.66039943,education,employed,free,rich,little,0,0.751341489,417.3190943,Middle,Low
30,13505.77338,17704.8541,39,1.332921035,9.346313021,furniture,employed,own,moderate,moderate,0,1.310910053,453.9706179,Adult,Low
30,23414.75135,10747.21984,20,0.582625368,1.752460286,car,employed,rent,rich,little,0,0.45899355,537.3609921,Adult,Low
46,17863.56205,13580.95034,10,0.793080822,12.15596086,business,self-employed,rent,little,little,1,0.760259925,1358.095034,Middle,Low
45,14584.19949,3730.479775,26,0.13096166,6.80715344,car,employed,own,moderate,little,0,0.255789135,143.4799913,Middle,Low
56,12972.66754,2954.233579,49,0.182123366,2.512730552,medical,employed,own,rich,moderate,0,0.227727533,60.2904812,Senior,Low
47,15401.85918,2636.296479,6,0.292095373,0.500549762,medical,self-employed,own,little,rich,0,0.171167419,439.3827466,Middle,Low
21,38590.04443,8227.61895,35,0.245680071,1.48518623,business,employed,own,rich,moderate,1,0.213205739,235.0748272,Young,Below_Avg
52,15827.23505,5893.76589,34,0.384287478,15.70589671,medical,unemployed,own,quite_rich,little,0,0.37238127,173.3460556,Senior,Low
28,17026.57515,4620.33564,8,0.215958694,1.857952259,car,self-employed,rent,rich,little,0,0.271360247,577.541955,Adult,Low
35,17529.68822,13851.08483,6,0.909010014,2.001648784,car,retired,rent,little,moderate,0,0.790150096,2308.514138,Adult,Low
43,26094.94136,6795.073091,14,0.426639358,1.051068338,car,employed,free,little,little,0,0.260398098,485.3623636,Middle,Low
63,27670.57199,2512.60135,6,0.217123011,8.221456511,car,self-employed,own,moderate,moderate,0,0.090804099,418.7668917,Senior,Low
77,4806.246622,2850.566247,6,0.737355287,1.612363063,medical,unemployed,free,little,little,0,0.593096125,475.0943745,Senior,Low
47,36710.48202,8481.093232,55,0.19515585,2.004315431,car,self-employed,rent,quite_rich,little,0,0.231026474,154.2016951,Middle,Below_Avg
37,45169.80073,11309.36341,12,0.200357527,2.675148538,vacation,self-employed,own,little,little,0,0.250374437,942.446951,Middle,Below_Avg
46,13028.65878,7641.4617,11,0.570877251,2.843406225,business,employed,rent,rich,moderate,1,0.586511768,694.6783363,Middle,Low
50,13546.05822,22415.56804,6,1.658624171,2.649539272,furniture,employed,rent,little,little,0,1.654766847,3735.928007,Middle,Low
36,17586.26197,18178.69772,12,1.176789396,3.503313713,car,unemployed,own,moderate,little,1,1.033687418,1514.891477,Middle,Low
61,15093.17585,6994.145129,24,0.579986517,8.423849156,car,self-employed,rent,little,moderate,1,0.463397843,291.4227137,Senior,Low
42,24635.98448,2512.756087,6,0.155842298,8.554171499,car,self-employed,rent,little,little,1,0.101995359,418.7926812,Middle,Low
45,8322.661353,1723.323531,8,0.063945321,8.005194757,furniture,employed,free,moderate,rich,0,0.207063998,215.4154413,Middle,Low
47,12594.76079,3605.063284,6,0.117432969,0.533055593,furniture,employed,free,moderate,little,0,0.286235153,600.8438806,Middle,Low
45,47552.92594,8978.344203,7,0.212853672,8.039166085,education,employed,rent,rich,little,0,0.188807398,1282.6206,Middle,Below_Avg
50,13847.9158,21190.69954,35,1.618271005,0.640597593,business,self-employed,rent,little,moderate,1,1.530244684,605.4485583,Middle,Low
32,41015.8616,6863.395901,6,0.159378458,0.666078755,furniture,unemployed,free,little,little,1,0.167335163,1143.899317,Adult,Below_Avg
33,26309.0719,12518.69286,6,0.667322244,14.76938015,car,employed,free,rich,little,1,0.475831793,2086.448811,Adult,Low
26,8913.891154,4039.006444,13,0.344869623,8.55729352,vacation,self-employed,rent,rich,little,0,0.453113727,310.6928034,Adult,Low
45,30262.49989,8088.635252,15,0.14644726,4.019393436,furniture,employed,rent,little,rich,1,0.267282455,539.2423502,Middle,Below_Avg
49,20767.95284,9496.565288,7,0.390842071,10.39601603,car,employed,own,little,little,0,0.457270168,1356.652184,Middle,Low
45,17540.4772,1008.606122,18,-0.012728086,22.7178561,business,employed,rent,little,moderate,0,0.057501635,56.03367344,Middle,Low
60,24896.40132,3530.691271,6,0.194443913,4.716281106,medical,self-employed,own,little,rich,1,0.141815326,588.4485451,Senior,Low
39,27926.09242,10506.61468,7,0.334058132,4.745340918,medical,unemployed,rent,little,rich,0,0.376229317,1500.944954,Middle,Low
48,31375.91725,6121.574836,6,0.040320205,7.020805712,car,employed,own,moderate,moderate,0,0.195104251,1020.262473,Middle,Below_Avg
26,39700.7923,1887.083815,6,0.136690494,1.320732449,education,employed,own,quite_rich,rich,0,0.047532649,314.5139692,Adult,Below_Avg
35,27012.84996,703.3833855,8,-0.149956349,0.914357709,car,self-employed,own,little,moderate,0,0.026038844,87.92292318,Adult,Low
48,11072.09165,3667.903057,12,0.224152807,7.126855024,medical,employed,rent,rich,little,1,0.331274629,305.6585881,Middle,Low
50,17381.77063,4641.214913,6,0.104745576,2.114873514,car,retired,rent,moderate,rich,0,0.267016233,773.5358189,Middle,Low
36,95944.40303,2423.242117,6,0.04596886,0.725535561,car,unemployed,rent,quite_rich,little,1,0.025256732,403.8736861,Middle,Above_Avg
39,31642.15502,5510.815802,20,0.192765343,1.890789772,vacation,employed,rent,rich,little,0,0.174160572,275.5407901,Middle,Below_Avg
21,72016.00395,7369.531376,9,0.293977289,2.220797368,medical,employed,free,rich,moderate,1,0.102331856,818.8368195,Young,Average
35,44254.70804,8404.728445,6,0.281299825,16.79466511,business,employed,own,moderate,moderate,0,0.18991716,1400.788074,Adult,Below_Avg
50,24857.15794,746.4023963,6,0.174192283,5.985974318,car,employed,rent,rich,rich,0,0.030027664,124.4003994,Middle,Low
46,25609.11277,1717.408799,22,0.095923374,3.78423099,furniture,self-employed,rent,little,rich,0,0.067062409,78.06403632,Middle,Low
46,21627.26314,3851.82323,6,0.080407172,17.34842062,vacation,employed,free,little,little,0,0.178100354,641.9705383,Middle,Low
40,9238.157057,7767.770807,12,0.853646303,11.67242981,education,unemployed,own,quite_rich,little,1,0.840835543,647.314234,Middle,Low
40,22226.12385,7269.095961,8,0.386293997,3.587208142,car,employed,free,rich,moderate,0,0.327051897,908.6369952,Middle,Low
32,40349.62082,7168.817225,30,0.248048262,11.80529078,car,retired,own,little,little,1,0.177667524,238.9605742,Adult,Below_Avg
48,16320.54467,3616.513237,28,0.174351466,2.590129569,vacation,employed,own,rich,little,1,0.22159268,129.161187,Middle,Low
45,27064.45438,3781.565099,21,0.188603064,1.30955616,education,self-employed,own,little,little,0,0.139724417,180.0745285,Middle,Low
45,33718.28406,2744.45169,8,-0.011909222,1.324244893,business,self-employed,own,little,little,0,0.081393575,343.0564612,Middle,Below_Avg
33,13976.87952,9086.592937,17,0.545788236,5.428216619,furniture,employed,rent,moderate,moderate,0,0.650115995,534.5054669,Adult,Low
18,17577.0362,2353.382584,18,0.022311142,3.476450582,education,employed,rent,moderate,little,0,0.133889614,130.7434769,Young,Low
53,13240.61468,9701.435237,7,0.735165383,5.378643342,medical,unemployed,own,moderate,little,0,0.732702784,1385.91932,Senior,Low
34,14602.04982,5803.883785,38,0.279686847,5.793021234,furniture,employed,rent,little,moderate,0,0.397470482,152.7337838,Adult,Low
29,11570.30705,4740.815362,60,0.367265367,0.112878997,business,employed,rent,quite_rich,little,1,0.409739806,79.01358937,Adult,Low
48,14041.54577,2906.287232,6,0.297269382,0.277772816,car,unemployed,rent,quite_rich,little,1,0.206977727,484.3812053,Middle,Low
35,44789.44735,1661.650245,29,-0.065813822,3.803680832,car,employed,rent,little,rich,1,0.037099146,57.29828431,Adult,Below_Avg
52,13936.42905,2927.423006,12,0.159624256,1.060001084,business,employed,free,little,moderate,0,0.210055459,243.9519172,Senior,Low
47,23464.16422,3774.391683,11,0.168020836,5.005619262,vacation,self-employed,rent,little,little,0,0.160857708,343.1265166,Middle,Low
48,17129.64082,738.6177623,8,0.067807969,4.016883644,business,self-employed,own,rich,rich,1,0.043119279,92.32722029,Middle,Low
23,39712.96424,4196.9606,6,0.055753321,4.406553141,car,employed,own,rich,little,0,0.105682381,699.4934334,Young,Below_Avg
54,42428.73603,10295.7441,45,0.321345701,1.800943979,car,employed,own,moderate,moderate,0,0.242659694,228.7943133,Senior,Below_Avg
43,33929.32593,7737.038916,24,0.287079201,5.106083186,medical,self-employed,rent,rich,little,1,0.228033971,322.3766215,Middle,Below_Avg
35,25669.7177,3304.482964,10,0.242716448,8.844883977,car,employed,free,rich,moderate,0,0.128730787,330.4482964,Adult,Low
41,19623.24735,5102.822203,25,0.251879449,31.25442508,vacation,self-employed,rent,moderate,little,0,0.260039641,204.1128881,Middle,Low
18,12137.59146,3149.718442,22,0.208219228,9.114529188,car,employed,own,little,little,1,0.259501109,143.1690201,Young,Low
44,58207.206,5535.895312,6,0.026843498,4.076560058,medical,self-employed,rent,little,moderate,0,0.095106701,922.6492186,Middle,Average
27,15065.51281,16849.66845,6,1.149129231,1.074820421,medical,employed,rent,little,moderate,1,1.118426479,2808.278075,Adult,Low
23,30694.02145,10665.81496,32,0.309772775,5.719814424,car,retired,free,moderate,moderate,0,0.347488353,333.3067174,Young,Below_Avg
21,37413.34681,7454.964345,30,0.142342511,13.87526162,business,employed,own,little,moderate,1,0.199259488,248.4988115,Young,Below_Avg
53,16686.57448,3313.27389,60,0.153730534,1.190439188,car,employed,own,little,little,1,0.198559261,55.2212315,Senior,Low
32,37012.32572,8954.851347,6,0.173573363,1.478541789,car,employed,free,little,moderate,0,0.241942412,1492.475224,Adult,Below_Avg
58,32276.88446,1274.741177,13,0.059396046,0.806765949,furniture,employed,free,moderate,moderate,0,0.039493935,98.05701365,Senior,Below_Avg
33,52259.75849,4016.303432,21,-0.06440562,6.672717086,education,employed,own,quite_rich,little,0,0.076852698,191.2525444,Adult,Below_Avg
19,17419.17285,7839.804179,15,0.480369164,2.609108493,furniture,self-employed,own,rich,rich,0,0.450067534,522.6536119,Young,Low
26,11580.38493,8886.930304,22,0.835067217,0.323736122,education,unemployed,rent,rich,rich,0,0.767412341,403.9513775,Adult,Low
54,17107.20711,8399.333128,6,0.432894224,10.39520777,car,employed,rent,rich,rich,0,0.490982138,1399.888855,Senior,Low
38,24451.00923,6222.111212,6,0.446676266,4.078516876,car,employed,own,moderate,little,0,0.254472572,1037.018535,Middle,Low
33,22676.9975,4202.437599,6,0.187079328,2.010560867,education,unemployed,free,little,moderate,0,0.185317196,700.4062666,Adult,Low
41,18093.01176,7558.142787,8,0.261603936,2.107842696,education,employed,own,little,rich,0,0.417738234,944.7678483,Middle,Low
46,8479.453411,2293.217581,7,0.242319743,1.714221014,business,employed,rent,little,little,0,0.270444033,327.6025116,Middle,Low
53,27868.19903,2500.530503,37,0.095992636,3.039254615,education,employed,rent,moderate,rich,0,0.089727022,67.58190547,Senior,Low
57,59051.91431,5163.592004,6,0.132338324,2.055215847,vacation,employed,own,little,little,0,0.087441568,860.5986674,Senior,Average
35,27781.50024,5645.184242,10,0.17745635,3.96977155,furniture,employed,own,rich,little,0,0.203199402,564.5184242,Adult,Low
24,29868.74096,1140.826019,56,-0.062962381,3.580633891,car,self-employed,own,little,little,0,0.038194647,20.3718932,Young,Below_Avg
35,29325.79119,7073.545404,12,0.13170755,5.611369398,education,employed,rent,little,moderate,0,0.241205612,589.462117,Adult,Below_Avg
43,26863.4884,9119.613496,6,0.27411994,1.743937039,business,self-employed,own,quite_rich,little,0,0.339479868,1519.935583,Middle,Low
28,35095.66801,4620.100837,6,0.075865515,3.761737334,education,employed,rent,little,little,0,0.131643052,770.0168062,Adult,Below_Avg
28,26841.02664,32845.59848,17,1.110211309,9.166851371,business,employed,rent,moderate,moderate,1,1.223708725,1932.094028,Adult,Low
44,18838.56571,2845.94916,6,0.077789058,0.353218853,furniture,employed,rent,little,little,1,0.151070374,474.3248601,Middle,Low
39,14794.42271,3681.70143,60,0.314803243,0.407662614,car,unemployed,free,little,rich,1,0.24885739,61.36169049,Middle,Low
40,19448.26559,3582.966885,15,0.349071925,4.06156913,business,employed,rent,moderate,little,0,0.184230664,238.864459,Middle,Low
30,25772.53704,4624.159534,21,0.254968148,5.095981434,car,employed,rent,moderate,little,1,0.179421976,220.198073,Adult,Low
37,18806.5129,3778.264853,12,0.331488045,1.187562813,furniture,employed,rent,little,little,0,0.200901936,314.8554044,Middle,Low
28,25775.23282,1594.876471,57,0.159288164,6.836776743,furniture,employed,rent,rich,moderate,0,0.061876317,27.98028896,Adult,Low
50,27435.00596,3174.042728,16,0.1990062,5.196013228,furniture,employed,own,rich,little,0,0.115693167,198.3776705,Middle,Low
52,33409.30442,4545.547418,19,0.102276706,12.83856831,education,employed,rent,little,little,0,0.136056332,239.2393378,Senior,Below_Avg
18,41831.18882,13132.6617,35,0.32803535,0.925351868,car,employed,own,little,little,0,0.313944262,375.2189057,Young,Below_Avg
28,22902.55394,28618.09871,35,1.207497341,6.959032935,medical,retired,rent,rich,rich,1,1.249559275,817.6599632,Adult,Low
22,11454.19958,14305.21047,6,1.226994575,0.436746755,business,employed,rent,rich,little,1,1.248905292,2384.201745,Young,Low
32,18535.59009,2643.070996,6,0.149411091,4.165408399,furniture,self-employed,own,little,moderate,0,0.142594381,440.5118327,Adult,Low
38,22517.12216,2816.787447,6,0.196451973,4.013640052,car,employed,own,little,little,0,0.125095358,469.4645746,Middle,Low
22,8796.556543,4326.599329,6,0.534183815,2.458261762,car,employed,own,little,little,0,0.491851477,721.0998881,Young,Low
28,44105.16876,20489.0753,37,0.448367508,9.307835967,business,retired,own,little,little,0,0.464550434,553.758792,Adult,Below_Avg
27,23651.66886,4305.552545,6,0.18759399,0.02190112,furniture,self-employed,rent,little,little,0,0.182040116,717.5920909,Adult,Low
42,26653.5177,1699.337941,7,0.107102978,3.671714994,car,self-employed,rent,quite_rich,little,0,0.06375661,242.762563,Middle,Low
40,43597.85502,3291.367104,6,0.142233229,1.224093534,furniture,self-employed,own,rich,rich,0,0.075493785,548.5611839,Middle,Below_Avg
31,16073.52174,9005.986496,60,0.408400002,6.803106154,education,retired,own,rich,rich,1,0.560299519,150.0997749,Adult,Low
42,29349.21168,8535.184241,31,0.183075874,0.22011173,business,employed,rent,little,moderate,0,0.29081477,275.3285239,Middle,Below_Avg
33,20849.13915,4187.363869,15,0.311572145,8.905720704,education,employed,own,little,little,0,0.200841092,279.1575913,Adult,Low
36,20089.5803,8490.742564,26,0.416557142,9.103642033,vacation,employed,free,little,rich,0,0.422644099,326.5670217,Middle,Low
60,14971.502,797.4843718,27,0.010859165,8.944797337,car,self-employed,own,moderate,moderate,0,0.053266825,29.53645821,Senior,Low
56,50655.42476,5340.440334,19,0.079076872,0.827726502,education,self-employed,rent,little,moderate,0,0.10542682,281.075807,Senior,Below_Avg
24,18256.01657,9784.436961,6,0.50958631,4.976757881,car,self-employed,own,little,little,1,0.53595684,1630.739493,Young,Low
49,31248.67091,2524.275525,22,0.136574031,0.072357845,education,employed,own,little,moderate,0,0.080780252,114.7397966,Middle,Below_Avg
49,8625.65608,2517.267258,15,0.181033235,9.418143392,education,unemployed,own,rich,rich,1,0.291834874,167.8178172,Middle,Low
26,39735.26124,1104.161473,23,0.030265725,6.418241113,car,employed,rent,moderate,moderate,1,0.027787951,48.00702056,Adult,Below_Avg
49,37276.02278,17534.33918,14,0.495003673,3.787401744,furniture,self-employed,own,little,moderate,0,0.4703919,1252.452798,Middle,Below_Avg
58,23126.0983,2762.459868,56,0.159078842,6.557631078,vacation,employed,rent,rich,moderate,1,0.119452051,49.3296405,Senior,Low
26,19663.6841,5960.052819,17,0.3253859,0.495368798,car,retired,own,rich,moderate,0,0.3030995,350.5913423,Adult,Low
28,26903.18615,7967.560449,15,0.347747383,3.580633891,furniture,employed,own,little,rich,0,0.29615676,531.1706966,Adult,Low
52,69175.03637,16475.90615,33,0.180907436,1.721449014,medical,employed,rent,little,moderate,0,0.238177051,499.2698833,Senior,Average
43,9121.428007,4345.437751,8,0.38221857,17.98961427,education,unemployed,own,rich,rich,1,0.476398843,543.1797189,Middle,Low
46,32565.66182,3192.169839,6,0.343723014,9.728679093,business,unemployed,own,little,rich,1,0.098022569,532.0283066,Middle,Below_Avg
44,13963.35042,5644.5972,12,0.374117286,6.607698614,vacation,employed,own,rich,moderate,0,0.404243755,470.3831,Middle,Low
44,21808.18859,13728.98021,15,0.61108782,13.5714206,car,unemployed,rent,little,little,1,0.629533267,915.2653472,Middle,Low
24,19458.90219,4289.227711,6,0.288208968,2.129691081,car,self-employed,free,moderate,little,1,0.220424959,714.8712851,Young,Low
52,17780.20202,2289.536638,20,0.288377806,11.55711511,business,employed,rent,little,rich,0,0.128768877,114.4768319,Senior,Low
54,21911.51191,1432.811323,29,0.01093799,1.966977934,business,employed,own,moderate,little,1,0.065390801,49.407287,Senior,Low
37,12492.88333,1850.039173,15,0.048205918,6.598727804,car,employed,own,quite_rich,little,0,0.148087445,123.3359449,Middle,Low
39,36849.23797,9813.489502,13,0.14209925,6.666933177,furniture,employed,own,moderate,little,0,0.266314585,754.8838078,Middle,Below_Avg
21,8981.554421,3802.82853,6,0.582714896,0.092601619,furniture,self-employed,own,little,little,0,0.423404274,633.8047551,Young,Low
46,28850.49001,3022.934333,43,0.000968608,2.239721268,vacation,employed,own,little,moderate,0,0.104779306,70.30079844,Middle,Below_Avg
46,18708.47809,2771.727972,25,0.145397985,0.098119846,furniture,self-employed,own,rich,moderate,0,0.148153578,110.8691189,Middle,Low
39,12265.3998,5260.791071,11,0.331184651,29.20147888,medical,self-employed,own,rich,little,1,0.428913134,478.2537337,Middle,Low
53,24372.03592,4057.961062,19,0.021665109,0.651664064,medical,self-employed,own,little,moderate,0,0.166500701,213.576898,Senior,Low
35,10112.4686,3950.092538,7,0.361378514,3.913290893,business,unemployed,own,quite_rich,moderate,0,0.39061605,564.298934,Adult,Low
46,22468.21473,14464.5939,6,0.550001628,7.816500092,business,self-employed,own,moderate,moderate,0,0.643780295,2410.76565,Middle,Low
27,10813.61801,16821.49859,6,1.486421844,1.123621514,furniture,employed,own,little,little,1,1.555584687,2803.583099,Adult,Low
39,27740.14836,1355.577256,6,0.249477489,3.318453258,car,self-employed,rent,moderate,rich,0,0.048866979,225.9295426,Middle,Low
37,13874.68635,6387.346385,12,0.502849306,4.675186287,education,retired,own,moderate,little,1,0.460359696,532.2788654,Middle,Low
42,17579.75072,2639.936971,17,0.243316144,0.87298586,furniture,employed,own,rich,little,0,0.150169193,155.29041,Middle,Low
35,25513.79828,4029.50617,8,0.240400346,7.537915521,furniture,retired,own,little,moderate,0,0.15793439,503.6882712,Adult,Low
38,14968.88428,6294.444564,13,0.410415827,1.778637373,business,employed,own,rich,rich,1,0.420501919,484.1880434,Middle,Low
49,21397.25668,4145.688122,6,0.149776745,1.185091031,furniture,employed,rent,rich,moderate,0,0.193748581,690.9480204,Middle,Low
34,10332.86374,5909.803756,26,0.596835945,4.085494414,business,self-employed,own,moderate,moderate,1,0.571942484,227.3001445,Adult,Low
20,30195.18646,8420.093105,6,0.295700553,2.640822278,furniture,self-employed,rent,little,little,0,0.278855476,1403.348851,Young,Below_Avg
60,53234.23071,6220.847562,18,0.059977493,12.64654678,car,self-employed,rent,quite_rich,little,0,0.116858034,345.6026423,Senior,Below_Avg
56,88974.44156,2929.335711,10,0.045908122,10.60393079,furniture,employed,rent,moderate,little,0,0.032923339,292.9335711,Senior,Above_Avg
24,23053.75803,2970.95971,6,0.05823798,3.301954502,medical,self-employed,rent,quite_rich,little,1,0.128870951,495.1599517,Young,Low
48,32666.39231,1553.453448,13,0.030409304,2.225687059,vacation,self-employed,rent,little,little,0,0.047555097,119.4964191,Middle,Below_Avg
33,9042.465636,2482.108705,27,0.240966332,1.969051314,car,employed,own,quite_rich,moderate,0,0.274494679,91.92995202,Adult,Low
43,46693.82291,23615.40871,9,0.378862907,1.556893997,furniture,employed,own,rich,little,0,0.505750167,2623.934301,Middle,Below_Avg
43,32471.37634,2608.151836,8,-0.154794254,3.932323127,medical,self-employed,rent,quite_rich,rich,0,0.080321567,326.0189795,Middle,Below_Avg
37,17292.58849,1891.824431,6,0.015494557,8.173230036,car,employed,free,little,rich,1,0.109400882,315.3040719,Middle,Low
30,40887.93866,6348.299682,16,0.335671404,1.860804083,car,employed,rent,moderate,little,0,0.155260937,396.7687301,Adult,Below_Avg
31,19394.83285,4499.439861,31,0.201023502,1.054185991,car,employed,own,little,little,0,0.23199168,145.1432213,Adult,Low
29,17518.05616,4202.880534,14,0.317513876,3.226394884,education,self-employed,own,little,little,0,0.23991706,300.2057524,Adult,Low
30,27935.88837,15172.4532,6,0.33067239,3.580633891,furniture,employed,rent,little,moderate,0,0.543116904,2528.7422,Adult,Low
39,12943.1601,7625.867309,19,0.488352648,6.04122636,car,employed,own,quite_rich,moderate,0,0.589181255,401.3614373,Middle,Low
31,36710.29022,3216.36029,6,-0.047834283,3.652773662,education,employed,rent,moderate,little,0,0.087614679,536.0600484,Adult,Below_Avg
48,12990.90913,3499.653582,32,0.249162506,3.429614771,car,employed,rent,little,little,0,0.269392507,109.3641744,Middle,Low
57,13029.51705,3287.658173,45,0.494519419,1.786557015,education,employed,own,quite_rich,moderate,0,0.252323871,73.05907052,Senior,Low
33,13976.81418,9895.067674,16,0.753986921,11.75223391,education,employed,rent,rich,moderate,1,0.707963027,618.4417296,Adult,Low
42,32200.91086,3840.976447,38,0.288842862,0.474226045,furniture,employed,rent,quite_rich,moderate,0,0.119281609,101.0783276,Middle,Below_Avg
45,16181.31271,1170.840561,6,0.046913903,10.19433983,car,employed,own,quite_rich,rich,0,0.072357576,195.1400935,Middle,Low
45,11226.16067,4728.409926,6,0.557682577,2.363678409,education,unemployed,rent,rich,moderate,0,0.42119564,788.0683209,Middle,Low
40,16271.33094,1437.095295,6,0.295646368,10.62736524,furniture,employed,rent,little,little,0,0.088320697,239.5158825,Middle,Low
48,21676.38753,28208.66506,26,1.290417622,6.523783089,furniture,unemployed,own,quite_rich,moderate,0,1.301354528,1084.948656,Middle,Low
45,12203.93547,2269.842373,11,0.132066185,0.550027137,education,self-employed,own,little,little,1,0.185992656,206.3493066,Middle,Low
25,12383.98575,4317.829773,7,0.216881272,8.905174513,education,employed,own,moderate,moderate,0,0.348662366,616.8328248,Young,Low
50,63300.47848,6042.433987,6,0.064550346,3.580633891,car,employed,free,rich,rich,0,0.095456371,1007.072331,Middle,Average
50,14324.36623,3901.332621,29,0.280546054,0.164175669,car,retired,own,little,little,0,0.272356386,134.5287111,Middle,Low
30,18741.18553,3897.052117,6,0.411035895,0.717635531,car,self-employed,own,moderate,little,0,0.207940534,649.5086861,Adult,Low
40,18331.59769,6887.488811,7,0.24621938,5.047900542,business,employed,own,little,little,0,0.375716778,983.926973,Middle,Low
48,17842.19784,16663.4465,6,0.939900823,3.580633891,education,employed,own,little,little,1,0.933934633,2777.241083,Middle,Low
37,30051.66572,9081.614512,6,0.120769226,6.864945013,business,employed,own,little,moderate,0,0.302200038,1513.602419,Middle,Below_Avg
52,35385.99768,16039.52236,6,0.410596859,6.369212457,business,self-employed,own,rich,moderate,0,0.453273142,2673.253726,Senior,Below_Avg
68,18901.99563,2127.503942,12,0.143693997,5.386993796,vacation,unemployed,rent,little,little,0,0.112554462,177.2919952,Senior,Low
30,11869.89755,6335.285169,9,0.584985345,7.267278164,furniture,employed,rent,rich,little,0,0.53372703,703.9205744,Adult,Low
23,41656.80893,5564.691585,13,0.19248651,4.279338957,furniture,employed,rent,moderate,moderate,0,0.133584202,428.0531988,Young,Below_Avg
43,21001.08652,6508.556881,23,0.349655649,1.510875525,vacation,employed,rent,moderate,little,0,0.309915245,282.980734,Middle,Low
48,52321.40854,14779.34056,40,0.34051434,12.17353675,car,retired,own,rich,moderate,0,0.282472146,369.483514,Middle,Below_Avg
37,7166.746402,4119.012298,6,0.579313421,0.091909742,furniture,employed,rent,moderate,moderate,1,0.574739508,686.5020497,Middle,Low
57,24287.12396,3553.176627,6,0.04151215,2.282963554,car,unemployed,own,little,moderate,0,0.146298781,592.1961044,Senior,Low
23,57486.37067,7534.024483,6,-0.054108119,6.525789747,medical,employed,own,little,moderate,1,0.131057578,1255.670747,Young,Average
48,18460.11859,1184.928623,14,0.009519788,2.785709612,furniture,self-employed,own,moderate,moderate,0,0.06418857,84.63775878,Middle,Low
32,19677.93603,4066.42031,6,0.193187178,0.12573992,car,employed,own,moderate,little,0,0.206648721,677.7367183,Adult,Low
60,25533.73622,4414.46465,22,0.298280712,0.341291973,business,unemployed,own,little,moderate,1,0.172887532,200.6574841,Senior,Low
63,16657.2709,2353.627672,14,0.131237149,5.229682262,car,employed,own,moderate,moderate,0,0.141297316,168.1162623,Senior,Low
30,18844.26748,11448.88025,24,0.587895513,16.74273046,medical,self-employed,rent,moderate,little,0,0.607552417,477.0366769,Adult,Low
33,18603.26632,2101.082036,7,0.151494279,4.013288543,furniture,employed,rent,rich,little,0,0.112941566,300.1545765,Adult,Low
50,16095.41347,4408.551962,9,0.246899933,3.533774921,business,self-employed,own,moderate,little,1,0.273901132,489.8391069,Middle,Low
35,40718.11161,6213.786803,29,0.233659185,1.916012934,furniture,employed,free,quite_rich,rich,0,0.152604985,214.2685105,Adult,Below_Avg
39,27737.45698,14512.43648,6,0.721140536,1.483215002,vacation,employed,rent,moderate,little,0,0.523207174,2418.739414,Middle,Low
40,24967.09698,4873.43766,8,0.414272957,0.106041481,vacation,employed,rent,rich,moderate,0,0.195194406,609.1797075,Middle,Low
18,33000.74789,10393.36474,6,0.324647372,1.593833616,business,employed,rent,moderate,moderate,0,0.314943309,1732.227456,Young,Below_Avg
39,19299.26099,8608.249941,14,0.479729629,2.981104635,vacation,employed,own,moderate,moderate,0,0.446040392,614.8749958,Middle,Low
31,14956.4525,5424.961301,34,0.520602727,1.102920292,car,employed,free,little,little,1,0.362717115,159.5576853,Adult,Low
34,16296.21005,2055.736123,6,0.111151909,0.457003097,medical,employed,rent,moderate,little,0,0.126148111,342.6226871,Adult,Low
57,22046.1116,1559.834978,17,0.138672506,6.324418318,education,employed,own,quite_rich,little,0,0.070753292,91.7549987,Senior,Low
24,12969.99829,5351.886107,33,0.299119824,11.25092484,vacation,employed,own,little,little,0,0.412635837,162.1783669,Young,Low
49,17151.99019,3183.837473,12,0.154541044,13.8050457,business,employed,own,little,rich,0,0.185624959,265.3197895,Middle,Low
36,17016.55,10253.85358,6,0.718192689,4.811656709,car,employed,rent,rich,little,0,0.602581227,1708.975597,Middle,Low
36,63721.55166,8925.656974,60,0.068253249,0.271090905,education,employed,own,moderate,moderate,1,0.140072813,148.7609496,Middle,Average
49,5503.241328,4239.968863,6,0.757644261,6.751984858,car,self-employed,rent,little,little,1,0.770449379,706.6614771,Middle,Low
44,20134.50199,1946.580769,6,-0.060742101,0.583204533,business,employed,rent,moderate,rich,1,0.096678864,324.4301282,Middle,Low
46,52200.4762,7395.214935,38,0.342246321,5.53949818,furniture,self-employed,own,moderate,little,0,0.141669492,194.6109194,Middle,Below_Avg
51,23410.08595,2176.863685,6,0.219291089,7.556246572,car,employed,rent,moderate,little,0,0.092988282,362.8106141,Senior,Low
36,32103.12758,2679.08035,30,0.102262273,6.470667692,medical,retired,rent,rich,moderate,0,0.083452316,89.30267834,Middle,Below_Avg
32,23153.77603,2245.014838,7,0.147712355,15.1706824,medical,employed,own,little,moderate,0,0.096961067,320.7164054,Adult,Low
26,15777.39202,4399.293252,30,0.318425074,6.699846344,vacation,self-employed,own,moderate,little,1,0.278835263,146.6431084,Adult,Low
30,7179.909322,12533.41889,20,1.884054738,5.907955404,business,employed,rent,rich,little,0,1.745623563,626.6709447,Adult,Low
75,24409.504,4894.988981,11,0.148656188,1.517317549,business,employed,rent,rich,little,0,0.200536192,444.9989982,Senior,Low
54,14945.96582,3447.570455,13,0.303895726,12.93593865,business,employed,rent,little,moderate,0,0.230668964,265.1977273,Senior,Low
23,14762.30567,1450.274396,6,0.205983376,0.989474191,car,employed,own,little,rich,0,0.098241726,241.7123993,Young,Low
24,17162.91743,7644.178584,6,0.566921827,11.76395339,medical,employed,own,moderate,little,1,0.44538923,1274.029764,Young,Low
45,52703.16045,2632.465965,22,-0.175988168,1.87464952,vacation,employed,free,rich,moderate,0,0.04994892,119.6575439,Middle,Below_Avg
46,73307.54173,5399.243312,33,0.013724501,0.69725062,business,unemployed,rent,rich,little,1,0.073651949,163.6134337,Middle,Average
46,24553.35954,3701.987466,23,0.048856092,8.763165743,medical,employed,own,moderate,little,1,0.150773154,160.9559768,Middle,Low
36,17459.10186,9609.829652,43,0.565378302,0.012492862,education,employed,rent,quite_rich,little,1,0.550419473,223.4844105,Middle,Low
38,12226.81527,4333.847031,39,0.15285126,8.921585691,furniture,self-employed,rent,moderate,moderate,0,0.354454282,111.1242828,Middle,Low
43,27841.14053,4688.457501,27,-0.03616195,3.580633891,medical,self-employed,own,rich,little,1,0.168400339,173.6465741,Middle,Low
41,53715.28087,7248.847125,41,0.35195894,10.80201184,furniture,employed,rent,rich,moderate,1,0.134949441,176.8011494,Middle,Average
18,19464.15419,26517.28718,6,1.424134183,5.879829787,education,self-employed,own,quite_rich,little,1,1.362365244,4419.547864,Young,Low
37,6704.283836,10004.17259,23,1.504306928,5.485816687,furniture,employed,rent,quite_rich,moderate,0,1.492206004,434.9640258,Middle,Low
29,30792.45083,4578.446901,25,0.185054582,2.273168279,education,employed,own,moderate,moderate,0,0.148687317,183.137876,Adult,Below_Avg
42,36051.35958,4927.358846,6,0.151310182,0.306202356,business,employed,own,little,little,0,0.136676089,821.2264744,Middle,Below_Avg
75,9967.421263,3229.596325,43,0.423750299,8.861934619,education,employed,rent,moderate,moderate,1,0.324015233,75.10689129,Senior,Low
44,24058.46267,2298.480283,6,0.032292869,0.937095407,education,employed,rent,rich,little,1,0.095537288,383.0800472,Middle,Low
36,27601.15802,3158.332162,10,0.133089006,2.328135237,furniture,employed,rent,rich,little,1,0.114427524,315.8332162,Middle,Low
51,21235.85592,2649.909663,6,0.147526815,4.585889195,education,employed,own,little,little,0,0.124784688,441.6516105,Senior,Low
45,14833.07169,8289.083665,13,0.45413869,3.291349998,medical,employed,free,little,little,1,0.558824486,637.6218204,Middle,Low
45,36606.04288,2086.084439,9,0.18468574,1.107353726,car,self-employed,own,moderate,little,0,0.056987434,231.7871599,Middle,Below_Avg
47,18003.29592,14279.3319,17,0.748583311,3.580633891,car,self-employed,rent,moderate,little,0,0.793150985,839.9607,Middle,Low
64,10481.9176,8969.965482,26,0.95749832,0.657645691,car,self-employed,free,little,little,0,0.855756153,344.9986724,Senior,Low
26,7905.09492,4996.042527,26,0.643494124,9.93915942,medical,unemployed,own,rich,little,0,0.632002851,192.1554818,Adult,Low
45,41374.69578,4916.021721,23,0.282175592,0.160341419,business,unemployed,own,little,rich,0,0.118817109,213.7400748,Middle,Below_Avg
28,29981.38561,3146.905765,6,0.000824077,18.86440619,medical,unemployed,free,moderate,moderate,1,0.104961986,524.4842942,Adult,Below_Avg
46,23016.96366,6100.143223,9,0.156552267,1.106530517,education,employed,free,little,little,1,0.265028147,677.7936915,Middle,Low
28,17674.22569,11736.67661,30,0.573486497,0.584480066,furniture,employed,rent,rich,moderate,0,0.664056056,391.2225536,Adult,Low
34,16907.30055,2800.280389,19,0.178955072,4.301580461,business,employed,own,rich,moderate,0,0.165625517,147.3831784,Adult,Low
36,12863.27558,1441.279196,20,0.266192888,0.41683173,car,employed,rent,little,little,0,0.112046048,72.06395981,Middle,Low
51,17752.3322,8626.331475,6,0.645236021,4.612213874,furniture,employed,own,moderate,little,1,0.485926659,1437.721912,Senior,Low
51,7630.864285,6370.879317,7,0.603886199,9.506531838,furniture,employed,own,little,rich,0,0.834883059,910.1256167,Senior,Low
25,15244.41024,2005.885642,56,0.156552431,0.245415648,car,retired,own,quite_rich,moderate,0,0.131581715,35.81938646,Young,Low
40,18854.95912,2733.360007,33,-0.176327664,8.043905754,furniture,employed,own,rich,moderate,0,0.144967697,82.82909113,Middle,Low
31,29879.86208,2471.836266,6,0.162229005,2.508317299,car,employed,own,rich,moderate,1,0.082725826,411.9727109,Adult,Below_Avg
24,21591.1064,2752.800909,14,0.239313924,0.868735913,car,employed,own,little,moderate,1,0.127496982,196.6286364,Young,Low
37,32776.31916,3793.535818,12,0.111715714,0.968509218,furniture,self-employed,rent,little,moderate,1,0.115740142,316.1279849,Middle,Below_Avg
36,43242.00123,3970.956023,10,0.100229153,12.55201737,business,employed,rent,moderate,moderate,0,0.091830996,397.0956023,Middle,Below_Avg
69,37387.25115,2920.076449,11,0.085467423,0.586073341,car,employed,rent,little,moderate,0,0.078103534,265.4614953,Senior,Below_Avg
45,27868.57318,2679.723628,18,0.017711561,10.07887152,furniture,retired,own,rich,little,0,0.096155753,148.8735349,Middle,Low
23,22157.50046,4092.750533,60,0.227882322,3.928995315,car,self-employed,own,moderate,moderate,1,0.184711743,68.21250888,Young,Low
33,13488.67867,5620.372534,37,0.39353252,0.199196652,education,self-employed,rent,little,moderate,0,0.416673321,151.9019604,Adult,Low
52,31887.58492,3816.018082,37,0.212700137,3.122549221,education,retired,own,little,little,0,0.119670966,103.1356238,Senior,Below_Avg
65,51014.93394,12418.38877,21,0.232063845,8.503642556,vacation,employed,own,quite_rich,little,0,0.243426538,591.3518463,Senior,Below_Avg
20,26135.58357,7379.566467,6,0.196254747,6.476837737,vacation,self-employed,rent,quite_rich,rich,0,0.282357057,1229.927744,Young,Low
18,57447.66131,1376.533023,10,-0.129624952,3.354799912,car,employed,own,little,rich,0,0.023961515,137.6533023,Young,Average
62,10272.3813,7472.47996,12,0.54102757,9.832346017,car,self-employed,free,little,moderate,0,0.727434052,622.7066633,Senior,Low
44,12368.62505,7977.937402,33,0.776265022,0.641239797,car,employed,rent,little,little,1,0.645014087,241.7556788,Middle,Low
29,33779.20832,3471.048628,46,0.056978021,12.0364543,medical,employed,own,little,little,1,0.102756956,75.45757887,Adult,Below_Avg
46,25138.23078,1485.998075,10,0.092970492,9.368358893,business,employed,own,quite_rich,little,0,0.059113073,148.5998075,Middle,Low
18,42484.35155,4946.588408,6,0.294756175,6.159749797,car,employed,rent,rich,moderate,0,0.116433186,824.4314014,Young,Below_Avg
40,21856.73038,4884.553113,7,0.16720007,8.515659903,car,employed,rent,quite_rich,moderate,0,0.223480504,697.7933019,Middle,Low
43,14271.39251,2003.564275,15,0.077642495,3.924289805,furniture,employed,rent,rich,rich,0,0.140390244,133.5709516,Middle,Low
51,19795.37055,1539.210077,6,0.064539888,5.622150017,car,self-employed,rent,rich,rich,0,0.077756063,256.5350129,Senior,Low
27,10235.91624,4582.303796,43,0.450612408,4.111703641,vacation,employed,own,moderate,little,0,0.447669138,106.5652046,Adult,Low
41,12527.7901,4078.718995,9,0.514328837,2.195847857,education,employed,own,rich,little,0,0.325573702,453.1909995,Middle,Low
28,35818.57881,3519.899467,60,0.254852275,4.206621325,education,self-employed,rent,moderate,rich,0,0.098270216,58.66499112,Adult,Below_Avg
43,34077.537,4597.515888,6,0.197000927,1.488428596,furniture,self-employed,own,little,rich,0,0.134913386,766.252648,Middle,Below_Avg
29,26410.10926,2034.039306,6,0.221958828,2.901585695,car,employed,rent,moderate,little,0,0.077017451,339.006551,Adult,Low
35,9315.744824,3470.810814,12,0.354752797,1.647908009,education,employed,rent,moderate,little,0,0.372574698,289.2342345,Adult,Low
28,18412.74215,7530.073069,36,0.43887635,0.655601733,business,self-employed,rent,quite_rich,moderate,1,0.408959893,209.1686964,Adult,Low
47,11938.21712,3714.591293,7,0.280999895,1.942021301,furniture,employed,own,moderate,moderate,0,0.31115126,530.655899,Middle,Low
50,39666.67236,1290.031638,32,-0.096515037,9.552283227,education,employed,rent,little,little,1,0.032521801,40.31348868,Middle,Below_Avg
37,16450.95704,3367.231518,9,0.325070491,2.398902503,vacation,employed,own,little,little,0,0.204683017,374.1368354,Middle,Low
40,12799.04893,2087.814761,34,0.216292522,3.580633891,car,unemployed,rent,quite_rich,moderate,0,0.163122649,61.40631651,Middle,Low
22,22357.0745,6085.773037,6,0.27401528,0.963058724,education,employed,rent,quite_rich,little,0,0.272207933,1014.295506,Young,Low
36,15993.26175,6342.764052,11,0.396342988,2.76187795,furniture,employed,rent,rich,rich,0,0.396589773,576.6149138,Middle,Low
39,46252.55363,1303.724308,6,-0.12243441,0.610025068,business,unemployed,own,little,little,1,0.028187077,217.2873847,Middle,Below_Avg
71,15253.96199,9020.097086,6,0.493580614,0.746103796,car,employed,rent,little,moderate,0,0.591328147,1503.349514,Senior,Low
26,10942.24068,2018.784666,9,0.218109949,4.804301562,business,employed,rent,little,moderate,0,0.184494632,224.3094074,Adult,Low
57,7506.640007,17108.75898,7,2.226238788,4.675862089,car,employed,own,quite_rich,little,1,2.279150054,2444.108426,Senior,Low
51,21690.00314,4726.683101,27,0.196148586,1.199998528,car,retired,free,rich,little,1,0.21791989,175.0623371,Senior,Low
43,16631.18694,1813.266513,24,0.098562482,3.21629471,business,self-employed,rent,quite_rich,moderate,1,0.109028088,75.55277138,Middle,Low
61,10781.07646,1971.226355,7,0.114594453,9.950058247,education,self-employed,rent,moderate,little,0,0.18284133,281.603765,Senior,Low
44,39919.22158,6492.975852,60,0.065861035,0.957022462,vacation,employed,own,rich,little,0,0.162652867,108.2162642,Middle,Below_Avg
44,30749.302,3593.780847,60,-0.044362188,0.096987266,education,employed,free,little,little,0,0.116873575,59.89634745,Middle,Below_Avg
39,21717.87777,4549.064436,44,0.194809911,5.277694178,education,employed,rent,little,little,1,0.209461739,103.3878281,Middle,Low
54,43571.69939,17858.3093,15,0.471721144,0.274912076,business,employed,rent,quite_rich,rich,0,0.409860289,1190.553954,Senior,Below_Avg
53,30676.98618,2809.058769,9,-0.072794485,19.54519695,furniture,self-employed,rent,little,moderate,0,0.091568929,312.117641,Senior,Below_Avg
32,14597.01083,5156.27803,6,0.350837267,4.703176911,car,employed,own,rich,little,0,0.35324205,859.3796716,Adult,Low
24,13100.29356,15304.09303,6,1.196339523,3.580633891,car,self-employed,own,moderate,rich,0,1.168225197,2550.682172,Young,Low
37,33156.39116,6102.237465,17,0.085086038,2.810529153,car,employed,own,little,little,0,0.184044079,358.955145,Middle,Below_Avg
30,26854.36021,1359.290038,14,0.192831289,4.25568378,furniture,employed,own,little,little,0,0.050617108,97.09214559,Adult,Low
39,23977.56508,7363.651448,17,0.268534352,0.474985546,medical,self-employed,rent,little,little,0,0.307105889,433.1559675,Middle,Low
54,14425.47614,1938.360349,15,0.124244663,13.29766171,vacation,employed,own,rich,moderate,0,0.134370632,129.2240233,Senior,Low
34,29851.00491,15145.30744,6,0.491236453,4.912714516,medical,self-employed,rent,little,moderate,0,0.507363403,2524.217907,Adult,Below_Avg
39,15096.98839,2544.541908,21,-0.008531117,1.016572867,medical,employed,rent,moderate,little,0,0.168546325,121.1686623,Middle,Low
40,20931.4203,52870.85951,8,2.626784044,4.13431928,furniture,self-employed,own,moderate,little,0,2.525908837,6608.857439,Middle,Low
50,45409.29384,15897.24004,13,0.254535929,0.715061002,car,unemployed,own,little,moderate,0,0.350087806,1222.864618,Middle,Below_Avg
18,15828.74519,2598.552776,8,0.140514643,0.088542966,education,employed,rent,little,moderate,0,0.164166694,324.819097,Young,Low
32,10031.70013,4994.092755,6,0.557597244,4.978252539,vacation,employed,own,little,rich,0,0.497831144,832.3487925,Adult,Low
42,13013.28977,8981.439286,37,0.836264729,5.227490887,furniture,employed,own,little,little,1,0.690174387,242.7416023,Middle,Low
54,36212.12959,9199.720475,6,0.146057571,4.381704582,education,self-employed,rent,moderate,moderate,0,0.254050799,1533.286746,Senior,Below_Avg
34,25018.36837,7001.425205,15,0.235203033,1.013538982,car,employed,rent,quite_rich,moderate,0,0.279851392,466.7616803,Adult,Low
18,20651.87329,13382.82208,38,0.786261628,4.624511759,furniture,employed,rent,little,moderate,1,0.648019765,352.1795285,Young,Low
47,17076.40726,4454.298405,6,0.307216561,0.290852552,furniture,self-employed,rent,quite_rich,little,0,0.260845173,742.3830675,Middle,Low
32,28076.26829,3665.154853,9,0.197659942,4.69828755,furniture,self-employed,rent,moderate,little,1,0.130542806,407.2394281,Adult,Low
25,14406.68443,3723.833062,8,0.153366359,4.037372436,vacation,unemployed,own,moderate,moderate,0,0.258479533,465.4791327,Young,Low
32,25663.69906,9766.354912,6,0.342630381,5.324748875,car,employed,free,rich,moderate,0,0.380551334,1627.725819,Adult,Low
37,15281.11018,6582.33505,9,0.41396625,11.29167399,medical,employed,own,moderate,little,0,0.430749793,731.3705612,Middle,Low
32,14061.1409,6204.480259,11,0.355460655,9.497551037,car,unemployed,rent,little,little,1,0.441250131,564.0436599,Adult,Low
18,16014.60316,9285.296434,6,0.412344881,19.72639751,medical,employed,rent,little,little,0,0.579801843,1547.549406,Young,Low
50,18256.86179,952.5647405,12,0.001125855,18.6989763,education,self-employed,rent,rich,little,0,0.052175711,79.38039504,Middle,Low
55,21495.2032,6298.426121,6,0.428444246,7.399063989,business,self-employed,free,little,little,0,0.293015426,1049.737687,Senior,Low
47,24778.40775,5853.851567,40,0.242165439,15.6657414,car,employed,own,moderate,little,1,0.236248093,146.3462892,Middle,Low
26,3483.585485,18676.96948,18,5.498850407,10.09771456,business,employed,own,moderate,little,1,5.361421316,1037.609415,Adult,Low
37,14708.41005,1446.829101,6,0.116269563,6.502096395,vacation,employed,own,little,little,0,0.098367471,241.1381836,Middle,Low
39,18109.91779,17081.46619,31,0.866739814,0.391885191,car,employed,own,rich,moderate,1,0.943210587,551.0150382,Middle,Low
47,46748.19944,5220.389543,8,0.239432289,0.251468383,car,employed,rent,rich,little,0,0.111670387,652.5486928,Middle,Below_Avg
48,12835.86771,7267.674365,6,0.587433087,9.088450941,furniture,self-employed,own,moderate,moderate,1,0.566200473,1211.279061,Middle,Low
31,23894.37391,18783.5174,6,0.882290164,3.363349962,car,employed,rent,little,little,1,0.78610628,3130.586233,Adult,Low
40,46514.30389,7697.177748,16,0.058646984,8.426378402,car,employed,rent,little,little,0,0.165479801,481.0736092,Middle,Below_Avg
45,11424.50324,6770.259064,6,0.696484246,1.876510141,business,employed,own,moderate,moderate,1,0.592608617,1128.376511,Middle,Low
57,26822.26521,5966.005868,6,0.329316296,2.53458186,car,employed,own,rich,moderate,0,0.222427369,994.3343113,Senior,Low
48,14748.01952,3338.301728,17,0.255332648,6.022977007,business,employed,own,moderate,moderate,0,0.226355934,196.3706899,Middle,Low
49,17114.53068,4804.021701,60,0.20000621,12.34477697,vacation,employed,free,quite_rich,little,0,0.280698419,80.06702834,Middle,Low
41,14741.83402,2772.735861,11,0.183485339,0.45926891,business,employed,rent,little,moderate,1,0.188086222,252.0668964,Middle,Low
56,15276.5056,4742.626999,9,0.37158146,9.883635827,car,employed,own,quite_rich,little,0,0.310452346,526.9585555,Senior,Low
44,85901.45739,758.433743,52,0.032286116,7.875489802,education,employed,own,moderate,moderate,0,0.008829114,14.58526429,Middle,Above_Avg
29,33598.20547,6927.343283,6,0.266290217,1.895620037,furniture,self-employed,own,rich,little,0,0.206181943,1154.557214,Adult,Below_Avg
56,38210.62628,4458.68963,6,0.217911755,2.194204272,furniture,employed,own,little,moderate,0,0.116687164,743.1149384,Senior,Below_Avg
48,28169.54598,3755.726462,42,0.068481107,0.237877267,furniture,employed,rent,moderate,moderate,0,0.133325772,89.42205861,Middle,Low
34,9866.215318,5859.423314,18,0.478380076,0.07932905,medical,unemployed,rent,rich,moderate,0,0.593887638,325.5235174,Adult,Low
34,26835.44816,1561.104499,6,0.054419342,3.240927644,business,self-employed,own,rich,rich,0,0.058173223,260.1840831,Adult,Low
43,37664.18068,23003.82987,20,0.577787141,0.502084033,car,employed,rent,little,rich,1,0.610761457,1150.191494,Middle,Below_Avg
45,14375.78198,4526.870002,30,0.393480207,1.078368938,furniture,employed,own,little,moderate,1,0.314895566,150.8956667,Middle,Low
42,35691.33901,4373.524364,6,0.015087574,9.378984711,furniture,self-employed,own,moderate,rich,0,0.122537413,728.9207273,Middle,Below_Avg
43,31324.88489,2270.335806,8,0.174515255,3.580633891,medical,employed,rent,quite_rich,little,0,0.072477068,283.7919758,Middle,Below_Avg
60,55604.53393,5009.829221,6,0.225458706,5.020590899,medical,employed,own,moderate,little,0,0.090097495,834.9715369,Senior,Average
52,17874.10853,14906.72768,18,0.834014897,1.038069631,furniture,employed,own,little,moderate,0,0.8339844,828.1515378,Senior,Low
42,12723.35435,11256.85964,19,0.890813543,8.82057962,furniture,unemployed,rent,rich,rich,1,0.88473993,592.4662968,Middle,Low
51,18383.07982,9735.655023,6,0.452844042,10.12400065,education,employed,own,moderate,moderate,0,0.529598692,1622.609171,Senior,Low
27,45151.80322,7609.244444,20,0.114259725,3.704629017,furniture,employed,own,little,little,0,0.168525815,380.4622222,Adult,Below_Avg
44,8829.0002,3689.203935,19,0.377017034,12.18388477,car,employed,rent,little,moderate,0,0.417850702,194.1686282,Middle,Low
61,7830.738821,1540.511012,6,0.341020146,9.316125637,business,employed,own,rich,little,0,0.196726139,256.7518353,Senior,Low
37,23033.33145,4184.610811,14,0.174489238,6.571248719,furniture,employed,own,little,little,0,0.181676316,298.9007722,Middle,Low
29,17653.78265,4069.611537,17,0.098306191,6.622722041,business,unemployed,own,little,little,1,0.230523487,239.3889139,Adult,Low
32,22111.73952,11373.43386,10,0.539897221,0.556856465,furniture,employed,rent,moderate,little,1,0.514361787,1137.343386,Adult,Low
26,35335.94107,6295.00886,41,0.260776493,1.579283291,business,retired,own,little,little,1,0.17814748,153.5368015,Adult,Below_Avg
30,16709.20973,17851.61434,7,1.06582862,0.3459317,business,employed,rent,little,moderate,0,1.068369757,2550.23062,Adult,Low
35,8634.29277,12810.12089,6,1.630554252,0.043595552,education,employed,rent,moderate,moderate,0,1.483632908,2135.020148,Adult,Low
23,61220.70808,3411.145755,20,0.133469689,0.861714734,business,employed,own,rich,little,0,0.055718822,170.5572878,Young,Average
40,13378.25433,1168.991444,16,-0.017532904,10.62165828,furniture,employed,rent,little,little,0,0.087379969,73.06196527,Middle,Low
50,12971.13054,14890.22427,60,1.092807873,1.371355738,car,employed,rent,little,moderate,0,1.147951154,248.1704045,Middle,Low
29,38248.51469,14581.48976,6,0.40385285,17.55851599,car,self-employed,own,moderate,rich,0,0.381230222,2430.248293,Adult,Below_Avg
58,18174.14829,1647.52712,9,-0.075966691,4.547705306,car,employed,rent,little,rich,0,0.090652233,183.0585688,Senior,Low
46,21339.28617,16438.67412,11,0.803983566,1.354180416,car,employed,rent,moderate,little,1,0.770347892,1494.42492,Middle,Low
52,28040.21649,6672.125384,35,0.061790183,3.580633891,business,self-employed,own,quite_rich,little,0,0.237948426,190.6321538,Senior,Low
32,37865.34344,5588.95942,9,0.249944263,1.236507742,furniture,employed,own,moderate,little,0,0.147600917,620.9954911,Adult,Below_Avg
50,18643.81348,17886.94871,26,1.05013134,20.66757654,car,employed,own,little,little,1,0.959403972,687.9595657,Middle,Low
26,47097.53782,14411.01521,6,0.356460484,9.3952539,vacation,employed,own,little,moderate,1,0.305982348,2401.835869,Adult,Below_Avg
50,7571.148677,8275.583916,9,1.025454219,0.132945842,business,employed,own,little,little,0,1.093042056,919.509324,Middle,Low
42,32205.53524,7176.547183,6,0.239856113,14.76106861,furniture,self-employed,rent,little,rich,1,0.22283583,1196.091197,Middle,Below_Avg
46,14475.8384,8047.489291,53,0.504587861,3.580633891,car,employed,own,little,moderate,1,0.55592561,151.8394206,Middle,Low
25,43745.13381,3568.690686,6,-0.021502381,0.429866409,car,unemployed,own,little,little,0,0.081579147,594.781781,Young,Below_Avg
29,23647.72606,4702.825796,9,0.164995805,5.552985295,furniture,unemployed,own,rich,moderate,0,0.198870106,522.5361996,Adult,Low
47,15733.49776,2387.844312,6,0.221594733,5.205397946,vacation,employed,rent,rich,moderate,0,0.151768179,397.974052,Middle,Low
28,30681.66569,3765.24488,45,0.127101122,1.234548369,car,employed,own,moderate,moderate,1,0.122719702,83.67210845,Adult,Below_Avg
45,34426.92269,3665.400543,17,0.251540007,7.103325632,education,self-employed,own,little,rich,0,0.106469015,215.6117967,Middle,Below_Avg
23,30361.99866,2956.483116,59,0.17395251,0.455451349,medical,unemployed,own,rich,little,1,0.097374456,50.10988332,Young,Below_Avg
50,13162.82543,5482.942575,6,0.482416623,3.361286323,education,employed,rent,little,moderate,1,0.416547542,913.8237625,Middle,Low
25,17291.86499,3792.631254,6,0.058437721,0.049863852,furniture,unemployed,own,little,little,1,0.219330376,632.105209,Young,Low
46,21981.65633,7345.093192,8,0.305630632,17.32667814,business,unemployed,own,little,little,0,0.334146485,918.1366489,Middle,Low
47,21576.71868,1342.304926,17,-0.044226441,6.962842649,vacation,employed,own,moderate,moderate,0,0.0622108,78.9591133,Middle,Low
31,32044.24034,4488.689937,7,0.121777613,0.86493872,education,self-employed,own,little,little,1,0.140077901,641.2414196,Adult,Below_Avg
46,8042.935309,5460.203353,22,0.609554306,2.090275452,vacation,employed,rent,little,little,0,0.678881918,248.1910615,Middle,Low
43,26034.12684,3833.358566,6,0.109483105,0.875115544,education,employed,own,little,little,0,0.1472436,638.8930944,Middle,Low
33,19053.56158,4281.616226,16,0.330831018,7.275381934,vacation,employed,own,rich,little,0,0.224714745,267.6010141,Adult,Low
27,14483.27322,1382.713555,9,0.142994679,0.303509853,medical,employed,rent,little,moderate,0,0.095469687,153.6348394,Adult,Low
18,15195.5304,6536.660478,12,0.530881388,9.175631482,education,self-employed,own,little,rich,1,0.430169945,544.7217065,Young,Low
44,19786.02516,8250.959586,15,0.256941145,14.25351582,education,employed,rent,moderate,little,0,0.417009456,550.0639724,Middle,Low
21,3638.975437,7294.163854,6,2.010252839,5.644758694,education,employed,own,little,little,1,2.004455369,1215.693976,Young,Low
41,15511.78311,11282.2012,46,0.824001529,1.197415653,business,unemployed,free,moderate,little,1,0.727331031,245.2652434,Middle,Low
36,14215.56241,5774.596626,27,0.556846135,2.232139436,vacation,employed,free,little,little,1,0.406216544,213.8739491,Middle,Low
48,28749.95856,7207.986631,10,0.095904101,3.243162859,car,employed,rent,moderate,little,0,0.25071294,720.7986631,Middle,Below_Avg
36,14724.03776,5568.453191,14,0.343039555,4.639600106,business,employed,free,moderate,moderate,0,0.378187919,397.7466565,Middle,Low
36,19780.32627,8518.883577,6,0.534097241,5.523097829,business,employed,own,rich,rich,0,0.430674573,1419.813929,Middle,Low
48,47626.20023,1391.609529,12,0.00999158,4.039589337,business,self-employed,rent,little,rich,0,0.029219411,115.9674608,Middle,Below_Avg
44,36213.08367,2404.591288,10,-0.024640593,2.164031893,business,employed,own,moderate,little,0,0.066401175,240.4591288,Middle,Below_Avg
43,34583.62904,17492.36407,8,0.350799056,11.07824395,car,employed,rent,quite_rich,little,0,0.505798973,2186.545508,Middle,Below_Avg
45,17155.32302,686.5309736,30,-0.054851614,0.424479307,furniture,employed,own,rich,little,1,0.04001854,22.88436579,Middle,Low
21,28897.66687,4393.395441,6,-0.01685729,3.139195287,vacation,employed,own,quite_rich,little,0,0.152032877,732.2325735,Young,Below_Avg
49,19595.41912,12554.31823,6,0.646522224,7.470842131,medical,employed,free,quite_rich,moderate,1,0.640676178,2092.386372,Middle,Low
47,19969.34037,4561.430081,13,0.318052689,0.314021011,car,employed,own,moderate,little,0,0.22842167,350.879237,Middle,Low
27,27033.78535,3554.576271,20,0.005388967,6.109584485,education,employed,rent,little,little,0,0.131486443,177.7288136,Adult,Low
37,16342.15436,5450.907249,6,0.359321852,8.565988071,vacation,employed,rent,rich,little,0,0.333548878,908.4845414,Middle,Low
39,46467.18076,3705.242012,14,0.164266006,5.406288255,business,employed,own,moderate,rich,0,0.079738903,264.6601437,Middle,Below_Avg
38,20331.66761,5037.57248,6,0.247498931,0.065106513,education,employed,own,moderate,moderate,0,0.247769764,839.5954133,Middle,Low
44,30006.82945,2844.934066,25,-0.066259877,0.993090295,car,employed,own,moderate,moderate,0,0.094809552,113.7973626,Middle,Below_Avg
57,45606.25876,11931.52739,11,0.300241549,2.093611074,business,self-employed,free,moderate,little,0,0.261620394,1084.684308,Senior,Below_Avg
52,36894.83647,15346.02769,32,0.410475018,1.330842689,business,self-employed,free,moderate,little,0,0.415939713,479.5633652,Senior,Below_Avg
24,10889.34915,4417.316846,9,0.390004344,16.43739835,business,employed,rent,moderate,little,0,0.405654809,490.8129829,Young,Low
47,27513.93679,1621.016116,31,0.004232458,5.27193283,business,unemployed,rent,little,moderate,0,0.058916182,52.29084244,Middle,Low
55,33703.59197,3232.223158,22,0.104580187,1.761785378,furniture,unemployed,own,rich,moderate,0,0.095901445,146.9192345,Senior,Below_Avg
44,34404.11682,4242.080331,31,0.174283323,13.2747395,medical,employed,own,rich,little,0,0.123301533,136.841301,Middle,Below_Avg
53,12623.96894,7364.534345,30,0.82244191,6.74680823,business,self-employed,own,moderate,little,0,0.583377096,245.4844782,Senior,Low
64,15858.84046,2194.236483,11,0.149593668,1.674617665,education,employed,rent,little,little,0,0.138360461,199.4760439,Senior,Low
52,36216.82678,2656.248705,8,0.22445706,2.381167529,medical,unemployed,own,little,moderate,1,0.073342944,332.0310881,Senior,Below_Avg
42,15049.7975,7394.863454,26,0.527135173,1.112149395,medical,employed,rent,little,moderate,1,0.491359665,284.4178251,Middle,Low
52,18961.23615,10416.29896,8,0.539394207,17.71507187,vacation,retired,rent,little,moderate,1,0.54934704,1302.037369,Senior,Low
41,48433.05939,2989.09147,6,0.076570686,3.641763385,education,employed,own,little,moderate,0,0.061715933,498.1819116,Middle,Below_Avg
40,21506.28237,1691.593659,35,-0.043517846,11.319548,education,employed,own,little,little,1,0.078655791,48.33124739,Middle,Low
35,15315.38153,68002.14726,9,4.470707034,2.127061978,furniture,self-employed,own,little,moderate,1,4.440121007,7555.79414,Adult,Low
58,14202.75617,9197.099023,6,0.448350834,9.860712243,car,self-employed,rent,moderate,little,0,0.647557341,1532.849837,Senior,Low
30,26013.2074,3969.50623,18,0.066329166,0.276965533,education,self-employed,own,quite_rich,little,0,0.152595801,220.5281239,Adult,Low
58,11309.81256,9849.98312,39,0.881907949,20.11206896,education,unemployed,own,little,little,0,0.87092364,252.5636697,Senior,Low
45,19464.19724,4449.000291,35,0.347971758,12.15404538,car,self-employed,rent,moderate,moderate,0,0.228573531,127.114294,Middle,Low
23,26019.85729,9835.224048,14,0.521051602,2.256521344,medical,self-employed,own,quite_rich,rich,1,0.377989162,702.5160035,Young,Low
44,42174.66272,5583.184314,6,0.108727772,7.452104089,education,employed,own,quite_rich,moderate,0,0.132382429,930.530719,Middle,Below_Avg
18,30753.95984,5287.059544,21,0.187486489,6.976835501,education,employed,rent,little,little,0,0.171914757,251.7647402,Young,Below_Avg
47,15413.01315,4487.874599,16,0.38961063,11.57606227,furniture,employed,rent,little,little,0,0.291174383,280.4921624,Middle,Low
50,39704.09694,1543.943186,6,-0.094063114,1.835466428,car,self-employed,rent,little,little,1,0.038886244,257.3238643,Middle,Below_Avg
32,18962.9524,23166.80976,41,1.262162664,3.132304887,vacation,employed,own,little,little,1,1.221687914,565.0441405,Adult,Low
41,11874.4996,2314.09246,6,0.112089869,10.01238815,furniture,employed,own,moderate,moderate,0,0.194879156,385.6820767,Middle,Low
63,20210.93999,1655.703278,8,0.064738637,7.538457316,education,employed,rent,little,little,0,0.081921142,206.9629098,Senior,Low
33,45210.49823,4145.223945,6,0.045784874,2.499978389,education,unemployed,own,rich,little,1,0.091687199,690.8706575,Adult,Below_Avg
27,23923.58389,2277.474766,43,0.138733705,9.345100322,education,employed,rent,little,moderate,1,0.095197892,52.96452943,Adult,Low
57,22164.80462,4715.592111,6,0.267781718,0.240460745,education,employed,own,rich,little,0,0.21275135,785.9320186,Senior,Low
63,49941.41125,8520.336198,9,0.259714504,7.617363188,car,employed,own,little,moderate,0,0.170606637,946.7040219,Senior,Below_Avg
40,10767.87643,10896.99476,35,1.04681095,1.158184209,car,employed,own,moderate,moderate,0,1.011991067,311.3427075,Middle,Low
52,11581.91887,9431.256175,6,0.83147398,1.685208348,education,employed,rent,moderate,moderate,1,0.814308603,1571.876029,Senior,Low
56,9819.021615,3848.714041,6,0.577367506,3.398340599,business,employed,rent,moderate,little,1,0.391965126,641.4523402,Senior,Low
31,26537.76504,5113.674281,6,0.040258326,2.98677196,furniture,employed,own,little,little,1,0.192694233,852.2790468,Adult,Low
34,23938.57763,6811.061364,9,0.454083378,3.675788018,car,self-employed,rent,little,moderate,0,0.284522392,756.784596,Adult,Low
54,47637.14932,1204.440064,10,-0.003698561,3.934823926,car,self-employed,own,little,little,0,0.02528363,120.4440064,Senior,Below_Avg
60,24877.95972,7757.906223,22,0.368927682,2.01380153,business,employed,own,moderate,rich,0,0.311838523,352.632101,Senior,Low
46,17996.29928,1531.74145,6,0.052548278,0.96323852,furniture,self-employed,own,little,little,0,0.085114246,255.2902417,Middle,Low
29,22046.24202,25141.55362,21,1.070146709,7.315471629,car,self-employed,own,moderate,moderate,0,1.140400872,1197.216839,Adult,Low
63,23361.7117,3555.98697,60,0.200672035,2.553929365,business,self-employed,own,little,little,0,0.152214316,59.26644949,Senior,Low
33,9548.30913,4239.072856,35,0.54817341,3.524488364,car,employed,own,little,little,1,0.44396058,121.1163673,Adult,Low
35,85405.50356,2655.091299,18,0.078388854,5.173917699,education,employed,own,moderate,rich,0,0.031088059,147.5050722,Adult,Above_Avg
44,28564.94395,2969.129154,50,0.049731533,12.01965297,furniture,self-employed,own,moderate,moderate,0,0.103943111,59.38258307,Middle,Below_Avg
58,24465.1309,30311.26957,60,1.600093003,6.14735624,medical,employed,own,little,moderate,1,1.238957997,505.1878261,Senior,Low
50,29958.90811,10428.47945,15,0.467950142,0.232624593,car,employed,rent,moderate,little,0,0.348092775,695.2319631,Middle,Below_Avg
44,31404.46912,1423.164289,6,0.138651484,9.118119867,furniture,employed,rent,rich,rich,1,0.045317254,237.1940481,Middle,Below_Avg
45,20531.65781,16372.69555,44,0.762140184,22.71333201,medical,self-employed,free,little,moderate,1,0.797436607,372.1067169,Middle,Low
40,16064.69734,12766.67859,33,0.732187381,3.197890131,furniture,employed,own,little,little,0,0.794703959,386.8690481,Middle,Low
46,29724.45371,3924.640486,6,0.104050159,17.46497421,education,employed,own,moderate,little,0,0.132034066,654.1067477,Middle,Below_Avg
18,26711.65912,6281.458977,49,0.343298604,3.962945587,furniture,self-employed,rent,quite_rich,little,0,0.235157949,128.1930403,Young,Low
36,14691.94922,4856.361318,8,0.231485313,3.077376367,car,unemployed,rent,little,little,1,0.330545746,607.0451647,Middle,Low
42,44780.041,23814.83354,6,0.424997655,2.012882157,education,employed,rent,moderate,rich,0,0.531818038,3969.138924,Middle,Below_Avg
26,25506.17907,2599.223041,7,0.155860375,5.358219278,medical,employed,rent,quite_rich,little,0,0.101905622,371.3175772,Adult,Low
44,31726.56689,5523.729183,6,0.206023865,1.305657856,furniture,self-employed,rent,moderate,little,1,0.17410422,920.6215305,Middle,Below_Avg
37,44177.03858,3489.395305,13,0.001955274,0.554290323,education,employed,rent,little,little,0,0.078986628,268.4150235,Middle,Below_Avg
61,22268.85647,1561.758449,15,-0.038988402,0.138074542,education,self-employed,rent,moderate,little,0,0.070131955,104.1172299,Senior,Low
58,25808.93435,28376.32938,9,1.243266687,1.729241059,furniture,self-employed,free,little,little,1,1.099476987,3152.925487,Senior,Low
34,33024.785,1909.786504,9,0.093529328,2.51900868,education,employed,free,little,little,0,0.057828885,212.1985004,Adult,Below_Avg
38,15330.03811,5861.163134,24,0.245978349,4.015666291,car,employed,own,little,little,0,0.382331935,244.2151306,Middle,Low
39,22629.86632,1221.017144,6,-0.07540655,1.731854108,furniture,employed,own,little,little,0,0.053956003,203.5028573,Middle,Low
34,23453.48304,3571.509336,52,0.116129354,20.6944839,furniture,self-employed,own,little,little,1,0.152280552,68.68287185,Adult,Low
42,13656.4979,6888.268713,22,0.577679141,1.724756591,vacation,employed,own,rich,rich,0,0.50439496,313.1031233,Middle,Low
30,70179.98212,2540.745489,22,0.095704159,2.907808895,furniture,employed,own,quite_rich,little,0,0.036203279,115.4884313,Adult,Average
26,10898.20394,7859.210858,9,0.834315201,0.545036706,education,employed,own,little,moderate,1,0.721147347,873.2456508,Adult,Low
47,11509.73005,3963.041744,60,0.195286018,1.509760455,car,employed,own,little,rich,0,0.344320998,66.05069573,Middle,Low
47,42493.7926,12432.45921,6,0.314955853,0.247695957,car,employed,rent,rich,moderate,0,0.292571184,2072.076536,Middle,Below_Avg
30,31465.06386,14609.22899,6,0.606891028,4.099322165,education,employed,own,moderate,moderate,0,0.464299995,2434.871499,Adult,Below_Avg
50,13187.40638,3073.598154,29,0.366350882,6.952810939,business,self-employed,rent,rich,little,0,0.233070709,105.9861432,Middle,Low
32,29841.17731,5225.920782,24,0.211015482,1.088975737,furniture,employed,own,moderate,moderate,0,0.175124484,217.7466992,Adult,Below_Avg
43,45886.45353,5691.695042,6,0.358840529,2.293624868,furniture,employed,rent,quite_rich,little,0,0.124038678,948.6158403,Middle,Below_Avg
49,21695.68065,8066.536092,16,0.432732292,0.083779124,medical,self-employed,rent,little,moderate,1,0.371803781,504.1585057,Middle,Low
39,80774.08396,4971.642747,13,0.165824637,9.147993823,car,self-employed,own,little,little,1,0.061549974,382.4340574,Middle,Above_Avg
45,9301.854748,5722.544153,13,0.619649427,7.569809753,business,self-employed,free,little,little,0,0.615204635,440.1957041,Middle,Low
33,31160.66144,4045.153675,16,0.051718511,0.326715722,business,employed,own,moderate,rich,0,0.12981604,252.8221047,Adult,Below_Avg
37,39468.73696,5389.41376,60,0.049028009,2.269609063,business,employed,rent,quite_rich,little,1,0.136548929,89.82356266,Middle,Below_Avg
37,34395.18803,13882.05329,60,0.42176604,15.53741178,medical,employed,rent,quite_rich,little,1,0.403604518,231.3675549,Middle,Below_Avg
31,19887.01205,8240.914444,60,0.393236557,2.488124491,business,unemployed,own,rich,moderate,0,0.414386758,137.3485741,Adult,Low
37,19049.17855,8612.797965,14,0.275276308,3.734941502,furniture,unemployed,own,little,rich,0,0.452134875,615.1998547,Middle,Low
21,27503.61104,8764.425578,6,0.216085182,2.194407809,furniture,self-employed,own,rich,moderate,0,0.318664541,1460.737596,Young,Low
34,33119.49111,4345.747144,14,0.099373831,4.53332836,furniture,employed,rent,little,little,0,0.131214188,310.4105103,Adult,Below_Avg
36,29769.41247,6342.711484,17,0.285789297,19.11934541,car,self-employed,rent,quite_rich,rich,0,0.213061359,373.1006755,Middle,Below_Avg
36,37050.19691,2062.885598,6,0.054070739,29.96233221,medical,unemployed,own,little,little,1,0.055678128,343.8142663,Middle,Below_Avg
37,13234.27086,13562.25879,18,1.017576805,7.45194457,car,employed,own,little,rich,1,1.024783226,753.4588217,Middle,Low
39,19655.53998,530.4001142,17,-0.071706498,2.590183624,business,employed,own,rich,little,1,0.026984764,31.20000672,Middle,Low
45,13766.48142,4583.789268,42,0.335283989,3.410365633,business,employed,own,rich,rich,0,0.332967381,109.1378397,Middle,Low
50,18159.4,12243.08763,6,0.806111212,2.205964004,vacation,employed,free,rich,little,1,0.67420111,2040.514605,Middle,Low
32,36592.93419,1650.619008,21,0.0606651,21.19383405,education,employed,own,little,moderate,0,0.045107588,78.60090516,Adult,Below_Avg
25,23248.40858,6767.07307,10,0.140345472,6.150904715,business,unemployed,own,rich,moderate,0,0.29107683,676.707307,Young,Low
27,81099.2978,2850.890962,6,-0.089999189,2.979480296,furniture,unemployed,free,moderate,moderate,0,0.035153091,475.1484937,Adult,Above_Avg
34,24262.88714,3659.044724,6,0.209687186,0.060946291,business,unemployed,own,moderate,moderate,0,0.150808298,609.8407873,Adult,Low
35,22693.77508,10475.0631,6,0.439151555,3.674883979,furniture,employed,own,moderate,little,0,0.461583102,1745.84385,Adult,Low
30,23227.48279,5758.576229,6,0.240462782,20.65344601,medical,employed,own,rich,little,1,0.247920805,959.7627049,Adult,Low
24,16012.03096,965.3737246,6,-0.000982894,3.70183244,car,self-employed,rent,moderate,little,0,0.060290523,160.8956208,Young,Low
34,21398.61959,2250.391698,46,0.155506495,1.007073494,furniture,employed,rent,little,moderate,0,0.105165274,48.92155866,Adult,Low
42,38711.57824,10724.31195,6,0.246939351,0.111707347,furniture,employed,own,moderate,moderate,0,0.277031122,1787.385325,Middle,Below_Avg
47,23318.10401,7038.526861,30,0.283186841,2.190228889,business,self-employed,rent,rich,little,1,0.301848163,234.617562,Middle,Low
33,14813.14343,19900.66561,42,1.258324156,12.51910537,business,employed,rent,little,little,1,1.343446495,473.8253717,Adult,Low
35,13869.64183,18884.90255,11,1.453769003,28.35286267,car,employed,rent,little,little,0,1.361599873,1716.809323,Adult,Low
28,17586.71478,3737.618399,6,0.190411825,14.53567513,car,employed,rent,moderate,moderate,0,0.212525105,622.9363998,Adult,Low
39,22855.14916,36409.69062,16,1.653850952,6.535937254,furniture,unemployed,own,little,rich,1,1.593062918,2275.605664,Middle,Low
29,40006.34189,5011.96702,6,0.005920156,4.08384182,furniture,employed,own,little,little,0,0.125279313,835.3278367,Adult,Below_Avg
46,11268.37805,2275.295408,6,0.375306939,4.466365245,education,employed,rent,rich,rich,0,0.201918625,379.2159013,Middle,Low
18,18771.34645,2960.424968,15,0.285447186,3.871699511,furniture,retired,own,little,rich,0,0.157709783,197.3616645,Young,Low
35,23674.52867,808.04675,7,-0.156848285,6.138754802,business,employed,own,little,little,0,0.034131482,115.43525,Adult,Low
43,8805.634822,17776.19011,23,1.938535222,2.713931737,furniture,employed,own,moderate,moderate,1,2.01872897,772.8778309,Middle,Low
42,14518.81769,17602.73543,16,1.260171764,5.531267114,medical,employed,rent,moderate,moderate,1,1.212408325,1100.170965,Middle,Low
72,15678.65842,2181.120575,31,0.007141114,3.580633891,car,employed,own,little,moderate,0,0.13911398,70.35872823,Senior,Low
44,14794.55983,4095.698556,6,0.263678741,1.544156114,education,employed,own,quite_rich,moderate,0,0.276838149,682.616426,Middle,Low
27,24244.49287,5305.429639,6,0.261493478,9.039536903,education,unemployed,own,moderate,moderate,0,0.2188303,884.2382731,Adult,Low
38,20327.30216,2279.514039,15,0.093667919,11.70397598,car,employed,rent,little,little,1,0.11214051,151.9676026,Middle,Low
18,16686.52771,1207.030361,38,0.126219492,3.871875525,furniture,self-employed,rent,little,little,0,0.072335622,31.76395687,Young,Low
39,27281.96972,4153.530261,30,0.082911525,0.16073417,furniture,employed,own,moderate,little,0,0.152244515,138.4510087,Middle,Low
30,52132.16245,3801.444695,20,-0.151498779,13.0846693,car,employed,rent,little,moderate,0,0.072919375,190.0722348,Adult,Below_Avg
50,49992.49926,3602.095388,15,0.170264248,6.054387233,furniture,employed,rent,quite_rich,little,0,0.072052717,240.1396925,Middle,Below_Avg
33,8422.096898,5873.305372,17,0.79495,2.67241571,furniture,employed,rent,little,rich,1,0.697368535,345.4885513,Adult,Low
38,29393.71315,15423.00842,6,0.775067989,4.561231399,car,employed,own,moderate,little,1,0.524704325,2570.501404,Middle,Below_Avg
32,20150.58008,3856.540528,16,-0.029332572,2.808619844,furniture,employed,rent,rich,little,0,0.19138608,241.033783,Adult,Low
60,23803.25634,5632.757561,12,0.31172132,3.130614009,furniture,employed,free,rich,rich,0,0.236638109,469.3964634,Senior,Low
36,18049.23324,8791.111375,8,0.290194658,10.89343135,car,self-employed,own,little,little,0,0.487062872,1098.888922,Middle,Low
61,23360.32419,7656.531407,39,0.503407254,0.878224955,car,employed,own,moderate,little,0,0.327757926,196.3213181,Senior,Low
49,23758.69144,3006.287418,31,0.1753209,0.547228329,education,employed,own,little,rich,0,0.126534217,96.97701348,Middle,Low
45,16490.2425,5308.697002,6,0.226736705,0.013662372,business,self-employed,rent,rich,moderate,0,0.32192959,884.7828337,Middle,Low
44,14070.22619,7616.192532,60,0.619320762,1.884390994,medical,employed,rent,moderate,little,0,0.541298514,126.9365422,Middle,Low
44,17599.96441,1992.845767,6,0.057925601,0.797404606,car,unemployed,own,little,little,0,0.113230102,332.1409612,Middle,Low
18,24763.58812,13505.2153,6,0.575407461,1.242213817,car,self-employed,own,little,rich,1,0.545365851,2250.869217,Young,Low
36,29717.7019,15448.56077,51,0.540439794,0.056513086,car,retired,free,little,moderate,1,0.519843722,302.9129563,Middle,Below_Avg
50,33747.93431,2756.66197,10,0.256100686,1.288645314,education,employed,rent,little,little,0,0.081683873,275.666197,Middle,Below_Avg
39,17204.1341,5738.401778,29,0.515040432,2.022664578,education,unemployed,free,moderate,rich,1,0.333547841,197.8759234,Middle,Low
23,25385.2172,8215.867343,6,0.26392117,0.160382451,furniture,self-employed,rent,little,little,0,0.323647707,1369.311224,Young,Low
39,35640.97706,3176.415615,37,0.194933136,4.681244441,business,self-employed,own,quite_rich,rich,0,0.089122574,85.84907067,Middle,Below_Avg
60,39450.32039,7224.917372,32,0.218623653,4.205920342,business,unemployed,own,little,little,0,0.183139637,225.7786679,Senior,Below_Avg
54,21387.96315,5600.462715,13,0.120582942,0.510361741,medical,employed,rent,moderate,moderate,1,0.261851149,430.8048243,Senior,Low
39,19722.86965,1518.784249,21,0.007383413,4.519461771,car,unemployed,own,quite_rich,little,1,0.077006251,72.3230595,Middle,Low
51,24235.21736,7096.301791,59,0.526424106,33.0527879,car,employed,own,little,little,1,0.292809496,120.2763015,Senior,Low
35,12396.21253,2038.329884,10,0.200217107,14.45406503,car,employed,own,little,little,0,0.164431666,203.8329884,Adult,Low
19,19994.15469,10418.74932,12,0.62106772,0.013372834,car,employed,free,little,little,1,0.521089763,868.2291101,Young,Low
28,31961.68751,2872.767529,23,0.068677166,7.932962129,medical,employed,own,quite_rich,little,0,0.089881597,124.902936,Adult,Below_Avg
58,30362.80337,4319.831402,8,0.088279608,2.181724672,furniture,employed,own,rich,little,1,0.1422738,539.9789252,Senior,Below_Avg
36,19242.29881,14732.67552,58,0.768366548,0.328837021,education,retired,rent,little,rich,1,0.765640097,254.011647,Middle,Low
37,24559.62468,7310.78049,6,0.271064359,1.754765395,furniture,self-employed,rent,little,little,0,0.297674764,1218.463415,Middle,Low
36,14583.91999,2072.313436,9,-0.007229516,1.941097238,car,self-employed,free,quite_rich,little,0,0.142095777,230.2570485,Middle,Low
62,31311.66761,2182.151822,22,-0.030641214,3.703754757,car,self-employed,rent,moderate,moderate,0,0.069691332,99.18871919,Senior,Below_Avg
59,21185.86053,3042.874081,10,0.214416041,5.410011516,furniture,employed,own,moderate,moderate,1,0.14362759,304.2874081,Senior,Low
66,19187.6913,6739.326457,6,0.313162684,6.912619635,education,employed,own,moderate,moderate,0,0.351231753,1123.221076,Senior,Low
38,18382.19996,6546.198981,9,0.358686676,1.411171642,medical,employed,free,rich,moderate,0,0.356116188,727.3554423,Middle,Low
43,21344.57881,2503.683074,38,0.140790617,1.941348282,education,employed,own,quite_rich,rich,0,0.117298312,65.88639668,Middle,Low
21,17607.1646,1931.848144,14,0.141024439,1.843605375,education,self-employed,rent,rich,moderate,0,0.109719435,137.9891532,Young,Low
57,30609.67817,6156.518536,7,0.315787709,2.252863144,car,self-employed,own,quite_rich,rich,0,0.201129803,879.502648,Senior,Below_Avg
25,18076.32276,4249.310219,20,0.12520645,39.87883717,vacation,employed,own,rich,moderate,0,0.235076032,212.465511,Young,Low
42,48848.6513,27605.56633,17,0.622149705,7.524112685,car,employed,rent,little,moderate,1,0.565124432,1623.856843,Middle,Below_Avg
26,45825.92471,5060.81555,14,0.185938424,18.44249069,medical,employed,rent,little,little,1,0.110435645,361.486825,Adult,Below_Avg
32,14104.20495,20981.6235,8,1.586199941,3.580633891,education,employed,free,rich,little,0,1.487614763,2622.702937,Adult,Low
29,22807.66938,1926.948845,6,-0.056804879,2.606658951,car,employed,rent,little,little,1,0.084486881,321.1581408,Adult,Low
32,15909.49992,1396.08846,17,0.113233798,2.469385193,furniture,employed,rent,rich,little,0,0.087751876,82.12285061,Adult,Low
33,18707.43315,2006.068056,9,0.278841336,3.352831737,medical,employed,rent,rich,little,0,0.107233742,222.8964506,Adult,Low
33,59946.85711,12724.7453,10,0.202355044,2.696723807,furniture,unemployed,rent,moderate,moderate,0,0.212267096,1272.47453,Adult,Average
50,18886.71968,20027.89382,6,1.108771511,8.810796915,car,employed,own,little,little,1,1.060422041,3337.982303,Middle,Low
26,26373.44782,2628.730836,6,0.177712945,3.127461474,car,self-employed,free,little,moderate,0,0.099673386,438.121806,Adult,Low
42,28872.9557,3400.055983,27,0.015212209,1.752146445,education,self-employed,rent,little,rich,1,0.117759194,125.9279994,Middle,Below_Avg
54,13355.52337,1929.112385,11,0.327825512,7.455170208,car,employed,free,rich,little,0,0.144443039,175.3738532,Senior,Low
33,14363.59648,1153.652324,6,0.13026787,9.635161637,business,self-employed,rent,little,little,0,0.08031779,192.2753873,Adult,Low
31,12052.03512,8731.822223,6,0.776460469,2.727335143,medical,employed,own,quite_rich,little,1,0.724510187,1455.303704,Adult,Low
37,14143.5594,5874.735063,6,0.249161945,5.510219428,medical,employed,own,little,rich,0,0.415364683,979.1225105,Middle,Low
54,5297.471686,4956.17913,12,1.015028924,0.303022196,car,employed,own,rich,rich,1,0.935574445,413.0149275,Senior,Low
42,28920.073,1603.51724,17,0.106087548,3.769423096,education,self-employed,own,little,rich,1,0.055446514,94.3245435,Middle,Below_Avg
33,61518.72756,18250.82102,6,0.45909011,0.230120938,car,employed,own,moderate,little,0,0.296670977,3041.803504,Adult,Average
45,23716.12249,3285.63301,10,0.107413538,0.148126851,education,employed,rent,little,little,0,0.138540059,328.563301,Middle,Low
26,10849.40556,7531.888904,6,0.595455511,4.745682101,vacation,employed,own,little,rich,0,0.694221344,1255.314817,Adult,Low
48,15972.30891,1535.100109,6,0.027886194,1.80725582,education,employed,own,moderate,little,0,0.096110094,255.8500182,Middle,Low
44,17510.59802,4219.955442,35,0.190496541,6.784399448,vacation,self-employed,free,quite_rich,little,0,0.240994365,120.5701555,Middle,Low
36,13242.7778,6204.930922,19,0.356667416,11.32079274,vacation,self-employed,own,little,little,0,0.468552068,326.5753117,Middle,Low
29,33863.4425,6384.702504,27,0.317558632,0.750576013,car,employed,rent,little,rich,1,0.18854263,236.4704631,Adult,Below_Avg
29,33028.62941,5562.032259,6,0.301170121,6.446252762,education,employed,own,rich,little,0,0.168400335,927.0053764,Adult,Below_Avg
46,12360.6597,7299.915076,6,0.570997325,3.613085916,car,unemployed,rent,rich,rich,0,0.590576495,1216.652513,Middle,Low
54,31651.49058,1989.390591,10,0.023576991,0.594589179,furniture,self-employed,own,little,little,0,0.062852983,198.9390591,Senior,Below_Avg
32,47259.37528,5755.424523,19,-0.059764429,5.271914064,car,self-employed,rent,little,moderate,0,0.121783762,302.9170801,Adult,Below_Avg
45,57026.94205,5383.027067,13,0.16399058,4.70121151,medical,employed,rent,little,little,0,0.094394454,414.0790052,Middle,Average
18,92282.15008,5915.540484,14,0.229446771,3.624653513,furniture,employed,free,little,little,0,0.06410276,422.538606,Young,Above_Avg
32,14030.70856,5207.609362,6,0.307438502,13.05039087,business,unemployed,own,little,moderate,0,0.371157974,867.9348937,Adult,Low
39,90410.00483,1774.776504,11,0.007951858,3.681105378,business,employed,own,little,little,0,0.019630311,161.3433186,Middle,Above_Avg
29,18451.42359,1712.586703,31,0.136245112,23.29027924,business,self-employed,rent,moderate,moderate,0,0.092815966,55.24473235,Adult,Low
28,16379.19601,835.9639175,12,0.223479989,3.558886379,business,self-employed,own,moderate,rich,0,0.051038153,69.66365979,Adult,Low
31,25939.86329,9452.434514,6,0.38437563,0.615654264,car,employed,own,little,little,0,0.364398008,1575.405752,Adult,Low
43,16464.62358,9529.294912,9,0.598316922,3.178839105,business,self-employed,own,moderate,little,1,0.578773931,1058.810546,Middle,Low
37,26890.33132,9651.226001,25,0.376842489,1.006474667,education,employed,own,little,moderate,1,0.358910639,386.04904,Middle,Low
18,11383.96888,6281.926437,6,0.409318922,4.545750004,education,self-employed,own,little,rich,0,0.551822172,1046.98774,Young,Low
18,19547.91087,892.0343366,15,-0.099045834,5.906690811,car,retired,own,little,moderate,0,0.045633231,59.46895578,Young,Low
32,41889.52678,2161.659746,60,-0.029195693,3.159651588,car,retired,own,little,little,1,0.051603823,36.02766243,Adult,Below_Avg
45,21406.9166,5632.633276,8,0.364411177,0.514057545,medical,self-employed,own,rich,moderate,0,0.26312212,704.0791596,Middle,Low
18,23642.42138,5477.556587,6,0.198147694,3.161590767,car,employed,own,little,little,1,0.231683401,912.9260978,Young,Low
34,27934.82235,4112.561829,18,0.094259498,0.424817639,furniture,self-employed,rent,rich,little,0,0.147219903,228.4756572,Adult,Low
33,39550.38923,6602.038621,6,0.112209813,5.730500306,car,self-employed,free,moderate,little,0,0.166927273,1100.33977,Adult,Below_Avg
56,9627.584513,4960.795382,6,0.501503264,7.812013695,car,employed,own,little,rich,0,0.515268952,826.7992303,Senior,Low
35,29503.43647,5413.311937,6,0.353691519,16.40114077,car,employed,rent,moderate,little,0,0.183480726,902.2186561,Adult,Below_Avg
44,19262.78799,2947.603463,6,0.137900866,0.805553179,education,employed,free,little,moderate,0,0.153020605,491.2672438,Middle,Low
41,23940.31047,10781.73512,34,0.371729294,3.800927697,medical,employed,rent,little,little,1,0.450359035,317.1098565,Middle,Low
18,37420.54203,3482.071705,23,0.095576975,4.191296776,furniture,unemployed,free,little,moderate,0,0.093052412,151.3944219,Young,Below_Avg
49,12123.56883,1695.072401,7,0.315324649,12.78587299,furniture,employed,own,moderate,rich,0,0.139816289,242.1532002,Middle,Low
42,13275.53012,2652.348598,40,0.149509821,4.934593992,education,employed,rent,moderate,little,0,0.199792293,66.30871494,Middle,Low
46,8368.960985,3719.063049,19,0.326287166,0.786250323,furniture,employed,rent,little,little,0,0.444387667,195.7401605,Middle,Low
80,16737.72661,10885.6668,10,0.600267978,2.866620682,medical,unemployed,own,little,moderate,1,0.650367105,1088.56668,Senior,Low
18,42839.51367,4751.357289,6,0.123787,5.317613878,furniture,unemployed,rent,quite_rich,moderate,0,0.110910626,791.8928815,Young,Below_Avg
60,20737.65494,4234.75784,23,0.273030301,6.024606805,furniture,employed,rent,little,moderate,1,0.204206206,184.1199061,Senior,Low
36,11270.42765,1809.976716,8,0.26128357,9.941573174,education,self-employed,own,little,rich,0,0.160595212,226.2470895,Middle,Low
43,17277.5047,9213.140617,6,0.428673135,0.995347844,business,employed,own,quite_rich,little,0,0.533244863,1535.523436,Middle,Low
39,10467.90458,2917.371378,6,0.183612254,15.13530432,education,employed,rent,little,moderate,0,0.278696787,486.228563,Middle,Low
34,12549.13414,4536.802342,6,0.329196911,0.304801517,car,self-employed,rent,quite_rich,moderate,0,0.361523137,756.1337236,Adult,Low
33,26753.20224,16060.95518,24,0.668786976,20.60204696,car,employed,rent,little,little,1,0.600337673,669.2064659,Adult,Low
43,12247.33127,7383.556151,6,0.476869826,9.75144687,medical,employed,rent,little,rich,0,0.602870616,1230.592692,Middle,Low
21,38419.37438,1335.948442,13,-0.025959911,5.398061428,vacation,employed,own,little,moderate,0,0.03477278,102.7652647,Young,Below_Avg
49,21256.96435,1193.197325,6,-0.003142307,6.640042365,car,employed,own,moderate,moderate,0,0.056132066,198.8662209,Middle,Low
35,22989.60306,4668.306448,17,0.297236523,0.377347602,vacation,employed,rent,moderate,rich,0,0.203061638,274.6062616,Adult,Low
26,19164.47371,1862.746905,8,0.150023992,0.211823539,education,employed,rent,little,little,0,0.097197916,232.8433632,Adult,Low
34,32416.53526,8257.171695,17,0.345092818,0.536622195,education,self-employed,rent,little,moderate,0,0.254720982,485.7159821,Adult,Below_Avg
55,32584.10735,5083.780476,6,0.289888044,0.457067888,car,employed,free,little,moderate,0,0.156020247,847.296746,Senior,Below_Avg
33,26043.59584,5610.010192,6,0.184843424,3.963525414,business,employed,rent,little,rich,0,0.215408434,935.0016986,Adult,Low
44,29213.74372,2792.25685,6,-0.023160368,1.213186549,car,employed,own,quite_rich,little,0,0.095580247,465.3761417,Middle,Below_Avg
31,19810.25803,19793.46129,18,0.881055757,9.837913867,business,unemployed,own,little,moderate,0,0.999152119,1099.636738,Adult,Low
49,28885.68733,47766.26816,6,1.469820248,2.950684731,car,self-employed,own,rich,little,0,1.653631005,7961.044694,Middle,Below_Avg
48,18602.68329,3932.899507,17,0.165539028,5.945592989,business,retired,own,little,rich,0,0.211415711,231.3470299,Middle,Low
62,22051.05689,6518.707498,6,0.257196562,5.290324198,car,employed,rent,little,moderate,0,0.295618824,1086.45125,Senior,Low
37,19200.24129,5313.116611,51,0.355476687,1.927231925,car,self-employed,own,moderate,moderate,0,0.276721346,104.1787571,Middle,Low
48,17525.123,3992.809946,9,0.229524912,1.393067077,car,employed,rent,rich,little,0,0.227833491,443.6455496,Middle,Low
41,15606.52073,2525.877045,6,0.112814699,2.096220154,car,self-employed,rent,rich,moderate,0,0.161847544,420.9795074,Middle,Low
55,27829.30975,2063.225079,6,0.062538692,7.964339135,furniture,employed,rent,moderate,little,0,0.074138565,343.8708465,Senior,Low
31,42416.93434,1981.327171,7,-0.05718659,4.412791224,car,self-employed,own,little,rich,0,0.046710758,283.0467387,Adult,Below_Avg
48,39559.09805,6796.696882,39,0.274351877,1.462057275,medical,employed,own,little,rich,0,0.17181122,174.274279,Middle,Below_Avg
37,11751.27862,3243.020467,6,0.197380155,8.514526141,education,employed,rent,moderate,little,0,0.275971711,540.5034112,Middle,Low
39,41965.43263,624.7588404,28,-0.099105664,0.28157883,education,self-employed,rent,little,moderate,1,0.014887463,22.31281573,Middle,Below_Avg
41,18787.00618,7015.565319,9,0.455214662,6.006272096,car,unemployed,rent,rich,moderate,0,0.373426466,779.5072577,Middle,Low
43,29743.51808,4766.611595,29,0.217673576,2.891070395,furniture,employed,rent,moderate,rich,0,0.160257155,164.3659171,Middle,Below_Avg
38,14001.1162,14433.95074,37,0.858545751,6.570619923,car,unemployed,own,rich,moderate,1,1.030914288,390.1067769,Middle,Low
42,23646.96266,6624.286306,60,0.365632813,13.11817397,business,employed,own,moderate,rich,0,0.28013265,110.4047718,Middle,Low
58,25767.30171,1505.772181,6,-0.015721939,6.932153811,furniture,self-employed,rent,rich,little,0,0.058437325,250.9620302,Senior,Low
51,10484.96499,825.7224395,28,0.041342546,2.916671156,business,retired,own,little,little,1,0.078752999,29.49008713,Senior,Low
50,29855.77547,2763.966577,6,0.111279294,0.818337247,furniture,employed,rent,moderate,moderate,0,0.092577283,460.6610962,Middle,Below_Avg
34,43172.86725,2980.701825,6,0.127703579,8.20853956,medical,employed,rent,little,moderate,0,0.06904109,496.7836375,Adult,Below_Avg
29,20184.61636,10451.77773,18,0.562357003,3.087467625,car,employed,own,moderate,little,1,0.517809085,580.6543184,Adult,Low
51,43481.20546,4880.013446,10,0.107250875,0.391496227,car,employed,own,moderate,little,0,0.112232708,488.0013446,Senior,Below_Avg
50,20033.34178,12172.69732,14,0.565157574,6.347988871,education,self-employed,free,rich,rich,1,0.607621906,869.4783802,Middle,Low
57,33684.47291,1702.977648,60,0.091778824,1.725510597,medical,self-employed,rent,rich,moderate,0,0.050556755,28.3829608,Senior,Below_Avg
32,7264.211362,10638.25247,30,1.452635739,0.25061847,education,retired,rent,moderate,little,0,1.464474523,354.6084155,Adult,Low
37,73820.28886,8749.845506,8,0.299064453,11.65240367,car,employed,own,little,rich,0,0.118529007,1093.730688,Middle,Average
20,46524.25752,977.9051785,16,0.079660155,3.299539798,education,employed,own,quite_rich,little,0,0.021019254,61.11907366,Young,Below_Avg
35,19104.65397,14158.83759,6,0.648778251,1.649198773,medical,employed,free,little,little,1,0.741119814,2359.806266,Adult,Low
51,8216.959151,5296.316158,10,0.596799149,6.300715436,car,unemployed,own,little,little,0,0.644559144,529.6316158,Senior,Low
34,25438.37613,6725.325489,16,0.269196372,10.8535043,car,employed,rent,moderate,rich,0,0.264377154,420.332843,Adult,Low
47,10700.40881,2460.409578,22,0.359879157,0.001535611,vacation,retired,own,rich,moderate,0,0.229936035,111.836799,Middle,Low
37,27513.35408,13632.30483,41,0.63659007,5.821392187,vacation,employed,rent,moderate,little,0,0.495479569,332.4952398,Middle,Low
43,27059.21413,1903.249822,6,0.030723006,7.283835078,business,self-employed,own,moderate,little,0,0.070336478,317.2083036,Middle,Low
26,13756.93604,9563.161141,41,0.601788545,1.178152368,medical,employed,rent,little,moderate,0,0.695151966,233.2478327,Adult,Low
41,38579.77721,9475.70071,19,0.139463389,3.363036198,car,unemployed,free,rich,moderate,0,0.245613153,498.72109,Middle,Below_Avg
18,32951.34477,2254.460681,6,0.093660741,0.467631304,education,employed,own,little,rich,0,0.068417866,375.7434468,Young,Below_Avg
37,35879.15154,24021.36399,8,0.899886013,6.86688836,business,self-employed,own,rich,moderate,1,0.669507582,3002.670499,Middle,Below_Avg
20,22124.23409,5914.858088,11,0.321256884,9.401511608,business,self-employed,rent,little,little,0,0.267347474,537.7143716,Young,Low
54,10853.44659,8292.56068,7,0.604657348,0.572492127,business,employed,own,rich,moderate,1,0.764048601,1184.651526,Senior,Low
49,35915.92739,1448.528313,6,-0.032269326,8.476620162,medical,employed,free,little,little,0,0.040331085,241.4213856,Middle,Below_Avg
45,19241.30021,26747.17134,14,1.32770026,7.382631038,furniture,self-employed,own,little,rich,0,1.39009168,1910.512239,Middle,Low
58,10994.05475,1845.221213,6,0.085637844,2.130227089,car,employed,own,rich,little,0,0.167838096,307.5368688,Senior,Low
28,43304.83987,11157.96806,44,0.218871611,5.860586927,furniture,self-employed,rent,rich,little,0,0.257660993,253.5901833,Adult,Below_Avg
60,62925.31087,2217.604029,36,0.072181331,0.000240625,business,self-employed,rent,moderate,little,1,0.035241845,61.60011191,Senior,Average
51,21576.84301,2995.327812,11,0.207019529,13.42638161,car,employed,own,quite_rich,little,1,0.138821412,272.3025284,Senior,Low
37,64832.38832,9237.28449,6,0.251655822,3.996798465,vacation,employed,own,little,little,1,0.142479473,1539.547415,Middle,Average
53,23055.44772,11181.79369,14,0.537415987,4.842380858,car,self-employed,own,little,little,1,0.484995729,798.6995491,Senior,Low
26,18210.83541,1777.516778,16,-0.097807378,5.463042938,car,self-employed,own,little,little,0,0.097607646,111.0947986,Adult,Low
30,16070.98535,11759.04176,39,0.62596343,4.120484027,education,self-employed,own,little,little,1,0.731693888,301.5138913,Adult,Low
32,49938.18422,11338.78463,6,0.211247002,9.716304371,business,employed,rent,little,rich,0,0.227056406,1889.797438,Adult,Below_Avg
33,14912.09726,2320.73047,21,0.170355355,4.704221495,furniture,unemployed,own,moderate,moderate,1,0.155627369,110.5109748,Adult,Low
27,31813.13886,17657.53838,14,0.641181012,11.91680654,business,employed,own,little,rich,0,0.555039176,1261.252741,Adult,Below_Avg
54,16654.20611,1532.282752,6,0.096324169,4.36533758,furniture,unemployed,rent,little,little,1,0.092005752,255.3804587,Senior,Low
36,17498.08313,2981.500373,6,0.175460839,0.938414045,car,employed,own,moderate,little,0,0.170390114,496.9167289,Middle,Low
44,36868.9439,7209.840437,21,0.219332949,12.24167158,car,employed,rent,little,moderate,1,0.195553213,343.3257351,Middle,Below_Avg
33,18214.6515,2482.811763,7,0.110806323,5.722665965,business,employed,rent,little,little,1,0.136308497,354.6873947,Adult,Low
18,17990.5574,6069.644214,60,0.346067956,6.007196655,furniture,employed,own,little,little,0,0.337379442,101.1607369,Young,Low
43,38808.80173,5960.209217,40,0.266162018,21.1617442,medical,retired,rent,quite_rich,rich,0,0.1535788,149.0052304,Middle,Below_Avg
18,48957.04924,4231.621721,15,0.078044302,0.390870275,education,employed,own,little,moderate,1,0.086435392,282.1081147,Young,Below_Avg
39,30404.46956,9565.521775,18,0.311587793,2.798264255,furniture,employed,rent,rich,little,0,0.314609066,531.4178764,Middle,Below_Avg
23,15876.81443,4094.137559,6,0.254510415,1.366236406,furniture,employed,rent,moderate,moderate,0,0.257868956,682.3562599,Young,Low
63,17063.47939,5914.917656,40,0.476419325,4.977027727,car,employed,rent,little,little,0,0.346641943,147.8729414,Senior,Low
50,22924.41163,12297.82261,11,0.425645627,8.22044917,education,employed,own,little,moderate,0,0.536450959,1117.983873,Middle,Low
41,25860.32011,9251.573906,13,0.535336406,16.95287632,education,employed,own,moderate,little,1,0.357751716,711.6595312,Middle,Low
55,13441.02727,9217.08248,37,0.568104228,3.031143353,business,employed,own,quite_rich,little,1,0.685742414,249.1103373,Senior,Low
29,31619.17343,1959.914871,6,-0.003437013,7.713997768,car,employed,rent,little,little,1,0.061985013,326.6524785,Adult,Below_Avg
46,22988.6677,7478.84809,12,0.399801427,12.44768228,car,employed,free,little,rich,1,0.3253276,623.2373408,Middle,Low
42,9340.787484,2433.780204,17,0.36358574,5.749403167,car,employed,own,little,little,1,0.260554071,143.1635414,Middle,Low
43,13843.02478,1763.168963,6,-0.012981137,1.390193943,car,self-employed,own,little,moderate,0,0.127368764,293.8614938,Middle,Low
55,17118.85323,4640.766952,6,0.161820808,4.680607224,furniture,self-employed,rent,rich,little,0,0.271090995,773.4611587,Senior,Low
48,21238.50646,2384.068714,13,0.140036464,17.52480384,medical,self-employed,own,moderate,little,0,0.112252183,183.3899011,Middle,Low
43,56649.55424,9251.066999,14,0.397745377,21.93171121,business,retired,own,little,little,0,0.163303439,660.7904999,Middle,Average
20,24812.07362,9429.783038,7,0.504674443,5.141139461,business,unemployed,own,quite_rich,little,1,0.380048165,1347.111863,Young,Low
28,14466.83482,1072.662346,38,0.0493366,10.90129564,furniture,employed,own,little,moderate,0,0.074146305,28.22795647,Adult,Low
38,24595.41696,2533.50239,6,-0.138905821,1.117901758,car,employed,free,moderate,rich,0,0.103007093,422.2503984,Middle,Low
41,18470.97992,1528.696457,13,0.090926339,1.412335835,car,unemployed,free,moderate,little,0,0.082762066,117.5920352,Middle,Low
26,25909.86647,3394.448489,6,0.16723956,15.27609658,car,self-employed,own,little,little,0,0.13100988,565.7414148,Adult,Low
68,29445.13098,7073.711147,6,0.201964131,0.726489597,education,employed,free,little,rich,0,0.240233645,1178.951858,Senior,Below_Avg
58,40320.50081,4048.774499,9,0.015342388,1.06043969,furniture,employed,own,little,rich,0,0.100414787,449.8638332,Senior,Below_Avg
47,21760.6104,3066.194844,13,0.156822263,2.728367418,vacation,retired,rent,quite_rich,little,0,0.140905737,235.8611419,Middle,Low
40,49985.10119,13906.91144,26,0.183995013,4.452923503,medical,self-employed,own,rich,little,1,0.278221132,534.8812092,Middle,Below_Avg
37,34683.22193,777.5238058,10,0.209662732,4.62939803,furniture,employed,rent,little,little,0,0.022417866,77.75238058,Middle,Below_Avg
28,15464.15784,13220.15073,6,1.006564275,1.726386499,business,retired,own,moderate,little,1,0.854889795,2203.358455,Adult,Low
40,66498.04534,3179.786596,16,0.113609008,12.66715982,business,retired,own,moderate,little,0,0.047817745,198.7366623,Middle,Average
43,25938.85345,4617.05711,8,0.18696879,12.33140049,car,employed,free,little,rich,0,0.177997733,577.1321387,Middle,Low
25,14507.74245,3223.13359,6,0.156150038,2.488461663,medical,unemployed,own,moderate,little,0,0.222166447,537.1889316,Young,Low
44,50335.02952,16887.18762,43,0.333417015,2.848384137,car,unemployed,free,rich,little,0,0.335495733,392.7252935,Middle,Below_Avg
38,62248.44242,1835.766166,13,0.193420671,6.061656813,business,employed,own,little,moderate,0,0.029490957,141.212782,Middle,Average
18,21665.73736,4961.131386,6,0.315850522,5.438300859,furniture,self-employed,own,rich,little,1,0.228985116,826.855231,Young,Low
29,17122.94866,7494.696541,20,0.458068171,2.408737719,furniture,employed,rent,moderate,little,0,0.437698944,374.734827,Adult,Low
35,20207.5691,1354.513713,29,0.159427451,2.674261939,furniture,self-employed,rent,little,rich,0,0.067030018,46.70736942,Adult,Low
62,31488.12796,2354.494806,25,0.129335115,2.13885224,vacation,unemployed,own,rich,moderate,0,0.074774048,94.17979224,Senior,Below_Avg
46,41728.02847,4365.365387,16,0.144242459,1.341914245,car,employed,own,little,rich,0,0.104614705,272.8353367,Middle,Below_Avg
23,29297.09565,2417.932154,13,0.180587789,3.063722961,car,employed,rent,rich,little,0,0.082531463,185.9947811,Young,Below_Avg
45,23175.74657,2559.396028,27,0.162137007,5.798729177,furniture,unemployed,own,little,little,0,0.110434243,94.79244548,Middle,Low
21,46583.69588,3714.910516,22,0.165602158,6.773333266,car,retired,own,moderate,rich,0,0.079747011,168.8595689,Young,Below_Avg
52,18837.06525,8264.008715,15,0.454848695,7.545105067,business,employed,rent,rich,little,0,0.43870999,550.9339143,Senior,Low
34,36881.29051,3736.205408,19,0.075890961,2.347874713,business,unemployed,rent,little,moderate,0,0.101303543,196.6423899,Adult,Below_Avg
38,19071.84802,11646.26673,6,0.555835953,7.233110014,vacation,employed,free,little,little,1,0.610652241,1941.044456,Middle,Low
55,27323.74761,2212.312824,6,0.014235708,0.032688198,business,employed,rent,moderate,little,0,0.080966669,368.718804,Senior,Low
24,20810.62011,1805.264128,48,-0.073769791,3.241346513,medical,self-employed,own,moderate,moderate,1,0.086747253,37.60966934,Young,Low
23,21419.86216,22950.07135,49,0.980244803,7.897075704,business,self-employed,own,little,moderate,1,1.071438798,468.3688031,Young,Low
32,18238.80491,2903.387675,27,0.065102033,4.971865736,medical,self-employed,own,quite_rich,rich,1,0.159187386,107.5328768,Adult,Low
52,43149.53912,1722.049438,8,-0.010825647,3.212870407,car,employed,own,rich,little,0,0.039908872,215.2561798,Senior,Below_Avg
21,15268.34456,1219.695903,6,0.236108386,5.173147828,furniture,employed,own,little,moderate,0,0.079883965,203.2826505,Young,Low
18,15212.66941,11615.34982,7,0.747775142,11.87287672,medical,unemployed,rent,moderate,little,0,0.763531337,1659.335689,Young,Low
34,63608.14346,3740.431987,23,0.082980983,4.177954285,business,employed,rent,moderate,moderate,1,0.058804294,162.6274777,Adult,Average
46,35915.4837,4011.948097,7,0.139037215,8.041847204,vacation,employed,rent,rich,little,0,0.11170525,573.1354424,Middle,Below_Avg
54,6683.807911,4327.038469,28,0.806149298,19.7493319,car,self-employed,rent,little,little,0,0.647391207,154.5370882,Senior,Low
34,16603.53047,11051.8632,20,0.60807478,3.580633891,vacation,self-employed,own,little,little,0,0.665633325,552.5931598,Adult,Low
35,8901.769278,4257.23911,17,0.455994192,4.25867235,business,employed,rent,little,little,0,0.4782464,250.42583,Adult,Low
53,13693.20021,32056.10805,47,2.330403897,0.191033063,car,employed,rent,quite_rich,moderate,1,2.341023834,682.0448522,Senior,Low
18,4585.904628,5469.860866,40,1.306408527,2.345843076,car,unemployed,rent,little,little,1,1.192755042,136.7465216,Young,Low
35,20568.27689,11492.24586,22,0.693147012,4.167137722,car,retired,own,little,moderate,1,0.558736442,522.3748117,Adult,Low
42,12444.43844,9359.918726,6,0.799595071,7.977837063,medical,employed,rent,moderate,little,0,0.752136689,1559.986454,Middle,Low
45,22696.19636,4773.533779,50,0.333614011,2.882199525,business,employed,rent,little,little,1,0.210323074,95.47067558,Middle,Low
33,9773.592362,3073.041944,6,0.33218907,16.10166891,medical,employed,own,little,little,0,0.314422971,512.1736573,Adult,Low
40,22958.7849,6409.721767,8,0.261923517,1.58585482,furniture,self-employed,own,moderate,rich,0,0.279183842,801.2152208,Middle,Low
18,17899.74706,7391.448368,31,0.53080832,6.823979494,medical,employed,rent,little,rich,1,0.412935912,238.4338183,Young,Low
32,46675.5841,3108.610627,6,0.115362126,2.715292989,furniture,self-employed,rent,moderate,little,0,0.066600358,518.1017711,Adult,Below_Avg
45,44608.44326,5614.293821,18,0.052304135,3.327548148,car,employed,rent,little,little,1,0.125857201,311.9052123,Middle,Below_Avg
28,32619.73661,13213.09923,11,0.504806653,8.110134964,car,employed,own,moderate,little,1,0.405064559,1201.190839,Adult,Below_Avg
40,18707.74914,25744.03403,17,1.355266796,1.756413695,medical,unemployed,own,little,moderate,0,1.37611606,1514.354943,Middle,Low
45,59438.06932,9735.122063,57,0.130703622,0.509123075,furniture,employed,own,moderate,moderate,0,0.163785974,170.7916151,Middle,Average
35,10132.28725,21811.82972,29,2.242005861,3.672508924,car,self-employed,own,little,little,1,2.152705424,752.1320592,Adult,Low
42,10918.57433,2970.544746,6,0.263180212,3.762306058,car,employed,rent,little,little,0,0.272063427,495.0907909,Middle,Low
28,21122.80307,8617.116558,6,0.446849122,7.976880529,car,employed,rent,little,rich,0,0.407953269,1436.186093,Adult,Low
37,67983.4148,14340.10745,60,0.277129339,17.26022328,vacation,employed,rent,moderate,little,0,0.21093538,239.0017908,Middle,Average
47,19907.07642,2399.302463,15,0.042230796,0.284442944,education,employed,free,little,moderate,1,0.120525104,159.9534975,Middle,Low
41,20098.03601,3332.666157,6,0.204305545,4.478636501,education,employed,own,moderate,little,1,0.165820489,555.4443595,Middle,Low
32,10711.19593,19738.4504,17,1.977734104,5.717188467,medical,self-employed,own,moderate,moderate,1,1.842786794,1161.085318,Adult,Low
42,35346.85828,2252.781413,6,-0.031913146,21.27304221,education,employed,own,moderate,little,0,0.063733568,375.4635689,Middle,Below_Avg
48,35475.16408,1680.919046,6,0.09237387,14.28770254,vacation,unemployed,rent,little,moderate,1,0.047382982,280.1531743,Middle,Below_Avg
18,32680.62262,16687.00011,18,0.427661617,6.231805901,furniture,employed,own,moderate,moderate,0,0.51060839,927.0555618,Young,Below_Avg
53,16080.93461,12802.68995,9,0.89828068,3.688520406,medical,employed,rent,quite_rich,little,0,0.796140912,1422.521105,Senior,Low
35,15469.82476,6944.437061,7,0.550092674,0.88084614,car,employed,own,little,little,1,0.448902115,992.0624373,Adult,Low
45,11538.43453,4738.289082,19,0.375220448,2.423974861,business,unemployed,own,little,little,0,0.410652682,249.3836359,Middle,Low
54,22969.81521,3460.541627,36,0.371618915,3.580633891,business,employed,own,little,rich,1,0.15065605,96.12615632,Senior,Low
23,12833.2705,6158.318811,20,0.590533879,6.458565809,car,employed,own,moderate,rich,1,0.479871348,307.9159406,Young,Low
31,12225.65324,17393.39066,11,1.49338912,5.044766015,furniture,employed,rent,little,moderate,0,1.422696221,1581.217333,Adult,Low
36,17821.38895,5948.253351,19,0.398831559,6.260964687,furniture,employed,rent,rich,little,0,0.333770469,313.0659658,Middle,Low
30,17247.49013,27821.58435,21,1.711472863,2.803165941,car,employed,own,moderate,little,0,1.613080172,1324.83735,Adult,Low
60,16831.55598,2396.216733,26,0.0428003,6.502919477,education,employed,rent,little,rich,0,0.142364541,92.16218205,Senior,Low
29,27811.98435,4837.993737,6,0.193414322,0.775913388,medical,employed,rent,quite_rich,rich,0,0.173953562,806.3322894,Adult,Low
33,22914.47076,3646.609336,6,0.197459059,0.887185397,education,employed,rent,little,little,1,0.15914002,607.7682227,Adult,Low
42,19070.95898,2062.938632,20,0.068158124,0.88865343,education,self-employed,own,little,moderate,0,0.10817173,103.1469316,Middle,Low
25,24137.12677,4348.268564,6,0.226628084,11.07584619,car,self-employed,rent,little,moderate,1,0.180148557,724.7114273,Young,Low
35,13416.4451,6862.749494,11,0.634687157,0.395400365,car,self-employed,own,little,little,1,0.511517727,623.8863177,Adult,Low
43,23216.98291,7475.48399,6,0.27980653,8.085041799,education,employed,own,rich,little,0,0.321983438,1245.913998,Middle,Low
36,23749.13164,27899.43574,7,1.169313606,1.330065404,medical,employed,own,little,moderate,0,1.174756036,3985.633677,Middle,Low
38,10388.72716,7126.489071,11,0.60392436,3.159601376,vacation,self-employed,rent,rich,little,0,0.685982889,647.8626429,Middle,Low
33,36237.39505,12333.93201,40,0.161665852,12.38210946,furniture,employed,rent,rich,little,0,0.340364753,308.3483002,Adult,Below_Avg
21,14175.68068,5181.632277,20,0.443422916,4.408688488,education,employed,rent,little,little,0,0.365529698,259.0816139,Young,Low
43,23043.86609,18815.65435,6,0.813941275,1.179356573,education,unemployed,rent,moderate,rich,1,0.816514654,3135.942391,Middle,Low
61,39426.98937,33481.87171,38,0.853969922,1.671004513,business,retired,free,moderate,moderate,1,0.84921198,881.1018872,Senior,Below_Avg
40,34990.72757,7516.591865,12,0.116139316,12.65663543,business,unemployed,rent,rich,moderate,0,0.214816678,626.3826554,Middle,Below_Avg
42,22407.8516,2221.355308,6,0.080582547,2.78560386,business,retired,own,little,moderate,1,0.0991329,370.2258846,Middle,Low
48,18375.07671,3168.317541,13,0.282084104,4.421362683,car,unemployed,rent,little,rich,1,0.172424725,243.7167339,Middle,Low
24,35374.83442,6158.247027,6,0.17416767,3.080302928,medical,self-employed,own,rich,little,0,0.174085536,1026.374505,Young,Below_Avg
60,30864.05413,7081.198331,8,0.232350268,2.37759878,car,employed,rent,little,little,0,0.229431892,885.1497914,Senior,Below_Avg
42,16168.45644,8593.317175,29,0.55223938,1.263371149,furniture,retired,rent,little,little,1,0.531486553,296.3212819,Middle,Low
59,14802.52682,7102.187719,19,0.35615742,5.794861766,medical,unemployed,rent,moderate,rich,0,0.479795632,373.7993536,Senior,Low
31,7815.173232,4942.309114,11,0.694891223,6.333534129,furniture,employed,own,little,little,1,0.632399176,449.3008286,Adult,Low
61,23789.8886,2954.371589,6,-0.001333791,1.607125712,car,employed,rent,moderate,moderate,0,0.12418602,492.3952649,Senior,Low
49,21134.26905,6774.430675,6,0.226580906,7.779742679,car,employed,own,rich,little,0,0.320542464,1129.071779,Middle,Low
46,38874.57385,21676.62751,60,0.452682771,9.639105741,education,retired,own,moderate,little,1,0.557604248,361.2771252,Middle,Below_Avg
42,26358.01143,11113.80029,7,0.404125408,3.580633891,car,employed,rent,moderate,little,0,0.421647905,1587.685756,Middle,Low
37,42920.91851,7538.384341,17,0.140389003,0.878988898,furniture,employed,rent,little,little,0,0.175634274,443.434373,Middle,Below_Avg
54,15542.25754,11199.8262,12,0.720482348,1.811479873,furniture,employed,own,rich,little,0,0.720604852,933.3188498,Senior,Low
41,38912.6693,3652.432916,6,0.003336691,9.843199788,vacation,retired,rent,rich,moderate,0,0.093862307,608.7388193,Middle,Below_Avg
18,16907.99406,3272.756526,52,0.294112205,1.106602338,car,self-employed,rent,little,moderate,0,0.193562673,62.9376255,Young,Low
26,32493.58717,2702.065924,6,0.166559655,0.017372441,business,employed,own,little,rich,0,0.083156898,450.3443207,Adult,Below_Avg
37,10621.34361,4446.04716,19,0.401214198,10.23302545,furniture,employed,rent,rich,little,0,0.418595549,234.0024821,Middle,Low
43,24774.43738,3506.575793,29,0.093703406,1.97596109,education,employed,own,little,moderate,0,0.141540078,120.9164066,Middle,Low
39,8165.359463,12921.13721,24,1.52449761,2.676424345,car,employed,rent,moderate,rich,0,1.582433359,538.3807169,Middle,Low
54,19272.43772,3360.151247,29,0.14333559,2.955968543,education,employed,own,little,little,1,0.17435009,115.8672844,Senior,Low
18,27451.52489,2585.883808,24,-0.045826338,9.428414877,business,employed,own,little,moderate,0,0.094198185,107.7451587,Young,Low
41,16975.31866,23250.03097,10,1.273676649,2.061634064,car,employed,rent,little,moderate,1,1.36963738,2325.003097,Middle,Low
18,13027.02319,3425.147499,40,0.348938377,11.14109476,vacation,employed,rent,rich,little,1,0.262926338,85.62868747,Young,Low
49,33626.14723,5557.050527,43,0.195441053,4.79780697,vacation,employed,rent,moderate,little,0,0.165259805,129.2337332,Middle,Below_Avg
38,20915.9772,7051.941583,10,0.50058318,3.746331281,car,unemployed,own,moderate,little,1,0.337155731,705.1941583,Middle,Low
45,17243.91621,1979.590937,11,0.084879868,1.969766918,education,employed,own,little,moderate,0,0.114799383,179.9628125,Middle,Low
29,22492.74205,13205.47791,11,0.550948191,1.396663107,education,employed,rent,little,little,0,0.587099513,1200.497992,Adult,Low
55,82317.13535,8182.027278,6,0.058606512,4.891607903,car,employed,own,little,little,0,0.099396404,1363.671213,Senior,Above_Avg
52,39212.52244,17097.83642,6,0.404113558,2.961029517,furniture,employed,free,little,moderate,0,0.436030007,2849.639404,Senior,Below_Avg
47,39390.77119,2854.415722,6,0.006468672,12.06847776,medical,employed,own,moderate,little,0,0.072464073,475.7359536,Middle,Below_Avg
38,27385.61514,5320.383329,33,0.22137539,3.382814477,education,employed,own,moderate,little,0,0.194276568,161.2237372,Middle,Low
46,23938.48362,5071.970115,14,0.21478557,3.585098544,medical,self-employed,rent,little,little,0,0.211875163,362.2835797,Middle,Low
31,6647.25227,6069.981252,34,0.862164995,2.695467794,business,employed,rent,quite_rich,rich,0,0.913156445,178.5288604,Adult,Low
50,15685.77966,1535.034601,24,0.222976434,7.785721771,car,employed,own,little,little,1,0.097861543,63.95977504,Middle,Low
59,17321.65607,5370.461386,7,0.499701475,2.765528109,car,unemployed,free,rich,little,1,0.310043183,767.2087694,Senior,Low
52,8626.153465,1569.996817,6,0.298661997,1.569048903,business,employed,rent,little,little,0,0.182004276,261.6661361,Senior,Low
31,12348.52751,6546.378382,15,0.585946733,9.903626728,education,self-employed,rent,little,little,1,0.530134332,436.4252255,Adult,Low
44,8181.098934,895.2300285,49,0.185603596,4.541962791,car,employed,rent,moderate,moderate,1,0.109426623,18.27000058,Middle,Low
24,21608.41459,1117.367256,32,0.237351373,4.476441914,education,employed,rent,little,rich,0,0.051709821,34.91772674,Young,Low
46,33169.39809,9460.107004,25,0.361237801,4.718594944,vacation,employed,own,little,moderate,1,0.285205869,378.4042801,Middle,Below_Avg
45,38306.97446,3173.306032,26,0.024320273,6.344152406,business,employed,rent,little,little,1,0.082838858,122.050232,Middle,Below_Avg
18,27102.79752,2229.903391,13,0.121503017,1.877599786,car,unemployed,rent,little,little,0,0.082275765,171.5310301,Young,Low
26,13606.48545,13584.38835,6,1.061000414,0.172151755,car,employed,own,moderate,little,0,0.998375988,2264.064725,Adult,Low
36,8383.05278,6387.517498,6,0.662484288,8.319289947,medical,employed,own,moderate,little,0,0.761956016,1064.58625,Middle,Low
36,9150.516917,9874.116885,15,1.050584415,0.690021499,vacation,self-employed,rent,little,moderate,0,1.079077496,658.274459,Middle,Low
25,11678.5454,4302.735844,6,0.478469984,6.397429741,furniture,employed,own,little,little,0,0.368430802,717.1226407,Young,Low
44,14123.14403,41927.74066,27,2.786376428,0.429507048,vacation,self-employed,own,rich,little,0,2.968725702,1552.879284,Middle,Low
43,20335.54768,3030.215177,8,0.023967894,2.352481489,car,employed,own,little,little,0,0.149010748,378.7768971,Middle,Low
37,13265.44603,19842.7988,6,1.478185274,0.325499099,car,self-employed,own,moderate,little,0,1.495825979,3307.133133,Middle,Low
30,26094.71146,4679.315736,27,0.214688422,3.692958375,car,self-employed,rent,quite_rich,moderate,1,0.179320463,173.3079902,Adult,Low
52,19611.33999,1308.179407,21,-0.069057991,5.294109258,car,employed,own,little,little,0,0.066705254,62.29425749,Senior,Low
59,22142.91491,7232.05854,6,0.313929318,0.940288734,vacation,employed,own,little,moderate,1,0.326608243,1205.34309,Senior,Low
34,38953.55338,6322.121108,60,0.277675812,2.32311162,education,employed,own,quite_rich,moderate,1,0.162298958,105.3686851,Adult,Below_Avg
32,12208.45634,2119.514959,9,0.180475543,13.31343602,car,employed,own,little,little,0,0.173610398,235.5016621,Adult,Low
45,27155.97267,2350.126836,20,0.180450697,2.920469512,vacation,employed,rent,little,rich,0,0.086541803,117.5063418,Middle,Low
35,21873.11171,4818.615309,43,0.161087161,8.111186607,vacation,retired,own,moderate,little,0,0.220298574,112.0608211,Adult,Low
38,18643.57496,6501.565365,6,0.267737857,13.099149,car,employed,own,little,little,0,0.348729542,1083.594227,Middle,Low
48,34290.65546,680.9367159,38,0.104745175,18.31524476,education,employed,own,quite_rich,rich,1,0.019857792,17.91938726,Middle,Below_Avg
18,34183.79831,11412.87248,21,0.370794439,11.42972258,business,employed,rent,little,little,0,0.333867886,543.470118,Young,Below_Avg
55,13721.98544,3309.001036,6,0.122586336,1.909270248,business,employed,own,moderate,little,0,0.241145937,551.5001726,Senior,Low
40,20108.93873,1693.58356,19,0.004136343,16.42679934,business,employed,rent,moderate,rich,0,0.084220435,89.13597683,Middle,Low
35,25351.82101,10434.29484,37,0.568037822,8.367089395,car,employed,own,moderate,moderate,1,0.411579698,282.0079687,Adult,Low
38,19215.96314,4822.779094,28,0.158522223,9.075414295,furniture,employed,rent,moderate,little,1,0.250977745,172.2421105,Middle,Low
39,29510.77312,13002.96414,25,0.534050411,0.076446358,vacation,employed,own,quite_rich,moderate,1,0.440617536,520.1185657,Middle,Below_Avg
19,25351.57175,6976.912833,6,0.227387653,15.42160046,vacation,self-employed,own,rich,rich,0,0.275206323,1162.818806,Young,Low
57,55065.60768,4908.817701,6,0.088827307,7.527421967,car,unemployed,rent,little,little,1,0.089144893,818.1362835,Senior,Average
40,10248.23149,4349.499431,14,0.453873897,7.304389079,car,employed,rent,moderate,moderate,0,0.424414635,310.6785308,Middle,Low
45,20718.49389,7231.27182,15,0.138926854,0.4252015,vacation,self-employed,own,little,little,0,0.349024975,482.084788,Middle,Low
51,13985.11382,3530.430132,51,0.106170269,1.323530539,furniture,employed,own,moderate,rich,0,0.252442002,69.22412024,Senior,Low
27,29793.7443,2484.786276,11,0.092032899,16.38539431,furniture,self-employed,own,little,moderate,0,0.083399597,225.8896614,Adult,Below_Avg
45,9812.516611,8005.845955,6,0.743450253,3.472511239,furniture,employed,free,rich,little,1,0.815881009,1334.307659,Middle,Low
36,26190.61331,4378.273409,6,0.266827694,2.536310057,furniture,self-employed,rent,little,moderate,0,0.167169564,729.7122349,Middle,Low
50,16074.28042,5048.538722,6,0.153463478,9.161058197,furniture,unemployed,own,rich,little,0,0.314075566,841.4231204,Middle,Low
18,15258.91295,11748.77042,6,0.826486673,0.456961601,education,self-employed,rent,little,moderate,0,0.769961167,1958.128403,Young,Low
38,10686.65342,4486.816521,15,0.282230225,2.6973432,car,self-employed,own,quite_rich,little,0,0.419852347,299.1211014,Middle,Low
32,17456.40706,4974.236351,6,0.2497414,2.355627487,medical,employed,rent,little,moderate,0,0.2849519,829.0393918,Adult,Low
45,37882.71677,3042.030171,34,-0.026136509,2.152771534,medical,employed,rent,rich,little,0,0.080301267,89.47147561,Middle,Below_Avg
45,21750.79654,6936.772913,16,0.509163396,1.838623438,medical,self-employed,own,moderate,little,0,0.318920408,433.548307,Middle,Low
31,30146.98536,6501.981985,36,0.081726809,1.1790861,vacation,employed,own,quite_rich,little,0,0.215676026,180.6106107,Adult,Below_Avg
31,50631.08076,10103.32751,10,0.187341964,0.949213668,business,employed,free,rich,little,0,0.199547933,1010.332751,Adult,Below_Avg
38,25131.51191,3092.38195,16,-0.049635628,5.113899934,car,employed,rent,rich,moderate,0,0.123047987,193.2738718,Middle,Low
29,16657.23964,3407.541779,13,0.364525227,12.59096313,car,self-employed,rent,little,little,0,0.204568215,262.1185984,Adult,Low
50,27823.21735,9262.32077,60,0.373027225,3.555045243,car,employed,own,little,little,0,0.332898983,154.3720128,Middle,Low
35,16778.4722,6013.549202,28,0.372105937,1.768928127,furniture,self-employed,own,little,rich,0,0.358408628,214.7696144,Adult,Low
18,17116.33686,2380.403997,16,0.286503341,0.86677061,education,self-employed,rent,little,moderate,0,0.139072047,148.7752498,Young,Low
35,10301.59071,13978.04627,16,1.371624561,8.864002608,medical,employed,rent,rich,moderate,1,1.356882317,873.6278918,Adult,Low
27,35000.88919,1262.992956,6,0.058041732,17.78786255,furniture,employed,free,little,little,0,0.036084596,210.498826,Adult,Below_Avg
20,18160.40061,9204.316176,23,0.520006952,2.147421886,education,retired,own,little,moderate,1,0.506834424,400.1876598,Young,Low
25,24126.0904,1786.172553,60,0.130398327,1.719149166,business,unemployed,rent,little,little,1,0.074034894,29.76954256,Young,Low
41,13121.65287,22217.39486,6,1.64394155,4.600150485,car,employed,rent,little,little,0,1.693185689,3702.899143,Middle,Low
55,27391.11076,1428.414288,18,0.030720096,7.465590422,medical,employed,own,little,rich,0,0.052148827,79.35634933,Senior,Low
43,15048.43655,12354.8073,13,0.90203618,3.038544233,education,employed,own,little,moderate,0,0.821002718,950.3697924,Middle,Low
32,20519.80177,4604.054061,34,0.252108569,4.972249976,car,employed,own,little,rich,0,0.224371274,135.4133547,Adult,Low
45,34163.49706,3665.492352,6,0.095868265,3.580633891,medical,employed,rent,moderate,moderate,0,0.107292656,610.915392,Middle,Below_Avg
34,32708.1531,5700.546493,6,0.034232945,16.16896871,education,unemployed,rent,little,moderate,0,0.174285184,950.0910822,Adult,Below_Avg
31,21785.17483,8147.938841,6,0.52381804,0.901841312,furniture,retired,rent,quite_rich,moderate,1,0.374013011,1357.989807,Adult,Low
26,9099.133641,2383.867858,6,0.195843032,29.72766628,education,self-employed,rent,quite_rich,little,0,0.261988443,397.3113097,Adult,Low
18,98361.55299,2558.99484,22,0.124739934,2.489190434,business,employed,own,little,little,0,0.02601621,116.3179473,Young,Above_Avg
35,52729.45439,8264.164301,6,0.174303031,6.422302854,car,employed,rent,little,little,0,0.156727666,1377.360717,Adult,Below_Avg
41,31613.43326,1254.040023,17,-0.089677104,4.248003626,vacation,employed,rent,little,little,0,0.039667948,73.76706019,Middle,Below_Avg
38,15114.32289,3079.790104,36,0.328993878,3.334168358,medical,self-employed,rent,quite_rich,rich,1,0.20376633,85.5497251,Middle,Low
35,20810.31215,55968.79394,6,2.714928088,5.98788929,education,employed,own,moderate,little,0,2.689474023,9328.132323,Adult,Low
28,16785.8204,2265.588049,6,0.268504885,2.518868157,business,self-employed,free,moderate,moderate,0,0.13497035,377.5980081,Adult,Low
47,41436.93739,12310.92346,60,0.278859356,0.67400374,vacation,self-employed,rent,rich,moderate,0,0.297100226,205.1820577,Middle,Below_Avg
24,25115.7758,3075.551104,20,0.192860074,3.355885335,furniture,self-employed,rent,quite_rich,moderate,0,0.122454951,153.7775552,Young,Low
49,14882.15422,7385.220969,6,0.319994059,3.689842796,medical,employed,free,rich,moderate,0,0.49624677,1230.870161,Middle,Low
27,17406.90857,8295.633346,6,0.426549731,1.127620371,business,self-employed,own,rich,little,0,0.476571317,1382.605558,Adult,Low
30,38584.04281,12126.70577,60,0.186993957,13.71471128,furniture,employed,rent,rich,rich,0,0.31429329,202.1117629,Adult,Below_Avg
22,49023.19946,4187.239388,6,0.04793504,1.290458727,business,self-employed,rent,rich,rich,0,0.085413425,697.8732314,Young,Below_Avg
33,47295.28004,24127.50394,25,0.557327301,2.631622179,education,employed,own,little,moderate,1,0.510146127,965.1001575,Adult,Below_Avg
51,32161.19989,3067.231826,6,0.034912557,0.841677221,car,employed,rent,quite_rich,rich,0,0.095370566,511.2053043,Senior,Below_Avg
46,19412.79309,5927.609736,9,0.391729747,3.837162801,business,employed,own,rich,little,1,0.305345537,658.6233041,Middle,Low
51,4355.710786,5980.273285,38,1.287311731,1.838228864,education,employed,own,little,little,1,1.372972996,157.3756128,Senior,Low
46,25554.78893,2003.04841,6,0.166906168,3.580633891,business,retired,free,moderate,moderate,0,0.078382507,333.8414016,Middle,Low
26,22006.33445,3910.037313,6,0.308653527,1.271990352,car,employed,own,moderate,rich,0,0.17767781,651.6728856,Adult,Low
36,23623.3533,5592.662778,12,0.338095582,0.276375149,education,unemployed,free,little,little,0,0.236742968,466.0552315,Middle,Low
30,22628.12031,3478.314671,17,0.11929756,7.553093371,business,employed,own,rich,moderate,0,0.153716465,204.6067453,Adult,Low
55,11348.81848,34639.12742,6,2.839677871,5.123366323,medical,employed,own,little,little,1,3.052223231,5773.187903,Senior,Low
25,29106.13566,2512.669621,9,0.144544533,2.083181539,vacation,employed,own,quite_rich,rich,0,0.086327833,279.1855135,Young,Below_Avg
50,30215.43474,12626.32974,7,0.405353347,0.243295543,vacation,employed,rent,little,moderate,1,0.417876818,1803.761391,Middle,Below_Avg
50,30982.23922,9751.416647,6,0.216902858,10.03374661,car,self-employed,own,little,little,0,0.314742152,1625.236108,Middle,Below_Avg
61,35358.30223,4860.56659,7,0.081838156,0.930413133,vacation,employed,free,rich,rich,0,0.137466063,694.3666557,Senior,Below_Avg
35,29792.91291,2459.793684,48,0.226005579,13.34959884,car,self-employed,rent,little,little,0,0.082563047,51.24570174,Adult,Below_Avg
48,17943.53737,2658.176775,6,0.034407159,3.25614457,car,employed,rent,rich,little,0,0.148141179,443.0294624,Middle,Low
67,21259.97713,3247.452626,15,0.1995805,2.080507699,car,employed,own,little,little,0,0.152749582,216.4968417,Senior,Low
32,23053.25916,1177.804009,6,0.072886381,6.769319341,vacation,employed,own,quite_rich,little,0,0.051090564,196.3006682,Adult,Low
21,23245.10206,2202.234178,6,0.059000941,10.47133067,car,self-employed,free,little,little,0,0.094739708,367.0390296,Young,Low
18,36283.15373,1501.198079,6,0.105827789,2.315843711,car,self-employed,own,little,little,0,0.04137452,250.1996799,Young,Below_Avg
48,30388.95128,14424.73907,11,0.637895038,2.615703657,car,employed,own,quite_rich,rich,0,0.474670512,1311.339916,Middle,Below_Avg
18,62234.93144,8060.814733,6,0.099925202,2.838375303,education,employed,own,little,little,0,0.129522353,1343.469122,Young,Average
35,66385.53663,9216.764003,17,0.114518834,12.77598434,vacation,self-employed,free,quite_rich,little,1,0.138836928,542.1625884,Adult,Average
45,22921.36654,7871.98522,53,0.405640867,5.897441579,furniture,unemployed,own,rich,moderate,0,0.343434376,148.528023,Middle,Low
42,3234.637761,5617.118554,6,1.828376864,1.422742383,education,employed,own,little,moderate,1,1.736552581,936.1864257,Middle,Low
45,40880.81794,15812.31373,22,0.374019821,1.022833973,car,self-employed,rent,moderate,rich,0,0.386790542,718.7415333,Middle,Below_Avg
42,16811.38863,3015.104822,6,0.148811572,1.309211816,car,employed,free,little,moderate,0,0.179348945,502.5174703,Middle,Low
55,14753.83074,5352.589408,6,0.141028544,1.529663969,car,employed,own,little,moderate,0,0.362793196,892.0982347,Senior,Low
28,18047.76914,8934.246228,6,0.417232382,1.308015465,furniture,retired,own,little,little,1,0.495033273,1489.041038,Adult,Low
31,17618.03684,1707.921844,11,-0.016989501,5.372132396,education,self-employed,own,moderate,little,0,0.096941666,155.2656222,Adult,Low
30,29915.58632,58528.61839,6,2.02492151,0.616115025,car,self-employed,own,quite_rich,little,1,1.95645901,9754.769732,Adult,Below_Avg
49,10099.91322,5028.377318,23,0.473473123,2.44987663,vacation,employed,own,little,little,0,0.497863418,218.6251008,Middle,Low
50,12850.52091,5505.988298,6,0.40016205,4.904860622,medical,employed,own,little,little,0,0.428464211,917.6647164,Middle,Low
45,26149.34123,13433.44034,12,0.512814403,1.71851137,car,self-employed,rent,moderate,moderate,0,0.513720029,1119.453362,Middle,Low
54,30075.67592,10218.59385,20,0.252745086,0.337511262,car,unemployed,own,little,little,0,0.339762733,510.9296926,Senior,Below_Avg
25,30356.64817,5066.788255,6,0.322233405,0.426830508,business,self-employed,own,rich,rich,1,0.166908686,844.4647091,Young,Below_Avg
60,14860.79566,5453.994475,15,0.496824941,0.673184453,car,employed,free,moderate,rich,1,0.367005549,363.5996317,Senior,Low
58,13505.70105,1475.395215,6,0.27105308,9.034660718,furniture,employed,own,quite_rich,moderate,0,0.109242401,245.8992025,Senior,Low
48,17097.41537,3148.959556,6,0.252519243,5.362727576,furniture,employed,own,moderate,moderate,0,0.18417752,524.8265927,Middle,Low
61,24833.1908,7433.619553,30,0.296394291,0.333490449,medical,employed,own,little,little,0,0.299342103,247.7873184,Senior,Low
20,46292.65947,7010.149253,7,0.31290405,2.480250599,business,employed,rent,rich,little,0,0.15143112,1001.449893,Young,Below_Avg
33,7913.151547,13055.07988,30,1.581698572,1.632704787,car,employed,rent,rich,rich,0,1.649795256,435.1693294,Adult,Low
31,19724.87131,4463.101261,6,0.139146802,4.314225104,car,self-employed,rent,rich,little,0,0.2262677,743.8502102,Adult,Low
48,11312.46823,1619.982765,7,0.083052147,3.699160284,car,self-employed,rent,little,little,0,0.143203299,231.4261093,Middle,Low
27,9641.950116,11445.87114,6,1.239378016,3.280451952,furniture,self-employed,rent,moderate,little,0,1.187090889,1907.64519,Adult,Low
49,35720.43892,15504.28129,12,0.357834575,1.88812413,furniture,unemployed,rent,moderate,moderate,0,0.434045095,1292.023441,Middle,Below_Avg
56,28920.68284,10082.89455,8,0.333102275,0.741338761,vacation,employed,own,little,little,0,0.348639574,1260.361819,Senior,Below_Avg
48,27576.43156,4311.723828,6,-0.003830135,6.781278038,furniture,unemployed,own,little,rich,1,0.156355394,718.6206381,Middle,Low
43,34909.45261,11333.3937,11,0.37276091,10.59535327,furniture,self-employed,rent,rich,little,0,0.324651143,1030.308518,Middle,Below_Avg
28,17329.06713,76353.44131,6,4.25438035,14.42551017,furniture,retired,free,little,rich,1,4.406090687,12725.57355,Adult,Low
29,17741.84481,5389.036288,32,0.210531129,0.302036509,car,employed,own,little,rich,0,0.303747234,168.407384,Adult,Low
54,65700.72953,1720.913694,12,0.147909934,6.733613002,medical,employed,own,little,moderate,0,0.02619322,143.4094745,Senior,Average
49,19471.64284,3074.728736,21,0.27593986,6.482331529,car,self-employed,rent,little,moderate,1,0.157908029,146.4156541,Middle,Low
39,31810.9566,8106.170171,30,0.292254522,14.69766849,car,unemployed,own,little,little,0,0.254823213,270.2056724,Middle,Below_Avg
34,22096.85944,1361.24711,6,0.089170004,1.457878845,car,self-employed,rent,rich,little,0,0.061603646,226.8745184,Adult,Low
18,8741.794212,5628.073399,7,0.590716194,6.777449409,furniture,self-employed,own,quite_rich,moderate,1,0.643812158,804.0104856,Young,Low
27,7924.270136,6662.628266,6,0.763497258,0.28087484,medical,employed,own,moderate,little,1,0.840787625,1110.438044,Adult,Low
62,16489.97484,16782.59123,6,0.981520938,4.988123833,car,self-employed,own,little,little,1,1.017745108,2797.098538,Senior,Low
24,37348.59698,14018.8185,6,0.223985188,2.160440561,furniture,self-employed,rent,rich,little,0,0.375350606,2336.469751,Young,Below_Avg
42,32667.82176,9815.007132,11,0.325693634,7.324728043,car,self-employed,own,little,moderate,0,0.300448778,892.2733757,Middle,Below_Avg
52,34788.37583,871.1871237,10,0.02992559,9.949989461,business,self-employed,rent,little,little,0,0.025042478,87.11871237,Senior,Below_Avg
24,13446.53741,10268.56435,6,0.670316504,2.269242483,education,employed,own,little,moderate,1,0.763658631,1711.427392,Young,Low
42,49411.39008,8642.184875,6,0.331770878,3.728375581,business,self-employed,rent,little,moderate,1,0.174902687,1440.364146,Middle,Below_Avg
51,13596.30509,6031.527061,6,0.504306531,0.624438924,furniture,employed,own,rich,little,1,0.44361516,1005.25451,Senior,Low
40,24499.60317,1231.295688,6,0.119441961,2.69704263,medical,retired,rent,quite_rich,rich,0,0.050257781,205.2159481,Middle,Low
74,21912.74818,2640.123229,18,0.071749445,2.237692499,furniture,self-employed,rent,moderate,moderate,0,0.120483438,146.6735127,Senior,Low
19,20192.43059,1932.445898,21,0.095568492,1.011336546,education,self-employed,own,moderate,little,0,0.0957015,92.02123325,Young,Low
52,43014.6515,980.4319584,7,0.085530244,11.24420869,business,retired,own,little,rich,1,0.022792977,140.0617083,Senior,Below_Avg
37,15482.17653,4903.320359,27,0.331985668,0.801359269,education,employed,rent,moderate,rich,0,0.316707431,181.6044577,Middle,Low
49,11217.13021,2596.039524,9,0.391625345,5.049428084,car,employed,own,quite_rich,moderate,0,0.231435267,288.4488361,Middle,Low
45,22247.78525,40144.65016,13,1.784054795,11.04286257,furniture,self-employed,own,little,little,0,1.804433552,3088.050012,Middle,Low
31,18035.30731,4294.03637,6,0.187634504,12.15030741,car,employed,own,little,little,0,0.238090557,715.6727284,Adult,Low
42,119215.9054,13835.63134,6,0.179480535,7.880975635,furniture,employed,free,little,rich,1,0.116055247,2305.938557,Middle,High
18,30892.03733,1400.690741,23,-0.081123246,0.968780214,education,unemployed,free,moderate,moderate,0,0.045341482,60.89959743,Young,Below_Avg
47,17949.71852,3216.1116,60,0.271603066,8.503146683,car,employed,own,moderate,moderate,1,0.179173372,53.60186,Middle,Low
43,12990.11828,5310.909079,21,0.278771062,1.618721594,education,employed,rent,moderate,rich,1,0.408842242,252.9004323,Middle,Low
47,8602.909979,2376.720419,6,0.340127825,12.78081216,vacation,employed,rent,rich,little,0,0.276269358,396.1200698,Middle,Low
52,13192.32443,3506.029404,6,0.200935469,6.173649652,furniture,employed,own,moderate,little,1,0.265762825,584.338234,Senior,Low
44,23329.42891,4128.375532,10,0.224618406,7.691812478,car,employed,own,moderate,rich,0,0.176959991,412.8375532,Middle,Low
41,44966.10784,4076.009038,23,0.181380544,0.444333413,vacation,employed,own,rich,little,0,0.09064625,177.2177842,Middle,Below_Avg
29,38593.70932,21678.90308,6,0.577063277,4.370529693,business,unemployed,own,rich,little,1,0.561721158,3613.150514,Adult,Below_Avg
31,24699.72566,6651.389295,25,0.149327912,8.605818968,car,employed,rent,little,rich,1,0.269290007,266.0555718,Adult,Low
54,18740.01146,7212.770759,14,0.29520862,9.887687664,furniture,employed,own,moderate,moderate,0,0.384886145,515.1979114,Senior,Low
57,25195.13447,7568.300522,26,0.227521469,0.145247939,business,employed,rent,rich,moderate,1,0.300387384,291.0884816,Senior,Low
37,16995.11113,8023.268022,14,0.282592018,13.99747599,education,self-employed,own,little,moderate,0,0.472092707,573.090573,Middle,Low
40,52009.51689,4599.442654,16,0.201182421,0.221529517,education,employed,rent,rich,little,0,0.088434635,287.4651659,Middle,Below_Avg
29,20038.38392,3802.457711,6,0.20076946,4.766312714,education,employed,rent,little,moderate,0,0.189758701,633.7429519,Adult,Low
54,21095.83847,5616.437514,22,0.152682577,5.910853169,business,unemployed,rent,rich,moderate,0,0.266234382,255.2926143,Senior,Low
47,7274.197579,12399.89345,33,1.850208213,0.567777186,furniture,employed,free,little,little,1,1.704640728,375.7543471,Middle,Low
63,19975.915,12100.36082,36,0.535614702,0.246013541,business,employed,own,rich,moderate,0,0.605747512,336.1211338,Senior,Low
29,33464.55403,4054.899652,6,0.146227238,7.683543752,medical,self-employed,rent,little,little,0,0.121169989,675.8166086,Adult,Below_Avg
35,12914.92259,9084.045897,17,0.620848892,2.427987926,furniture,employed,rent,little,little,1,0.703375946,534.355641,Adult,Low
42,15133.10236,4206.273034,60,0.076125784,0.566473515,business,employed,own,little,little,1,0.2779518,70.10455057,Middle,Low
47,32740.08702,5049.762238,15,0.017793843,7.191472503,car,employed,own,little,little,0,0.154237899,336.6508159,Middle,Below_Avg
37,10526.71287,3364.993447,6,0.274813276,9.457779802,car,unemployed,own,quite_rich,rich,1,0.319662319,560.8322412,Middle,Low
29,37380.35222,4250.040915,37,0.203526875,4.42621605,medical,unemployed,rent,little,little,0,0.113697187,114.8659707,Adult,Below_Avg
50,16880.7307,14372.38672,6,0.88606117,0.879134316,car,employed,rent,moderate,little,1,0.851407855,2395.397786,Middle,Low
48,18137.11898,5291.922698,6,0.305793572,0.076697614,car,employed,rent,moderate,little,0,0.29177306,881.9871164,Middle,Low
29,12557.34205,5476.524738,10,0.235118569,6.03325663,furniture,employed,own,little,little,0,0.436121332,547.6524738,Adult,Low
56,26609.48819,1544.145214,6,0.185038488,3.994090664,furniture,self-employed,free,little,little,1,0.058029873,257.3575356,Senior,Low
54,75352.77206,3837.609301,6,0.073296545,5.260511349,education,employed,own,little,little,0,0.050928575,639.6015502,Senior,Average
41,32557.03065,4051.927922,11,0.112514544,8.388173456,car,employed,rent,moderate,moderate,0,0.124456311,368.3570838,Middle,Below_Avg
40,14297.74868,2531.798533,17,0.290319037,2.847818573,car,self-employed,rent,quite_rich,moderate,0,0.177076726,148.9293255,Middle,Low
46,38863.48084,5000.695738,42,0.25342306,0.66488898,furniture,employed,own,rich,rich,0,0.128673388,119.0641842,Middle,Below_Avg
29,18800.90389,3486.501817,21,0.300902333,14.06566089,education,employed,rent,quite_rich,rich,0,0.185443308,166.023896,Adult,Low
40,43793.57914,5239.580329,33,0.094934011,3.940170649,education,self-employed,own,moderate,little,0,0.119642661,158.7751615,Middle,Below_Avg
18,32969.501,5416.485259,9,0.063940098,4.776380912,education,self-employed,own,quite_rich,moderate,0,0.164287754,601.8316954,Young,Below_Avg
50,5056.496935,2287.915714,6,0.551362795,13.54611166,education,self-employed,rent,little,moderate,0,0.452470504,381.3192857,Middle,Low
21,13332.50321,3572.563106,16,0.131453471,13.4107177,car,unemployed,own,moderate,little,0,0.267958916,223.2851941,Young,Low
58,35319.57463,5228.603092,21,0.342762652,4.244265758,business,employed,own,little,little,0,0.148036978,248.9810996,Senior,Below_Avg
36,23761.65999,12675.6682,15,0.536250404,1.76634251,car,employed,own,little,little,0,0.533450449,845.0445466,Middle,Low
37,13201.97906,6035.266781,6,0.351060215,29.23878506,car,employed,own,rich,little,0,0.457148641,1005.877797,Middle,Low
32,16045.84541,2894.164815,8,0.057181629,5.709954774,business,employed,own,little,little,0,0.180368484,361.7706018,Adult,Low
36,8492.015856,6762.877928,10,0.668620264,2.624932731,car,employed,rent,rich,little,1,0.796380747,676.2877928,Middle,Low
57,21074.37984,19264.88161,6,0.928173824,4.103048591,furniture,employed,own,moderate,rich,1,0.914137533,3210.813601,Senior,Low
18,66525.78282,10232.91923,38,0.153179615,2.68785088,furniture,employed,rent,little,little,1,0.153818847,269.2873482,Young,Average
55,32940.78041,7616.111559,12,0.107613949,10.9599235,education,employed,rent,little,little,0,0.231206166,634.6759633,Senior,Below_Avg
44,65854.85948,8782.111438,25,0.097709978,3.293722729,furniture,employed,own,little,little,1,0.133355557,351.2844575,Middle,Average
25,34241.66803,15552.29093,6,0.317398439,8.67297593,medical,employed,rent,quite_rich,little,0,0.454191978,2592.048488,Young,Below_Avg
27,36817.90931,11620.21387,14,0.374543264,9.168419663,furniture,self-employed,own,moderate,little,0,0.315613083,830.0152761,Adult,Below_Avg
60,59103.14069,7734.207527,46,0.125400175,8.695806758,education,employed,own,moderate,moderate,0,0.130859501,168.1349462,Senior,Average
28,26599.0726,11555.46513,6,0.396590878,6.404064288,vacation,employed,own,little,little,0,0.434431129,1925.910855,Adult,Low
26,20058.05985,2068.707144,7,-0.025675119,9.650892798,education,retired,own,little,little,0,0.103135954,295.529592,Adult,Low
53,36913.35757,1477.619755,8,0.010013845,2.448824657,education,self-employed,free,little,rich,0,0.040029405,184.7024693,Senior,Below_Avg
44,45566.13739,5572.945011,8,0.080831742,0.608935742,education,employed,own,rich,little,0,0.12230453,696.6181264,Middle,Below_Avg
28,17326.93799,5192.365059,16,0.33144276,9.240195485,furniture,employed,rent,little,little,1,0.29967009,324.5228162,Adult,Low
42,15355.29215,3180.748919,9,0.223845295,3.447453525,vacation,self-employed,rent,moderate,little,0,0.207143497,353.4165466,Middle,Low
27,23610.05634,9515.545759,20,0.482235364,0.68125276,car,employed,own,moderate,little,0,0.403029354,475.777288,Adult,Low
53,33381.24297,1107.332369,11,-0.015285361,0.612604144,vacation,employed,free,little,rich,0,0.033172293,100.666579,Senior,Below_Avg
52,32828.27692,3204.086147,6,-0.088439739,0.867259409,education,self-employed,free,moderate,moderate,0,0.097601411,534.0143578,Senior,Below_Avg
46,10806.64174,3334.358427,53,0.40765643,6.950974987,vacation,employed,free,rich,little,0,0.308547142,62.91242315,Middle,Low
44,57285.51243,1327.37498,6,-0.070432035,6.204163871,car,employed,rent,little,little,0,0.023171216,221.2291634,Middle,Average
61,15985.18341,16248.97008,14,0.905810243,1.139641652,vacation,employed,own,moderate,rich,1,1.016501948,1160.64072,Senior,Low
39,19292.41903,1656.792834,6,0.081566266,9.384084738,car,employed,own,rich,little,0,0.085877921,276.1321391,Middle,Low
25,14026.0672,3069.678016,45,0.249082271,1.651520065,business,unemployed,rent,little,little,1,0.21885522,68.21506701,Young,Low
45,84894.48556,10161.72821,47,0.06661469,7.874834212,furniture,employed,own,little,rich,0,0.119698331,216.2069832,Middle,Above_Avg
65,24860.49646,8240.664598,8,0.277607,3.355029663,business,employed,rent,little,rich,1,0.331476268,1030.083075,Senior,Low
27,14393.21882,2025.273927,6,0.101607653,6.575428472,education,self-employed,rent,quite_rich,moderate,0,0.140710285,337.5456544,Adult,Low
35,33926.84185,8484.458587,26,0.391735037,2.401382378,car,employed,own,little,moderate,1,0.250081002,326.3253303,Adult,Below_Avg
44,32356.42502,6197.043379,6,0.191256545,2.131967412,education,employed,own,little,little,0,0.191524353,1032.840563,Middle,Below_Avg
39,20053.04894,31774.78881,21,1.487740257,9.205576334,car,employed,free,little,rich,0,1.584536541,1513.085182,Middle,Low
28,33533.60524,6789.634112,44,0.106694201,0.179702219,education,employed,own,little,little,0,0.202472537,154.3098662,Adult,Below_Avg
53,14579.24206,4389.657756,16,0.276001154,18.39206158,business,self-employed,own,little,little,0,0.301089572,274.3536098,Senior,Low
67,17215.07724,2476.987627,35,0.167670575,5.223171711,car,employed,own,moderate,little,1,0.143884781,70.77107506,Senior,Low
42,8061.796268,2709.732787,6,0.384518243,2.832426291,education,employed,own,little,little,0,0.336120226,451.6221312,Middle,Low
29,11361.94006,2538.642387,43,0.235849743,3.580633891,education,retired,own,rich,little,0,0.223433883,59.03819504,Adult,Low
21,54383.46328,14718.77327,6,0.186460623,0.654764721,car,employed,own,rich,little,0,0.270647958,2453.128878,Young,Average
43,50046.82338,4985.933527,6,0.057231245,3.608272968,medical,employed,own,moderate,little,0,0.099625375,830.9889211,Middle,Below_Avg
53,22763.05997,7724.850116,38,0.412749825,21.03046832,education,employed,rent,rich,little,1,0.339359037,203.2855294,Senior,Low
45,50587.80021,16504.66059,14,0.211648529,1.341158568,car,employed,own,moderate,little,0,0.326257725,1178.904328,Middle,Below_Avg
39,20332.23337,744.8841376,28,-0.009939711,6.405675111,car,employed,own,moderate,little,0,0.036635628,26.60300491,Middle,Low
32,19502.43968,13671.91506,29,0.760782427,2.854394434,education,employed,rent,little,little,1,0.701036141,471.4453467,Adult,Low
26,22657.70669,5137.477758,18,0.314271203,5.284350926,furniture,employed,rent,little,little,0,0.22674306,285.415431,Adult,Low
50,20692.76088,6960.723488,6,0.317092937,1.146356618,car,employed,own,little,little,0,0.336384474,1160.120581,Middle,Low
50,19779.51012,2533.298336,21,0.086956219,3.178779916,car,employed,rent,little,little,0,0.1280769,120.6332541,Middle,Low
21,39014.90586,2686.247403,6,-0.063359971,19.58334738,education,self-employed,own,rich,moderate,0,0.068851823,447.7079005,Young,Below_Avg
59,23743.58878,7266.839265,6,0.35861879,1.086348873,education,self-employed,own,little,little,1,0.306054798,1211.139877,Senior,Low
46,31452.72432,33112.90089,18,1.184661204,5.059123817,car,employed,rent,little,little,1,1.052783236,1839.605605,Middle,Below_Avg
56,36889.79607,10967.05053,42,0.553807657,4.285367839,education,retired,own,quite_rich,rich,1,0.297292251,261.1202507,Senior,Below_Avg
23,26744.73466,13526.66683,26,0.54441396,4.16263922,medical,self-employed,rent,moderate,moderate,1,0.505769341,520.2564167,Young,Low
23,13559.79356,4214.975188,7,0.305755645,4.774161144,medical,self-employed,rent,moderate,moderate,0,0.310843611,602.1393126,Young,Low
38,11198.85764,3040.680507,31,0.179535963,3.488165875,vacation,employed,own,little,moderate,0,0.271517025,98.08646797,Middle,Low
46,23727.50772,2631.622983,60,-0.076975476,0.08537857,vacation,self-employed,own,rich,little,1,0.110910215,43.86038305,Middle,Low
61,20218.87489,3325.518964,7,0.18217189,11.51776838,car,unemployed,own,little,moderate,0,0.164475965,475.0741377,Senior,Low
48,23010.26534,951.2472835,6,0.276374039,3.580633891,car,employed,own,moderate,moderate,1,0.041340127,158.5412139,Middle,Low
37,21850.36664,2751.948611,6,0.253026414,0.956817648,furniture,self-employed,rent,moderate,little,0,0.125945192,458.6581019,Middle,Low
27,80160.55421,3139.181811,9,0.150817606,2.665979732,education,self-employed,own,moderate,moderate,0,0.039161179,348.797979,Adult,Above_Avg
54,11326.34687,4271.470646,6,0.401687231,7.360328479,vacation,employed,own,quite_rich,moderate,0,0.37712695,711.9117743,Senior,Low
28,8143.919589,5461.070369,12,0.706522587,19.57571819,car,employed,rent,little,little,0,0.670570271,455.0891974,Adult,Low
59,26008.75307,6567.974016,23,0.010154638,15.09367883,furniture,employed,own,rich,little,0,0.25252937,285.5640876,Senior,Low
36,18247.5978,4856.433997,13,0.342392062,11.48098767,education,employed,own,moderate,little,0,0.266141004,373.5718459,Middle,Low
59,25797.52755,3086.662012,60,0.061715472,0.86209711,furniture,employed,own,moderate,little,0,0.119649529,51.44436686,Senior,Low
48,29493.98169,1021.791855,11,-0.035528655,12.29473894,furniture,employed,rent,quite_rich,little,0,0.03464408,92.89016861,Middle,Below_Avg
38,41858.5915,3101.847291,6,0.041777307,10.53693864,car,self-employed,own,moderate,little,0,0.074103002,516.9745485,Middle,Below_Avg
33,10367.04278,2257.559158,11,0.18206263,2.36564182,medical,unemployed,own,rich,little,0,0.217763079,205.2326507,Adult,Low
35,16674.58614,7135.6127,47,0.356169862,3.580633891,furniture,employed,own,little,rich,0,0.427933422,151.8215468,Adult,Low
45,27292.86603,10172.36407,6,0.374098672,3.080087453,education,employed,rent,rich,moderate,0,0.372711465,1695.394012,Middle,Low
40,32377.91384,10413.48473,6,0.265795331,5.338121536,car,employed,own,rich,moderate,0,0.321623091,1735.580788,Middle,Below_Avg
32,65954.78926,9005.24252,22,0.146568893,1.511174708,education,unemployed,own,quite_rich,little,0,0.136536598,409.3292054,Adult,Average
38,35520.02801,4416.838341,6,-0.024369953,0.116079219,car,employed,own,quite_rich,little,1,0.124347828,736.1397235,Middle,Below_Avg
40,21409.83558,3237.107773,26,0.12979145,0.761267962,car,self-employed,rent,little,moderate,1,0.151197227,124.5041451,Middle,Low
18,14112.01898,2703.541332,9,0.081947659,2.900127472,car,employed,own,moderate,little,1,0.191577218,300.3934813,Young,Low
45,16611.57588,1471.445996,28,0.024434623,1.656446443,car,employed,rent,quite_rich,little,0,0.088579555,52.5516427,Middle,Low
28,16377.25218,10866.96748,14,0.677880224,7.230573454,education,employed,own,moderate,rich,1,0.66354034,776.2119628,Adult,Low
26,30565.18253,4273.682598,6,-0.020577838,0.564108464,furniture,employed,rent,moderate,little,0,0.139821923,712.280433,Adult,Below_Avg
19,25046.7341,1813.343695,8,-0.009842329,12.47267783,vacation,self-employed,rent,little,little,0,0.072398409,226.6679618,Young,Low
18,11363.65308,2537.175921,7,0.280167591,11.28457897,car,employed,rent,little,rich,0,0.223271153,362.453703,Young,Low
23,17712.91415,2456.32408,29,-0.002643591,11.97113498,car,employed,rent,moderate,little,0,0.138674193,84.70083034,Young,Low
31,34158.7405,5086.878133,17,0.326705499,6.727873832,vacation,self-employed,own,rich,moderate,0,0.148918785,299.2281255,Adult,Below_Avg
63,26260.76233,11544.61393,27,0.560055373,0.565843331,car,employed,rent,moderate,rich,1,0.439614577,427.5782937,Senior,Low
33,29270.11498,3720.481448,8,0.077655827,2.88249124,car,employed,rent,little,little,0,0.127108535,465.060181,Adult,Below_Avg
42,26674.43393,810.760899,21,-0.048326288,0.704393717,car,unemployed,free,moderate,rich,1,0.030394681,38.60766186,Middle,Low
44,49672.92859,4224.498066,6,0.105240276,21.99045195,vacation,employed,own,quite_rich,little,0,0.085046285,704.0830111,Middle,Below_Avg
41,24785.68461,4337.462939,6,0.030252489,2.025114205,vacation,self-employed,rent,moderate,rich,0,0.174998714,722.9104899,Middle,Low
39,18160.21699,4105.421988,6,0.025852519,4.401367813,furniture,self-employed,own,quite_rich,little,0,0.226066791,684.2369981,Middle,Low
25,13934.49193,2975.094454,26,0.167572259,7.556863435,business,employed,rent,little,rich,0,0.213505772,114.4267098,Young,Low
57,24954.3823,5848.562974,13,0.220965299,12.66729752,education,employed,free,rich,moderate,0,0.234370176,449.8894595,Senior,Low
61,6500.588515,5181.826567,9,0.806574637,7.043675934,medical,employed,rent,rich,moderate,1,0.797131914,575.7585074,Senior,Low
19,20087.55,4818.103904,40,0.178381167,5.612022133,car,employed,rent,quite_rich,rich,1,0.239855229,120.4525976,Young,Low
27,19872.26003,6837.059969,12,0.471445121,3.136626623,vacation,self-employed,own,rich,little,0,0.344050448,569.7549974,Adult,Low
36,11134.06463,3484.687822,17,0.163461388,4.649415122,car,employed,own,little,little,0,0.312975354,204.9816366,Middle,Low
28,13847.59819,3330.012925,60,0.126649635,0.494483969,furniture,employed,own,quite_rich,little,0,0.240475849,55.50021541,Adult,Low
46,33018.6808,14825.42115,13,0.497664609,10.76748785,car,employed,own,moderate,little,1,0.449001014,1140.417012,Middle,Below_Avg
31,24719.70245,7688.525701,27,0.194863508,3.923871154,business,employed,own,little,moderate,0,0.311028246,284.7602112,Adult,Low
65,23176.50124,9523.872771,9,0.290895932,0.20481341,business,self-employed,own,little,rich,1,0.410927977,1058.208086,Senior,Low
54,25672.45142,13106.76343,6,0.522873535,12.62252981,education,self-employed,own,little,little,0,0.510538055,2184.460572,Senior,Low
42,23070.58697,7485.741408,32,0.219118954,3.359884051,business,self-employed,own,rich,little,0,0.324471216,233.929419,Middle,Low
52,41004.26159,10329.00198,52,0.238592252,10.1471327,education,self-employed,rent,moderate,moderate,0,0.251900695,198.6346534,Senior,Below_Avg
53,23428.64249,1389.256332,10,-0.010688309,9.720637093,business,employed,rent,moderate,little,1,0.059297347,138.9256332,Senior,Low
33,10624.2398,5786.732624,12,0.458506259,8.457351819,car,employed,own,little,moderate,0,0.544672629,482.2277186,Adult,Low
30,49764.88941,4246.393148,9,-0.124901441,0.316845462,furniture,employed,own,moderate,little,1,0.085329098,471.8214609,Adult,Below_Avg
40,26507.15919,18810.06302,60,0.723578304,1.418892808,car,retired,rent,little,little,1,0.709621989,313.5010504,Middle,Low
50,16405.51987,10322.86302,42,0.504512083,10.41917077,furniture,employed,own,moderate,moderate,1,0.629231082,245.782453,Middle,Low
41,11769.8816,2968.000721,6,0.235344903,11.46273106,business,retired,free,quite_rich,little,0,0.252169123,494.6667869,Middle,Low
21,26848.28194,6622.547058,27,0.195455091,3.06308169,business,self-employed,own,rich,little,0,0.246665581,245.2795206,Young,Low
30,20773.09664,5620.326666,16,0.249907155,2.899462737,business,self-employed,own,little,moderate,0,0.270557961,351.2704166,Adult,Low
39,48391.20653,7068.935251,6,0.131111384,0.962711862,furniture,employed,own,moderate,little,0,0.146078921,1178.155875,Middle,Below_Avg
39,18528.14784,2175.309048,10,0.136768465,17.27469815,business,employed,own,moderate,moderate,0,0.11740564,217.5309048,Middle,Low
63,14491.38487,6555.195185,6,0.379575259,1.198514997,furniture,employed,own,little,rich,0,0.452351189,1092.532531,Senior,Low
23,34471.84246,4094.823609,37,0.243057137,1.059391122,medical,employed,own,quite_rich,moderate,0,0.118787489,110.6709083,Young,Below_Avg
46,34983.81995,6160.787019,6,-0.008636109,5.404779965,furniture,unemployed,rent,moderate,moderate,1,0.176103897,1026.797837,Middle,Below_Avg
57,23964.42418,2753.124887,37,0.09222472,1.390931852,education,self-employed,own,moderate,little,0,0.114883832,74.40878072,Senior,Low
67,30889.7139,3077.73576,50,0.183259364,13.96572162,business,self-employed,rent,moderate,moderate,0,0.099636266,61.55471521,Senior,Below_Avg
35,21615.29489,12570.06681,6,0.629213009,0.054834563,medical,employed,rent,little,little,1,0.581535754,2095.011134,Adult,Low
45,24758.70815,2119.132219,22,-0.011892169,0.02884938,furniture,employed,rent,little,moderate,0,0.085591389,96.32419178,Middle,Low
46,39438.40794,2248.000603,14,-0.023824262,3.514743307,furniture,self-employed,own,little,little,0,0.057000288,160.5714716,Middle,Below_Avg
42,30111.40152,4716.088344,55,0.055942094,3.347763267,furniture,employed,own,little,little,1,0.15662135,85.74706079,Middle,Below_Avg
38,20238.92038,2650.457909,28,0.190881226,0.891831079,furniture,unemployed,own,little,moderate,1,0.130958463,94.65921103,Middle,Low
45,43311.83806,2421.099595,21,-0.018093115,3.411229708,business,self-employed,rent,quite_rich,moderate,0,0.055899258,115.2904569,Middle,Below_Avg
18,6751.85333,5345.769487,46,0.81726077,2.652260727,medical,employed,rent,rich,little,0,0.791748462,116.2123801,Young,Low
48,61453.53598,1474.312878,6,0.050420834,11.05137547,car,self-employed,own,rich,little,0,0.023990692,245.7188129,Middle,Average
41,9386.431355,2194.32599,8,0.470615732,0.046485019,education,self-employed,own,rich,little,1,0.233776385,274.2907487,Middle,Low
37,16098.05261,25419.61671,33,1.610374302,18.70503496,vacation,employed,own,rich,moderate,1,1.579049176,770.2914154,Middle,Low
64,21580.40989,7098.083146,6,0.247798867,4.896056337,car,employed,rent,little,little,1,0.328913268,1183.013858,Senior,Low
31,20470.90041,2704.708219,49,-0.01389049,0.823450221,furniture,employed,own,moderate,little,0,0.132124536,55.19812692,Adult,Low
35,36432.09952,6867.614308,24,0.160919218,0.239442926,vacation,employed,free,little,little,1,0.188504489,286.1505962,Adult,Below_Avg
63,12978.91882,7737.735723,10,0.584268635,3.862095561,medical,self-employed,free,little,little,1,0.596177219,773.7735723,Senior,Low
30,25093.98384,10889.2521,7,0.212868802,1.338679408,education,employed,rent,moderate,moderate,0,0.433938755,1555.607443,Adult,Low
33,16496.34221,4439.402953,6,0.197728967,1.791706923,car,self-employed,own,moderate,little,0,0.269114383,739.9004922,Adult,Low
38,25529.00382,10734.28563,6,0.450209383,1.406062989,car,employed,own,little,little,0,0.420474128,1789.047605,Middle,Low
50,21324.54147,962.219678,9,-0.008112924,5.251572851,education,unemployed,own,little,rich,0,0.045122643,106.9132976,Middle,Low
42,23074.14086,2111.076943,33,0.18835341,4.031903728,car,retired,free,little,moderate,0,0.091491031,63.97202857,Middle,Low
24,16731.31821,5603.222297,13,0.179058608,0.405911578,car,self-employed,own,rich,little,0,0.334894252,431.0170998,Young,Low
33,17068.12597,6397.783148,10,0.442526337,3.738297021,business,employed,rent,quite_rich,moderate,0,0.374838055,639.7783148,Adult,Low
32,25428.7641,2369.831584,6,0.184583892,7.831647043,business,employed,free,rich,rich,0,0.093194918,394.9719306,Adult,Low
39,35307.74955,6048.321007,6,0.266952579,0.423404605,vacation,employed,rent,rich,little,0,0.171302932,1008.053501,Middle,Below_Avg
45,16331.65181,2983.725006,60,0.026110211,11.0245239,car,employed,rent,moderate,little,0,0.18269585,49.72875011,Middle,Low
45,14265.74129,3938.017585,6,0.307502455,4.317384433,car,employed,own,little,moderate,0,0.276047175,656.3362641,Middle,Low
18,29933.39671,11156.96271,6,0.305850838,15.04150153,vacation,self-employed,own,rich,rich,1,0.37272625,1859.493785,Young,Below_Avg
52,21671.38603,10169.51702,26,0.328645867,0.801672572,business,employed,own,little,little,1,0.469260111,391.1352701,Senior,Low
43,33364.54429,2213.54756,13,0.024957534,25.23001669,vacation,employed,free,little,little,0,0.066344307,170.2728892,Middle,Below_Avg
56,14004.04357,2109.484387,6,0.06013615,5.167956597,medical,employed,free,rich,rich,0,0.150633949,351.5807312,Senior,Low
45,9047.83279,3537.095834,60,0.483007982,4.190797705,vacation,unemployed,own,quite_rich,little,0,0.390932936,58.95159723,Middle,Low
53,16873.47193,4810.724421,17,0.336412117,3.620915494,education,employed,own,moderate,little,0,0.285105783,282.9837895,Senior,Low
45,15015.28101,2903.526202,6,0.078126973,0.119693147,furniture,employed,rent,quite_rich,little,0,0.193371419,483.9210337,Middle,Low
56,21175.62002,11299.50224,33,0.461186907,14.03707626,education,unemployed,own,moderate,little,1,0.533609039,342.4091588,Senior,Low
46,16019.74644,6489.31251,6,0.367012356,5.164045113,education,employed,own,little,rich,0,0.405082099,1081.552085,Middle,Low
38,31904.69561,6801.293461,11,0.205934798,0.480498121,furniture,self-employed,own,moderate,little,1,0.213175313,618.2994055,Middle,Below_Avg
67,19071.01398,1784.277654,32,0.194197491,0.10587391,business,self-employed,free,rich,moderate,1,0.093559664,55.7586767,Senior,Low
50,23747.61182,12504.35889,60,0.595630502,0.260592591,car,employed,free,moderate,little,0,0.526552269,208.4059815,Middle,Low
46,23832.78134,514.8445149,8,0.026741565,4.700302071,business,employed,rent,rich,moderate,0,0.021602368,64.35556436,Middle,Low
24,24281.68269,9578.194249,6,0.368396832,4.759789226,car,unemployed,rent,moderate,little,0,0.394461717,1596.365708,Young,Low
24,21762.32287,10378.06154,15,0.299546665,3.462409927,furniture,employed,own,moderate,little,0,0.476882068,691.8707696,Young,Low
43,28432.84714,3477.535215,51,0.251506727,1.831937079,vacation,employed,rent,little,rich,0,0.122306964,68.18696499,Middle,Below_Avg
41,14796.89193,13606.84391,19,0.8748648,3.793687077,car,employed,own,little,little,1,0.91957446,716.1496795,Middle,Low
32,44342.94783,4672.838387,16,0.26086354,3.631470818,education,employed,own,little,moderate,0,0.105379516,292.0523992,Adult,Below_Avg
41,19569.57432,5166.472137,6,0.28361627,0.098032588,car,employed,own,moderate,rich,0,0.264005341,861.0786895,Middle,Low
59,11432.61405,6448.630295,16,0.766584049,1.659697239,vacation,unemployed,own,rich,little,1,0.564055628,403.0393935,Senior,Low
48,24198.27621,62897.38887,38,2.659882957,0.273259596,vacation,unemployed,rent,rich,little,1,2.599250803,1655.194444,Middle,Low
26,14391.7407,14408.11872,8,0.857936052,11.52066903,medical,employed,free,little,little,1,1.001138015,1801.01484,Adult,Low
38,30719.94102,8611.940595,6,0.218895598,6.458980059,vacation,employed,rent,moderate,little,0,0.280337146,1435.323433,Middle,Below_Avg
30,66489.73062,2367.894424,11,0.018699438,27.75338052,business,employed,rent,moderate,moderate,0,0.035612935,215.2631295,Adult,Average
35,14864.24516,5513.042129,8,0.283514553,1.798907846,car,unemployed,own,moderate,little,0,0.370892842,689.1302662,Adult,Low
35,26008.69454,2564.453629,11,0.060893778,10.53862272,furniture,employed,rent,moderate,rich,0,0.09859986,233.1321481,Adult,Low
34,9156.755626,9487.103963,6,0.899383091,4.619778513,furniture,employed,rent,little,rich,0,1.036077007,1581.183994,Adult,Low
24,27638.15749,5499.286198,7,0.199546542,3.01767883,education,self-employed,own,quite_rich,rich,0,0.198974414,785.612314,Young,Low
38,14145.37649,1998.960664,31,0.165056675,1.258828366,business,employed,own,quite_rich,little,0,0.14131548,64.48260205,Middle,Low
33,16116.23924,5244.313715,9,0.224994611,6.704543553,car,employed,rent,little,little,0,0.325405551,582.7015239,Adult,Low
18,12699.99343,2491.066035,60,0.390172463,11.72437149,car,employed,own,rich,little,0,0.196147033,41.51776725,Young,Low
64,31763.57948,5546.780659,22,0.180978391,1.341413306,furniture,self-employed,own,little,moderate,0,0.174627065,252.1263936,Senior,Below_Avg
53,36448.37587,2471.889574,8,-0.013855164,0.96422569,car,self-employed,own,little,little,0,0.067818922,308.9861968,Senior,Below_Avg
35,22285.52419,5024.042194,6,0.062485784,5.957289139,business,self-employed,own,quite_rich,rich,0,0.225439714,837.3403657,Adult,Low
40,14296.73756,8958.659537,20,0.632616936,18.85547453,education,employed,rent,moderate,moderate,0,0.626622647,447.9329769,Middle,Low
25,48764.67799,4710.542715,6,0.07054858,6.930573908,business,employed,rent,little,moderate,0,0.096597433,785.0904525,Young,Below_Avg
60,15135.44974,3594.964468,47,0.315823592,1.674432646,car,self-employed,own,moderate,moderate,1,0.237519501,76.48860569,Senior,Low
62,7472.492198,5782.671065,6,0.759524078,2.723251617,medical,unemployed,free,rich,moderate,1,0.773861104,963.7785108,Senior,Low
41,27700.18872,8584.779568,6,0.19054585,2.425120452,car,employed,rent,rich,little,1,0.309917729,1430.796595,Middle,Low
52,12677.86278,2026.880892,6,0.326947428,9.555926126,furniture,employed,own,little,little,0,0.159875598,337.813482,Senior,Low
42,36109.2519,6054.305336,16,0.211228807,7.378268547,business,self-employed,rent,rich,little,0,0.167666319,378.3940835,Middle,Below_Avg
23,18204.62846,14101.44644,32,0.749196887,4.445511484,car,employed,own,rich,moderate,1,0.774607758,440.6702011,Young,Low
35,29787.87231,7776.997137,6,0.277543163,1.607636131,car,employed,rent,moderate,little,0,0.26107931,1296.16619,Adult,Below_Avg
41,44389.14219,5147.175092,15,0.163359919,13.90217937,car,employed,rent,moderate,rich,0,0.115955723,343.1450061,Middle,Below_Avg
34,12034.95448,8199.184732,6,0.538395248,5.296696703,education,retired,own,little,rich,1,0.681280909,1366.530789,Adult,Low
37,16597.89957,7058.565797,14,0.441038039,17.61286841,vacation,self-employed,rent,little,little,0,0.425268617,504.1832712,Middle,Low
38,21208.65143,8981.129091,6,0.378453007,4.338896283,education,employed,rent,moderate,moderate,0,0.423465354,1496.854848,Middle,Low
39,47513.80881,973.4580298,14,0.071217896,8.607234579,education,self-employed,own,rich,little,0,0.020487897,69.53271642,Middle,Below_Avg
40,15848.15932,1418.329562,13,0.015476716,8.386051736,furniture,employed,own,rich,little,0,0.089494908,109.102274,Middle,Low
27,16362.51214,10980.358,6,0.610597797,2.057381522,car,employed,own,moderate,rich,0,0.671067982,1830.059667,Adult,Low
31,27975.10504,1474.0613,21,0.218979005,16.62406072,car,employed,own,rich,rich,0,0.052691895,70.19339521,Adult,Low
24,16504.45523,6776.60087,15,0.533683427,0.110928808,vacation,employed,own,rich,moderate,1,0.410592217,451.7733913,Young,Low
51,23771.98205,3708.416612,17,-0.173556648,7.320434369,car,unemployed,own,moderate,rich,0,0.15599947,218.1421536,Senior,Low
18,10139.87845,2215.090642,13,0.334129571,16.84225993,medical,employed,own,little,moderate,0,0.218453372,170.3915878,Young,Low
53,66646.9772,6501.05536,23,0.090179437,2.069312866,car,employed,own,little,moderate,0,0.097544639,282.6545809,Senior,Average
56,11227.76924,5772.305249,13,0.443291509,5.222191613,business,unemployed,rent,little,little,0,0.514109716,444.0234807,Senior,Low
36,18753.27435,26589.56492,45,1.317145052,4.130231007,medical,employed,free,little,little,1,1.417862525,590.8792205,Middle,Low
18,21671.63371,2981.408254,51,0.042660157,7.167083088,furniture,employed,free,little,little,0,0.13757192,58.45898537,Young,Low
35,57316.5142,15554.23295,23,0.203380776,10.05622067,business,employed,own,rich,little,0,0.27137437,676.2709979,Adult,Average
39,11356.85845,6515.494129,43,0.460992415,4.619656349,furniture,retired,rent,little,moderate,1,0.573705674,151.5231193,Middle,Low
27,59388.27336,2896.280176,46,-0.086691413,8.461505518,furniture,employed,free,little,moderate,0,0.048768553,62.96261253,Adult,Average
33,32163.52774,9315.147951,6,0.185580339,1.871908042,car,employed,free,quite_rich,moderate,1,0.289618354,1552.524659,Adult,Below_Avg
58,27134.13103,7727.887386,60,0.317142587,1.297657285,vacation,employed,rent,rich,little,1,0.284803201,128.7981231,Senior,Low
47,13462.76703,5057.738046,6,0.380692411,2.81645495,car,retired,rent,rich,little,0,0.375683397,842.956341,Middle,Low
28,29306.67606,6081.680198,6,0.263104239,5.661930271,car,self-employed,own,little,little,0,0.207518594,1013.613366,Adult,Below_Avg
20,15340.57701,3048.516553,58,0.192085434,1.036639829,medical,employed,own,moderate,little,0,0.198722418,52.56063022,Young,Low
36,41495.09999,2538.60577,6,-0.069489486,5.702677449,furniture,self-employed,own,moderate,rich,0,0.061178447,423.1009616,Middle,Below_Avg
37,13554.43373,9023.194782,15,0.715144701,2.505149202,furniture,self-employed,own,moderate,moderate,1,0.665700608,601.5463188,Middle,Low
45,20814.82501,4108.644553,60,0.096921372,7.937777294,medical,self-employed,free,moderate,little,0,0.1973903,68.47740921,Middle,Low
33,16686.63629,4609.771651,6,0.340916726,0.187656953,furniture,self-employed,own,moderate,moderate,0,0.276255296,768.2952752,Adult,Low
46,13443.33225,6147.84736,6,0.340723734,5.512840079,furniture,employed,free,quite_rich,moderate,0,0.457315734,1024.641227,Middle,Low
63,31909.52739,6076.782713,16,0.121690216,5.246573219,vacation,self-employed,rent,little,moderate,1,0.190437879,379.7989195,Senior,Below_Avg
49,28788.4451,1566.405563,25,0.018271748,14.14562404,furniture,self-employed,own,little,little,0,0.054410912,62.65622252,Middle,Below_Avg
39,40316.05676,13752.85433,29,0.408566459,6.247772792,car,employed,own,moderate,moderate,0,0.341125979,474.2363562,Middle,Below_Avg
37,9045.859751,5415.0951,38,0.616226638,7.955581328,furniture,employed,own,moderate,rich,1,0.598626913,142.5025026,Middle,Low
35,37499.59272,4179.209487,6,0.113446929,11.74791266,business,employed,rent,little,rich,0,0.111446797,696.5349145,Adult,Below_Avg
54,77089.66105,6937.361571,8,0.278557695,5.62044929,car,self-employed,rent,rich,little,0,0.089990817,867.1701964,Senior,Average
32,17574.06396,5938.630053,22,0.154221818,1.713533598,furniture,self-employed,free,moderate,little,1,0.337920134,269.9377297,Adult,Low
40,56816.05971,9078.37192,22,0.055947549,10.19241169,furniture,employed,own,moderate,little,1,0.159785314,412.6532691,Middle,Average
40,19310.79151,7558.189359,6,0.283278333,6.883267311,car,self-employed,own,moderate,moderate,0,0.391397181,1259.698227,Middle,Low
33,11089.9562,8727.873058,6,0.60994176,2.762038181,business,self-employed,own,rich,rich,1,0.787006991,1454.64551,Adult,Low
23,18905.03899,14483.93125,6,0.694189354,6.198503781,car,unemployed,own,quite_rich,moderate,0,0.766141306,2413.988542,Young,Low
43,37201.41153,9965.651797,40,0.336660617,10.11299569,education,employed,rent,little,little,1,0.267883701,249.1412949,Middle,Below_Avg
39,14485.62068,4322.594258,43,0.239241131,18.57655482,education,employed,own,little,moderate,0,0.298405871,100.5254479,Middle,Low
46,16314.84438,2001.553834,6,0.089382689,15.21952106,car,self-employed,rent,little,moderate,1,0.122682987,333.5923057,Middle,Low
33,29636.72901,18661.88237,7,0.457432171,1.967641877,car,employed,own,rich,little,0,0.629687654,2665.983195,Adult,Below_Avg
54,22060.19337,4063.586761,8,0.104551937,2.738258218,car,employed,own,moderate,little,0,0.184204494,507.9483452,Senior,Low
29,29504.89546,3366.113418,60,0.067916736,0.580066416,car,employed,rent,rich,moderate,0,0.114086607,56.1018903,Adult,Below_Avg
60,24807.83403,1224.904972,51,0.113615775,1.422065686,education,self-employed,rent,quite_rich,moderate,0,0.049375732,24.01774454,Senior,Low
19,27995.88068,6443.186432,17,0.06265602,10.70323302,business,employed,own,moderate,moderate,1,0.23014766,379.0109666,Young,Low
45,17744.82862,5536.452785,6,0.266502859,2.238079975,car,employed,rent,little,little,0,0.312003734,922.7421308,Middle,Low
45,24732.30273,1462.508003,6,0.167815318,4.845197248,education,employed,own,little,little,0,0.059133515,243.7513338,Middle,Low
30,13853.78137,7062.958076,10,0.46531335,5.482556761,medical,employed,rent,little,moderate,1,0.509821679,706.2958076,Adult,Low
45,41949.29102,3299.236851,57,-0.132907927,7.612386906,car,unemployed,free,rich,rich,1,0.078648215,57.88134826,Middle,Below_Avg
55,16040.34904,42287.71959,6,2.764251706,1.009357265,furniture,employed,rent,little,rich,1,2.636334128,7047.953265,Senior,Low
18,38732.09036,3116.640838,28,0.153956326,1.817872992,business,employed,own,moderate,moderate,0,0.080466631,111.3086014,Young,Below_Avg
46,19598.26889,3469.776058,6,0.263984745,2.974083663,car,employed,rent,little,rich,1,0.177045028,578.2960097,Middle,Low
18,24367.35256,2441.038935,12,-0.074201748,2.269400071,business,employed,rent,little,little,0,0.100176617,203.4199112,Young,Low
28,17197.47285,13661.01202,26,0.945607171,20.34491439,medical,unemployed,own,little,rich,1,0.794361598,525.4235393,Adult,Low
59,13253.30566,3647.434652,21,0.197881818,9.007255505,car,retired,rent,moderate,little,0,0.275209427,173.6873644,Senior,Low
33,9206.083608,2751.960036,26,0.247984526,3.266621269,vacation,employed,own,little,moderate,0,0.298928421,105.8446168,Adult,Low
25,12995.23357,8652.157648,30,0.595516984,10.57093626,furniture,employed,rent,moderate,little,1,0.665794701,288.4052549,Young,Low
37,18733.06781,1628.993554,6,0.181651902,2.135892848,car,employed,own,moderate,rich,0,0.086958184,271.4989257,Middle,Low
64,24488.02715,8103.800572,8,0.312949256,7.704886804,furniture,employed,free,quite_rich,moderate,0,0.330929091,1012.975071,Senior,Low
18,36504.45755,20437.35787,30,0.608033344,1.265924012,car,self-employed,rent,rich,little,1,0.55985924,681.2452624,Young,Below_Avg
27,17625.83972,7733.263713,6,0.446335934,7.399115638,education,employed,own,moderate,little,0,0.438745832,1288.877285,Adult,Low
57,14171.94546,8187.129713,13,0.568195575,3.048199207,car,self-employed,own,rich,little,1,0.577699775,629.7792087,Senior,Low
62,10706.88859,9858.094502,45,0.82604608,0.568640023,business,self-employed,own,little,little,0,0.920724487,219.0687667,Senior,Low
38,28002.01663,19298.18681,38,0.870385381,1.595949385,furniture,employed,own,moderate,little,1,0.689171322,507.8470214,Middle,Low
25,43984.70583,12937.88578,29,0.147805739,2.57311934,furniture,self-employed,own,moderate,moderate,0,0.294145102,446.1339923,Young,Below_Avg
65,41488.23342,6986.505473,6,0.209622673,6.91735,car,self-employed,own,little,rich,0,0.168397275,1164.417579,Senior,Below_Avg
59,31412.6631,10128.54668,39,0.360100807,0.378915336,furniture,employed,own,rich,rich,0,0.322435148,259.7063253,Senior,Below_Avg
48,30311.17267,2419.344851,43,0.195252562,5.387390904,car,unemployed,own,little,little,0,0.079816933,56.26383374,Middle,Below_Avg
30,51472.95947,9145.661315,19,0.316487952,6.294145367,business,self-employed,own,little,little,0,0.177678949,481.3505955,Adult,Below_Avg
39,26004.91222,2198.554159,6,0.070804942,5.305446376,car,employed,rent,little,little,0,0.084543802,366.4256932,Middle,Low
38,30426.36673,3664.261397,12,0.173469892,7.149552072,education,unemployed,own,rich,little,0,0.120430462,305.3551164,Middle,Below_Avg
43,18762.36103,417.3604596,25,0.198731931,0.98110017,car,self-employed,own,little,rich,0,0.02224456,16.69441838,Middle,Low
57,11147.58671,6776.010104,30,0.601327795,4.422789859,business,employed,own,little,moderate,1,0.607845472,225.8670035,Senior,Low
50,15647.64256,2936.290682,7,0.081007327,14.16338795,education,employed,rent,rich,moderate,0,0.187650675,419.4700975,Middle,Low
27,21925.82579,11955.135,7,0.506806768,3.580633891,furniture,unemployed,own,little,little,0,0.54525358,1707.876429,Adult,Low
56,22706.1862,6715.369198,23,0.165286044,4.725204773,business,employed,own,quite_rich,moderate,0,0.295750644,291.9725738,Senior,Low
43,57707.52889,12079.64056,20,0.24650689,6.667364375,furniture,employed,own,rich,rich,1,0.209325209,603.9820278,Middle,Average
48,22940.02737,2065.489998,12,0.19648431,2.026357375,vacation,employed,own,moderate,little,0,0.090038689,172.1241665,Middle,Low
57,39712.51761,11279.12363,9,0.271915206,6.027802008,business,employed,own,moderate,rich,0,0.284019355,1253.235959,Senior,Below_Avg
26,17720.21539,26494.3048,19,1.333049749,12.39863046,education,self-employed,own,quite_rich,little,0,1.495145754,1394.437094,Adult,Low
39,18847.99945,9057.302704,6,0.582709596,0.054776317,vacation,employed,rent,moderate,little,0,0.480544512,1509.550451,Middle,Low
33,11333.25022,9249.078528,6,0.638471253,10.20545377,vacation,employed,rent,little,rich,1,0.816101149,1541.513088,Adult,Low
21,15196.73671,5628.949652,15,0.21580968,1.233457781,education,unemployed,free,rich,moderate,0,0.370405157,375.2633102,Young,Low
44,28666.67839,3230.089018,6,0.094843639,3.043325005,car,self-employed,rent,little,little,0,0.112677478,538.3481696,Middle,Below_Avg
70,22109.88539,9035.837539,26,0.433857149,9.564478886,education,unemployed,rent,little,little,0,0.408678624,347.5322131,Senior,Low
18,35294.03717,1473.113801,26,0.083963069,8.683860664,furniture,employed,free,rich,moderate,0,0.04173832,56.65822313,Young,Below_Avg
39,24115.90775,3518.520614,22,0.139286446,11.12476389,education,self-employed,own,little,moderate,0,0.145900401,159.9327552,Middle,Low
47,18467.60018,1191.721951,42,0.240534794,14.1019075,education,self-employed,rent,rich,rich,0,0.064530418,28.37433218,Middle,Low
41,64482.45381,2799.160691,6,0.049926483,2.963405728,education,employed,own,little,little,0,0.043409649,466.5267819,Middle,Average
38,21016.18671,8214.334966,6,0.494324347,5.340858854,business,self-employed,rent,rich,moderate,0,0.390857537,1369.055828,Middle,Low
24,39399.18796,7363.677159,6,0.265594668,2.475404791,business,employed,own,little,little,0,0.186899211,1227.279527,Young,Below_Avg
42,18022.84496,5119.084822,27,0.154745743,2.159430834,car,employed,rent,moderate,moderate,1,0.284033116,189.5957342,Middle,Low
30,31407.42911,5632.568283,13,0.162365676,2.824609043,car,self-employed,free,little,moderate,0,0.179338725,433.2744833,Adult,Below_Avg
18,35031.67144,1087.142861,6,0.243365194,6.794877411,education,employed,own,little,little,0,0.031033143,181.1904769,Young,Below_Avg
54,24446.58923,3648.057728,6,0.098790547,3.480164172,furniture,self-employed,rent,little,little,0,0.149225632,608.0096213,Senior,Low
51,6786.96092,2849.556693,40,0.352395484,8.411647436,business,employed,own,little,little,1,0.419857537,71.23891733,Senior,Low
40,22228.40446,2900.83019,21,0.147558611,6.836744372,car,self-employed,own,quite_rich,little,0,0.130501053,138.134771,Middle,Low
42,40750.77039,7939.955123,13,0.147989848,0.103455261,car,employed,rent,moderate,little,0,0.194841841,610.7657787,Middle,Below_Avg
52,28673.83796,2469.063329,60,0.006738117,4.974480742,education,employed,own,moderate,little,1,0.086108575,41.15105549,Senior,Below_Avg
42,27526.91239,3029.810393,34,0.061738869,2.868570853,education,employed,own,moderate,little,0,0.110067208,89.11207038,Middle,Low
50,9310.252889,925.5096913,6,0.242608545,3.049814656,car,employed,own,quite_rich,moderate,0,0.099407578,154.2516152,Middle,Low
36,15363.84752,3884.313165,12,0.239159773,8.52900221,furniture,self-employed,rent,moderate,little,0,0.252821643,323.6927638,Middle,Low
55,27056.39893,2058.494073,11,-0.056725905,3.966030938,car,self-employed,own,rich,little,0,0.076081598,187.1358248,Senior,Low
43,27043.22088,5236.257701,33,0.042450866,10.84122491,car,employed,free,little,rich,1,0.19362552,158.6744758,Middle,Low
42,40430.24369,2296.435834,6,0.277480444,6.237979571,car,employed,rent,moderate,little,0,0.05679995,382.7393057,Middle,Below_Avg
24,20487.42623,5343.487435,10,0.238484461,4.024194131,education,employed,own,little,little,0,0.260817897,534.3487435,Young,Low
43,26981.6435,4377.580228,18,0.205700755,7.023065164,vacation,self-employed,own,moderate,moderate,0,0.162242905,243.1989016,Middle,Low
30,22207.53936,18725.34848,52,0.766060084,0.195518665,car,employed,free,little,little,1,0.843197807,360.1028553,Adult,Low
32,13447.2329,7315.67353,41,0.576126769,0.137285883,car,employed,rent,rich,moderate,0,0.544028172,178.4310617,Adult,Low
30,7130.269669,1128.099573,13,0.304145715,0.435144123,business,employed,rent,little,little,0,0.15821275,86.77689022,Adult,Low
27,27323.56638,1786.634434,16,0.000161721,2.877401426,vacation,employed,rent,moderate,little,0,0.065388039,111.6646521,Adult,Low
65,24027.96416,5136.701429,34,0.259638813,1.34234022,car,employed,own,little,rich,1,0.213780135,151.0794538,Senior,Low
55,16169.99234,2335.827837,24,0.003879853,20.75816138,furniture,employed,rent,little,little,1,0.14445448,97.32615987,Senior,Low
63,9802.703282,457.2842807,38,0.248935405,3.907598934,car,employed,rent,little,little,0,0.046648793,12.03379686,Senior,Low
25,30178.03911,14467.16751,40,0.506247481,5.429700793,car,employed,own,little,little,1,0.479393888,361.6791877,Young,Below_Avg
40,19284.17254,8744.491284,32,0.412174932,1.634333543,education,employed,free,moderate,little,1,0.453454317,273.2653526,Middle,Low
24,29098.36777,7456.053254,6,0.226448721,3.580633891,medical,employed,own,moderate,little,0,0.256236134,1242.675542,Young,Below_Avg
31,55939.40136,3023.412876,6,0.003044185,2.043315437,business,employed,own,moderate,little,0,0.054048002,503.902146,Adult,Average
28,7549.861969,6919.794951,9,0.870655373,5.998836718,medical,employed,own,moderate,moderate,0,0.916545889,768.8661057,Adult,Low
54,15524.88649,2797.584767,20,-0.0645495,3.209478408,furniture,self-employed,rent,moderate,moderate,0,0.180200014,139.8792383,Senior,Low
35,19837.15936,5789.989981,6,0.282079389,3.645775288,vacation,unemployed,own,moderate,moderate,0,0.291875962,964.9983302,Adult,Low
52,45588.6056,2353.204792,7,0.037630398,4.482477069,car,self-employed,own,little,moderate,0,0.051618266,336.1721131,Senior,Below_Avg
47,9718.615902,16531.62944,9,1.749893296,7.322612799,car,employed,free,little,rich,1,1.701027142,1836.847715,Middle,Low
67,57984.47103,1399.416547,55,-0.028180041,0.473585395,business,self-employed,own,little,rich,0,0.024134333,25.44393722,Senior,Average
22,23574.66626,13171.71575,10,0.481619687,7.500091256,furniture,employed,own,moderate,little,0,0.558723318,1317.171575,Young,Low
55,20994.16181,5070.185392,6,0.240727046,4.141800718,furniture,employed,own,rich,rich,0,0.24150454,845.0308987,Senior,Low
53,19949.71464,3322.345883,6,0.005299199,5.529626491,business,employed,own,moderate,little,0,0.16653601,553.7243139,Senior,Low
28,17709.71227,5617.277177,6,0.331528566,1.984150721,furniture,employed,own,little,moderate,0,0.317186247,936.2128628,Adult,Low
52,37199.78943,8836.785036,50,0.051367404,2.632970111,education,employed,own,little,moderate,1,0.23754933,176.7357007,Senior,Below_Avg
44,12909.76942,14667.61659,55,1.248245968,1.314399815,car,employed,own,little,rich,0,1.136164103,266.6839379,Middle,Low
37,26178.84945,6313.935278,13,0.309611593,3.580633891,business,employed,rent,moderate,little,0,0.241184598,485.6873291,Middle,Low
30,18176.94237,2410.147268,18,0.03997507,3.435855092,furniture,unemployed,own,moderate,moderate,1,0.132593657,133.8970705,Adult,Low
31,15046.99038,5138.436344,28,0.407606433,27.70438574,education,unemployed,rent,little,little,0,0.341492632,183.5155837,Adult,Low
64,80256.86543,21024.30838,6,0.273114163,3.364624952,car,retired,own,rich,rich,0,0.26196274,3504.051397,Senior,Above_Avg
40,27160.67319,14445.56128,8,0.430954766,1.240712592,business,employed,own,little,rich,0,0.531855789,1805.69516,Middle,Low
49,29930.48402,10168.10137,18,0.137436305,3.540820833,education,unemployed,own,moderate,little,0,0.33972392,564.8945207,Middle,Below_Avg
30,38905.40206,9288.660333,41,0.270393455,0.202004019,car,self-employed,own,moderate,little,1,0.238749887,226.552691,Adult,Below_Avg
30,10821.87716,8600.366284,23,0.715292191,11.75729088,car,unemployed,rent,moderate,little,1,0.794720376,373.9289689,Adult,Low
52,52899.33012,12419.26118,7,0.344268572,8.533882648,car,employed,own,quite_rich,little,0,0.234771615,1774.180169,Senior,Below_Avg
23,6282.488323,3410.782348,43,0.544306467,6.469861765,education,self-employed,free,little,rich,0,0.542903094,79.32051971,Young,Low
35,14997.16999,1662.256254,19,0.040879725,4.705821596,education,employed,rent,little,moderate,0,0.110837995,87.48717124,Adult,Low
40,17509.2425,5193.706071,31,0.476410416,4.335529819,car,employed,own,rich,little,1,0.296626543,167.5389055,Middle,Low
41,29462.15044,2555.325088,8,0.14437712,28.61209645,business,employed,own,little,moderate,0,0.08673247,319.415636,Middle,Below_Avg
37,24571.90837,2113.252261,6,-0.279505878,1.628632931,vacation,unemployed,own,quite_rich,moderate,0,0.086002773,352.2087102,Middle,Low
44,20263.8265,2762.184521,6,0.087671925,7.56347029,car,employed,own,little,little,1,0.136311102,460.3640868,Middle,Low
48,21894.73175,35891.33354,47,1.500859119,4.354254323,furniture,employed,rent,little,little,0,1.639268018,763.6453944,Middle,Low
48,13507.33957,5480.215518,6,0.325741517,18.62368226,education,unemployed,rent,moderate,moderate,0,0.405721311,913.369253,Middle,Low
28,10418.97355,6565.121338,16,0.615638863,8.795585866,education,employed,own,little,little,1,0.630112103,410.3200836,Adult,Low
36,31674.13864,1848.462986,9,0.093763596,32.59586948,car,unemployed,own,little,little,0,0.058358745,205.3847762,Middle,Below_Avg
54,31158.83328,1124.391898,10,0.062222389,4.437605312,car,self-employed,own,quite_rich,little,1,0.036085815,112.4391898,Senior,Below_Avg
50,48642.22149,2552.319635,9,0.160258588,1.144198452,car,employed,rent,little,rich,1,0.05247128,283.5910706,Middle,Below_Avg
23,14838.66349,15530.42789,6,1.110278888,3.502742874,education,employed,own,moderate,little,0,1.04661905,2588.404648,Young,Low
44,31144.95663,6421.585783,6,0.263658502,6.208566059,education,employed,free,little,rich,0,0.206183809,1070.264297,Middle,Below_Avg
18,19113.43244,7933.710193,6,0.435234813,7.444080908,car,retired,rent,little,moderate,0,0.41508558,1322.285032,Young,Low
40,39944.14941,8873.750639,6,0.350833837,0.002550596,furniture,unemployed,free,little,little,0,0.222153952,1478.95844,Middle,Below_Avg
62,36716.49501,3062.296783,6,0.051776189,3.516261211,furniture,employed,own,little,moderate,0,0.083403843,510.3827972,Senior,Below_Avg
28,24479.82773,14918.72579,21,0.580399035,1.340930663,vacation,employed,rent,little,little,1,0.609429362,710.4155137,Adult,Low
29,18587.32028,2962.396715,6,-0.031180046,10.39368228,car,employed,rent,quite_rich,rich,1,0.159377289,493.7327858,Adult,Low
49,35613.00251,15138.34015,6,0.530695423,0.829714771,education,self-employed,rent,moderate,rich,0,0.425079018,2523.056691,Middle,Below_Avg
21,30438.1569,7001.234187,19,0.222322475,5.489906183,business,employed,own,rich,little,0,0.23001505,368.4860098,Young,Below_Avg
32,15643.01545,1174.695068,6,0.368454473,1.54665491,vacation,employed,free,little,moderate,0,0.075093902,195.7825114,Adult,Low
47,11340.10304,2701.580931,43,0.197679216,2.204493724,business,self-employed,free,little,little,0,0.238232485,62.82746352,Middle,Low
32,19067.36568,1178.560637,11,0.070668168,14.11387721,car,employed,own,moderate,little,1,0.061810355,107.1418761,Adult,Low
37,46990.79017,12464.3233,59,0.31990084,1.375133292,vacation,employed,rent,rich,little,0,0.265250345,211.2597169,Middle,Below_Avg
48,39075.21195,4818.469682,6,0.013122697,0.499116935,business,self-employed,own,little,moderate,0,0.123312695,803.0782804,Middle,Below_Avg
45,12630.07641,826.6042537,6,0.10130206,0.359010326,business,employed,rent,little,little,1,0.065447288,137.7673756,Middle,Low
43,12284.84038,6638.209187,16,0.543823932,3.512101316,car,employed,rent,little,little,0,0.540357789,414.8880742,Middle,Low
35,41661.88349,3197.960654,7,0.046391048,5.132083509,car,self-employed,own,little,rich,1,0.076759867,456.851522,Adult,Below_Avg
44,12483.73714,1499.602446,15,0.237384877,1.982231824,business,employed,own,rich,moderate,0,0.120124481,99.9734964,Middle,Low
38,28414.29555,18814.30323,11,0.571767295,5.860106047,medical,self-employed,own,little,rich,1,0.662142167,1710.391203,Middle,Below_Avg
45,16187.01072,5355.228717,10,0.358325151,0.314878547,business,unemployed,own,little,little,1,0.33083494,535.5228717,Middle,Low
34,49440.36438,3886.463426,34,0.224075547,9.736267827,vacation,self-employed,own,moderate,moderate,0,0.078609118,114.3077478,Adult,Below_Avg
37,14984.73957,3570.497337,6,0.167613393,8.479534721,education,self-employed,rent,little,rich,0,0.238275568,595.0828895,Middle,Low
28,39014.19234,1464.657088,12,0.00785305,21.16674759,furniture,self-employed,rent,rich,little,0,0.037541648,122.0547574,Adult,Below_Avg
39,24159.41231,1730.837856,9,0.306172839,13.78396908,business,employed,own,rich,moderate,0,0.071642382,192.3153174,Middle,Low
30,24986.66164,13738.17081,20,0.597259287,2.201813775,business,employed,rent,little,little,1,0.54982018,686.9085404,Adult,Low
26,8224.277331,3364.025846,6,0.358416294,2.548093296,business,employed,own,moderate,moderate,0,0.409036042,560.6709743,Adult,Low
43,7321.301,5002.305378,13,0.763516091,6.851413129,medical,self-employed,own,moderate,moderate,1,0.683253615,384.7927214,Middle,Low
42,19726.47715,957.7009984,11,-0.008260342,0.719829773,furniture,employed,rent,little,rich,0,0.048549013,87.06372713,Middle,Low
49,24920.67431,1712.186301,60,-0.087786136,1.884495475,car,employed,own,moderate,moderate,0,0.068705456,28.53643835,Middle,Low
34,12549.06056,8005.227269,25,0.775150861,0.630883592,medical,self-employed,own,moderate,rich,1,0.637914466,320.2090908,Adult,Low
44,12780.21173,6648.652012,6,0.409924267,3.033805778,car,employed,own,moderate,little,0,0.520230193,1108.108669,Middle,Low
46,29165.34052,19984.25833,12,0.930376988,4.014858,business,self-employed,rent,rich,little,0,0.685205726,1665.354861,Middle,Below_Avg
45,29185.49856,14391.0975,27,0.444157448,1.185961814,vacation,employed,rent,little,little,1,0.493090686,533.0036112,Middle,Below_Avg
30,20560.54999,4086.447223,13,0.412078312,0.134963675,furniture,employed,own,moderate,little,0,0.198751844,314.3420941,Adult,Low
41,32535.94837,7175.03452,7,0.083659261,6.353338586,vacation,employed,own,rich,little,0,0.220526368,1025.004931,Middle,Below_Avg
44,12245.31694,3815.081268,8,0.414103668,0.101039886,furniture,employed,rent,little,rich,0,0.31155431,476.8851585,Middle,Low
40,18435.48357,25434.14534,8,1.429602581,18.13471074,business,employed,own,quite_rich,little,1,1.379629953,3179.268167,Middle,Low
18,50208.45927,12322.86498,6,0.329208662,1.252620354,car,employed,own,little,little,1,0.24543404,2053.810829,Young,Below_Avg
41,22791.91314,5629.343308,23,0.343790897,5.451734092,business,employed,own,rich,rich,0,0.246988626,244.7540568,Middle,Low
66,23462.44314,5769.356499,16,0.196123002,2.852451109,business,self-employed,free,rich,little,0,0.245897517,360.5847812,Senior,Low
35,69770.96953,15613.32866,6,0.092895345,0.307642534,furniture,employed,rent,moderate,moderate,0,0.223779729,2602.221444,Adult,Average
31,10941.6175,7813.921877,17,0.709055096,3.195033978,business,self-employed,rent,little,little,1,0.714146869,459.6424633,Adult,Low
44,32801.02957,17101.17432,6,0.543663926,3.636215835,medical,self-employed,rent,little,little,0,0.521360901,2850.19572,Middle,Below_Avg
43,50614.48808,849.8685233,6,-0.030393449,9.64419574,business,employed,rent,little,little,0,0.016791013,141.6447539,Middle,Below_Avg
54,18724.18039,7108.045633,24,0.407373916,6.590358231,medical,employed,own,little,little,1,0.379618519,296.168568,Senior,Low
24,33854.09999,3254.038464,29,0.129082032,0.413118583,furniture,employed,rent,little,moderate,0,0.096119479,112.2082229,Young,Below_Avg
48,13480.37565,20032.32284,17,1.395033306,1.173315002,education,unemployed,own,moderate,moderate,1,1.48603595,1178.371932,Middle,Low
47,15625.09887,16934.68136,27,1.123309877,1.869016023,car,unemployed,rent,little,rich,1,1.083812749,627.2104208,Middle,Low
38,26701.71856,5045.583813,8,0.162239812,0.618797533,medical,employed,own,little,little,1,0.188961014,630.6979767,Middle,Low
44,32836.08482,16789.4297,6,0.44131225,3.052300516,car,employed,own,little,little,0,0.51131034,2798.238284,Middle,Below_Avg
52,38579.18866,20465.41395,16,0.609215594,20.77340072,furniture,retired,rent,moderate,moderate,1,0.530478081,1279.088372,Senior,Below_Avg
50,48282.00937,5216.204648,6,0.030337075,3.61404169,car,self-employed,own,rich,little,0,0.108036196,869.3674414,Middle,Below_Avg
26,21296.04643,35509.1972,27,1.621741195,6.771695432,furniture,employed,own,little,rich,0,1.667407954,1315.155452,Adult,Low
49,40006.84637,4793.073231,7,0.12701141,5.743286513,medical,employed,own,little,little,0,0.119806325,684.7247473,Middle,Below_Avg
39,18561.55116,4139.719205,19,0.360457738,9.482648632,furniture,employed,rent,quite_rich,rich,0,0.223026576,217.8799582,Middle,Low
40,34580.51513,9825.124131,14,0.303401536,1.21496815,medical,self-employed,own,little,little,0,0.284123128,701.7945808,Middle,Below_Avg
40,24434.33023,3703.254902,30,0.204388334,7.008588695,furniture,self-employed,own,rich,little,0,0.151559501,123.4418301,Middle,Low
38,27524.69701,5262.028199,32,0.161410537,10.65810732,vacation,employed,rent,moderate,little,1,0.191174791,164.4383812,Middle,Low
54,27221.27014,15177.16902,6,0.549699195,0.940751493,education,employed,own,little,little,1,0.557548158,2529.528169,Senior,Low
38,9873.873379,4990.917711,6,0.500579333,2.129376581,furniture,unemployed,rent,moderate,moderate,1,0.505467056,831.8196184,Middle,Low
26,12555.81358,1266.46618,36,0.130197539,17.54977904,furniture,self-employed,own,quite_rich,rich,0,0.100866915,35.17961611,Adult,Low
35,23185.23007,6593.604943,9,0.254791404,7.588576391,furniture,employed,rent,rich,little,1,0.284388161,732.6227715,Adult,Low
42,9474.511389,2815.69707,13,0.431186509,3.580633891,car,employed,rent,moderate,little,0,0.29718652,216.5920823,Middle,Low
54,33376.44036,9820.397959,6,0.256914812,4.149897443,car,employed,own,moderate,little,0,0.294231435,1636.732993,Senior,Below_Avg
47,34056.5611,8577.96318,14,0.081149913,2.590309738,car,employed,free,little,little,0,0.251874027,612.7116557,Middle,Below_Avg
29,25941.13668,15948.50349,6,0.889075522,3.366381369,furniture,employed,rent,little,little,0,0.614795862,2658.083914,Adult,Low
69,12574.58501,10158.09131,31,0.775090292,2.193813282,education,employed,free,little,moderate,0,0.807827161,327.6803649,Senior,Low
43,43917.55782,11756.89819,6,0.399020803,1.637876787,furniture,retired,own,quite_rich,moderate,0,0.267703824,1959.483031,Middle,Below_Avg
55,60998.5468,2877.630789,8,0.187654483,5.616006295,business,self-employed,own,little,moderate,0,0.047175399,359.7038486,Senior,Average
38,23707.30278,9350.538336,6,0.488937381,7.537607444,medical,employed,rent,little,moderate,0,0.39441595,1558.423056,Middle,Low
46,28431.91865,23736.30547,15,0.815044401,10.35566567,furniture,unemployed,own,moderate,rich,1,0.834847122,1582.420365,Middle,Below_Avg
50,24364.18067,2832.967628,51,0.144944406,0.844046109,furniture,self-employed,free,moderate,little,0,0.116275924,55.54838487,Middle,Low
54,28715.278,20739.40169,6,0.594791741,8.653948144,car,employed,rent,little,little,1,0.722242762,3456.566949,Senior,Below_Avg
52,20748.32131,3166.936282,6,0.351650561,1.470518733,furniture,unemployed,rent,little,little,0,0.152635784,527.8227137,Senior,Low
50,21649.07224,2485.981932,9,0.029650276,2.787284013,business,employed,free,moderate,little,0,0.114830876,276.2202146,Middle,Low
36,34643.27147,6228.93316,24,0.154412009,11.58563588,car,self-employed,free,rich,little,0,0.179802106,259.5388817,Middle,Below_Avg
33,71168.9624,8714.367096,60,0.132344822,3.030295375,car,employed,own,moderate,little,0,0.122446173,145.2394516,Adult,Average
43,10937.62963,10192.42523,6,0.921123858,1.097398445,furniture,employed,rent,little,little,0,0.931867834,1698.737539,Middle,Low
51,20912.32041,2276.945347,27,0.043193241,0.870985183,vacation,employed,rent,little,moderate,1,0.108880569,84.33130913,Senior,Low
37,12207.06007,6957.893697,8,0.709423211,3.202619638,education,employed,own,moderate,moderate,0,0.569989306,869.7367121,Middle,Low
52,48825.71742,2839.991513,6,0.153193823,7.191569574,medical,employed,free,little,little,0,0.058165894,473.3319189,Senior,Below_Avg
57,16417.95801,1493.476937,6,0.123170779,29.39987343,medical,unemployed,rent,little,moderate,1,0.090966059,248.9128228,Senior,Low
29,10704.28709,2337.906027,46,0.178453077,7.741916996,car,self-employed,rent,rich,moderate,1,0.218408382,50.82404407,Adult,Low
29,30305.77294,2695.340195,29,0.195365764,10.47834078,car,employed,own,moderate,little,0,0.088938177,92.94276534,Adult,Below_Avg
38,52688.66138,7459.74215,6,0.095134683,6.888305891,furniture,employed,rent,little,rich,1,0.141581546,1243.290358,Middle,Below_Avg
43,30693.27746,12354.44172,50,0.559552136,11.28973677,education,unemployed,rent,little,little,1,0.402512952,247.0888343,Middle,Below_Avg
33,24401.47691,1512.372209,6,0.073100808,0.396804727,education,employed,own,rich,moderate,0,0.061978716,252.0620348,Adult,Low
56,27026.42747,6513.08728,7,0.363967728,13.29141678,car,employed,own,moderate,rich,0,0.240989575,930.44104,Senior,Low
45,44686.21445,1917.239081,19,0.031522454,2.524268736,car,self-employed,own,quite_rich,moderate,0,0.042904486,100.90732,Middle,Below_Avg
40,14227.05006,8129.610783,60,0.578572604,12.73056394,car,unemployed,rent,moderate,moderate,1,0.571419286,135.493513,Middle,Low
22,20828.47767,2986.374937,11,0.265921521,0.393770561,vacation,self-employed,rent,little,rich,0,0.143379415,271.4886306,Young,Low
24,17564.84826,2119.502744,29,0.340059811,6.280594717,medical,employed,own,rich,little,1,0.120667296,73.08630153,Young,Low
43,12284.17769,9318.263889,44,0.914594896,6.65313944,car,employed,rent,little,little,0,0.758558214,211.7787247,Middle,Low
18,18691.27975,3073.160887,6,0.252130288,28.89936014,car,self-employed,own,little,moderate,1,0.164416826,512.1934811,Young,Low
52,38325.10901,3817.033537,6,0.158524499,7.323556154,car,unemployed,rent,little,rich,0,0.099596156,636.1722562,Senior,Below_Avg
38,29240.23861,832.1466855,6,-0.022235912,2.410977896,vacation,retired,rent,little,moderate,0,0.028458957,138.6911142,Middle,Below_Avg
78,30398.70385,10480.17954,26,0.374280421,4.073733655,medical,employed,rent,rich,rich,0,0.344757447,403.0838284,Senior,Below_Avg
67,23700.17725,9477.983076,15,0.308606988,2.28287845,car,self-employed,rent,moderate,little,0,0.399911907,631.8655384,Senior,Low
37,28614.30056,4936.274991,6,0.210088982,1.090896004,furniture,employed,own,little,rich,0,0.172510769,822.7124986,Middle,Below_Avg
38,14760.42407,1447.995184,9,0.142104902,1.428435835,furniture,employed,own,moderate,rich,0,0.098099836,160.8883538,Middle,Low
51,18868.42289,12932.45526,12,0.489317511,1.255211475,education,employed,rent,moderate,little,0,0.685402025,1077.704605,Senior,Low
60,24245.88324,2884.16091,21,0.122828526,3.979392779,business,retired,rent,rich,rich,0,0.118954665,137.3409957,Senior,Low
20,25305.01634,3419.731232,27,0.176627937,11.83085418,education,employed,own,rich,little,0,0.135140447,126.6567123,Young,Low
18,25850.72504,31245.64374,6,1.200324078,12.19354929,medical,employed,own,little,rich,1,1.208695063,5207.60729,Young,Low
32,20554.44214,2799.205329,12,0.171989817,0.281602059,car,unemployed,own,rich,rich,1,0.136184933,233.2671107,Adult,Low
46,18238.46856,8899.656593,6,0.353788515,0.416361341,business,employed,own,little,little,0,0.487960739,1483.276099,Middle,Low
45,106818.4178,7705.378031,25,-0.005451136,1.405976169,furniture,employed,own,little,moderate,0,0.072135295,308.2151213,Middle,High
52,34661.8049,6715.259509,19,0.297230395,1.472254329,furniture,self-employed,own,little,moderate,0,0.193736579,353.434711,Senior,Below_Avg
25,27080.62314,6158.573371,23,0.227473402,0.498489422,business,self-employed,rent,little,little,1,0.227416236,267.7640596,Young,Low
18,19602.17387,6641.617748,6,0.372808367,2.458901883,medical,employed,own,rich,little,0,0.338820469,1106.936291,Young,Low
50,17577.77478,6109.208321,12,0.292900882,4.430328145,business,unemployed,free,moderate,little,0,0.347552998,509.1006934,Middle,Low
30,20632.02384,4714.816675,33,0.230468752,4.315672002,business,employed,own,moderate,moderate,1,0.22851935,142.8732326,Adult,Low
18,25499.50762,16465.56483,22,0.415519675,3.92006276,business,unemployed,own,quite_rich,little,1,0.645720893,748.4347651,Young,Low
41,8602.277115,1719.642245,35,0.284506663,2.067526154,furniture,self-employed,own,little,rich,1,0.19990547,49.13263559,Middle,Low
49,10049.77176,11127.40745,6,1.288023151,6.128633321,business,employed,rent,little,little,1,1.107229867,1854.567908,Middle,Low
38,16019.44868,9488.860769,6,0.485832036,8.757425623,business,self-employed,rent,moderate,moderate,0,0.592333791,1581.476795,Middle,Low
34,24430.0624,8593.138346,10,0.25771121,2.125336916,education,employed,rent,rich,little,0,0.351744429,859.3138346,Adult,Low
38,19542.82375,12011.06446,13,0.658690291,0.447082385,education,employed,rent,quite_rich,moderate,0,0.614602302,923.9280352,Middle,Low
35,46122.70449,4563.84379,6,0.246337976,1.757230698,business,unemployed,rent,little,rich,0,0.098950047,760.6406316,Adult,Below_Avg
23,10496.54681,1101.932504,8,0.104770747,0.738839286,vacation,employed,rent,rich,little,1,0.104980478,137.741563,Young,Low
31,15128.37298,4638.590707,20,0.183683504,3.149535578,furniture,employed,own,rich,little,0,0.306615306,231.9295354,Adult,Low
46,47100.82852,2223.959903,18,0.026355278,0.847629762,vacation,employed,own,little,moderate,0,0.047217002,123.5533279,Middle,Below_Avg
43,23518.90071,2736.71242,6,0.013369051,3.107340672,vacation,employed,own,moderate,little,0,0.116362259,456.1187366,Middle,Low
42,34283.56252,1819.040168,60,-0.013825961,1.24873973,car,unemployed,rent,little,little,0,0.053058668,30.31733614,Middle,Below_Avg
28,61428.1496,3354.721761,14,0.024208015,6.711025774,business,unemployed,own,moderate,little,0,0.054612125,239.6229829,Adult,Average
37,15569.94591,3049.402793,11,0.102919396,0.139776882,car,employed,rent,rich,little,1,0.195851855,277.2184357,Middle,Low
18,20959.40669,733.585486,60,-0.042790274,4.045555278,car,employed,own,rich,moderate,0,0.035000298,12.22642477,Young,Low
42,19221.53511,8605.678276,6,0.455163649,0.92856616,education,employed,own,moderate,rich,0,0.447710249,1434.279713,Middle,Low
57,8289.156532,29035.00606,14,3.524273247,0.004961783,medical,employed,own,rich,moderate,1,3.502769666,2073.929004,Senior,Low
22,18860.05737,7982.362943,29,0.280843677,10.17043257,car,employed,own,little,little,1,0.423241711,275.2538946,Young,Low
32,34218.82101,4178.304557,9,0.161743623,5.566515173,vacation,employed,own,little,little,0,0.122105451,464.2560618,Adult,Below_Avg
43,28862.39371,4704.161792,23,0.124792464,0.520932814,education,employed,own,little,rich,0,0.162985851,204.5287735,Middle,Below_Avg
55,30017.67292,3509.438407,41,0.18893856,3.580633891,vacation,self-employed,own,rich,rich,1,0.116912407,85.5960587,Senior,Below_Avg
34,18255.93496,5281.858308,6,0.367372557,4.72920708,vacation,unemployed,rent,rich,little,0,0.289322805,880.309718,Adult,Low
31,15866.28001,4771.392761,6,0.246271242,3.206158925,vacation,self-employed,own,moderate,rich,0,0.30072536,795.2321269,Adult,Low
18,41548.96274,2507.800256,8,0.12177248,2.717244261,business,self-employed,own,quite_rich,rich,0,0.06035771,313.475032,Young,Below_Avg
41,17177.25539,18888.54082,9,1.015929475,10.90492511,vacation,employed,own,rich,little,0,1.099625079,2098.726757,Middle,Low
64,25515.49055,1495.59083,6,0.19099122,1.406168009,car,unemployed,free,moderate,moderate,0,0.058615014,249.2651383,Senior,Low
43,23900.80311,8731.262325,6,0.285398888,2.540065056,furniture,unemployed,rent,moderate,moderate,0,0.365312508,1455.210387,Middle,Low
39,45745.94844,4532.558721,37,0.134356057,1.995790791,car,unemployed,free,rich,little,0,0.099081096,122.5015871,Middle,Below_Avg
43,35800.10763,22486.38856,15,0.609348609,7.374557585,business,employed,rent,little,little,1,0.628109524,1499.09257,Middle,Below_Avg
39,11526.11593,6455.525304,6,0.458388666,12.4124662,car,self-employed,free,little,little,0,0.560078117,1075.920884,Middle,Low
30,12163.84634,3685.183391,51,0.393053591,9.478328506,car,self-employed,own,little,rich,1,0.302962014,72.25849786,Adult,Low
49,29420.733,4031.25992,26,0.075607876,7.990114815,vacation,employed,own,rich,rich,0,0.137021057,155.0484585,Middle,Below_Avg
42,21329.17593,5074.206087,8,0.067892555,21.6338852,business,retired,rent,quite_rich,little,0,0.237899772,634.2757609,Middle,Low
40,17543.067,1969.957886,26,-0.175908663,5.972498257,vacation,employed,free,little,moderate,0,0.112292673,75.76761101,Middle,Low
28,36600.38147,2661.12536,16,-0.014796884,6.952592174,car,employed,rent,quite_rich,little,0,0.072707585,166.320335,Adult,Below_Avg
55,24190.84878,1178.555511,20,0.186309906,20.31496782,furniture,employed,rent,moderate,little,0,0.048719064,58.92777557,Senior,Low
47,22611.83438,2348.702862,6,0.229644361,0.035076677,car,employed,own,moderate,moderate,0,0.103870514,391.4504771,Middle,Low
33,32529.87967,5298.214655,6,0.091012409,5.026270652,car,unemployed,own,rich,moderate,1,0.162872249,883.0357759,Adult,Below_Avg
52,18259.58639,6248.770725,6,0.304773143,6.715629023,car,employed,own,moderate,little,0,0.342218635,1041.461788,Senior,Low
34,48255.22991,1008.819631,6,-0.025585395,12.49464576,furniture,employed,own,moderate,little,1,0.020905913,168.1366051,Adult,Below_Avg
30,14853.28287,4403.833266,11,0.16314567,10.76411891,car,self-employed,own,little,moderate,1,0.296488884,400.3484788,Adult,Low
30,30591.1042,7713.504946,9,0.157265441,3.580633891,education,employed,own,little,moderate,0,0.252148628,857.0561051,Adult,Below_Avg
18,45112.57987,4314.213196,6,0.193747106,14.57456675,furniture,self-employed,rent,moderate,little,0,0.095632154,719.0355327,Young,Below_Avg
45,11062.89788,2960.072628,34,0.31795635,3.854237704,car,self-employed,own,little,moderate,0,0.267567563,87.06095964,Middle,Low
18,18551.99134,3534.301926,20,0.217816841,0.034720752,business,employed,own,rich,moderate,0,0.190507955,176.7150963,Young,Low
25,38991.68497,3188.766092,10,-0.051733992,0.055579763,business,retired,own,moderate,moderate,0,0.081780669,318.8766092,Young,Below_Avg
18,39285.95182,2953.114198,60,0.085240046,3.933324451,vacation,employed,own,moderate,rich,1,0.075169725,49.21856996,Young,Below_Avg
38,20216.45589,5648.011528,50,0.04899244,2.857057513,furniture,self-employed,own,rich,little,0,0.279376937,112.9602306,Middle,Low
38,15255.02831,31136.95269,6,2.125374658,3.000516501,medical,unemployed,own,quite_rich,rich,1,2.041094389,5189.492115,Middle,Low
36,35524.14593,2710.911127,17,0.102169279,2.557502067,medical,self-employed,free,little,little,0,0.076311789,159.4653604,Middle,Below_Avg
27,39806.06439,3810.386452,30,-0.038799478,12.48848909,education,employed,own,moderate,moderate,0,0.095723767,127.0128817,Adult,Below_Avg
25,12303.86015,4715.648137,6,0.544908302,2.224958079,furniture,employed,own,rich,little,0,0.383265746,785.9413562,Young,Low
45,12064.74902,2835.90518,6,0.055440656,9.697596035,car,self-employed,own,little,little,0,0.235057122,472.6508633,Middle,Low
33,24652.3705,11832.30336,6,0.532996768,11.65825696,business,retired,own,little,rich,1,0.47996615,1972.05056,Adult,Low
43,30172.32271,737.5188899,6,0.079960734,3.460756083,education,employed,own,moderate,little,0,0.024443557,122.919815,Middle,Below_Avg
29,18967.18116,3213.617934,60,0.045463401,2.961426178,medical,employed,own,moderate,moderate,1,0.169430444,53.5602989,Adult,Low
42,30935.10524,9458.328821,27,0.301962358,7.156889704,education,employed,own,little,rich,1,0.305747427,350.3084749,Middle,Below_Avg
55,15443.318,3884.402884,6,0.087843661,6.154519524,medical,self-employed,rent,moderate,little,0,0.251526446,647.4004807,Senior,Low
47,7651.471035,2548.674841,27,0.048458627,1.991467801,vacation,employed,rent,moderate,rich,0,0.333096058,94.39536449,Middle,Low
35,17819.51464,6992.58376,6,0.28562395,0.540978911,medical,unemployed,own,moderate,moderate,0,0.392411572,1165.430627,Adult,Low
43,22733.98165,10148.433,7,0.384736784,1.538419919,furniture,unemployed,rent,rich,rich,0,0.446399278,1449.776143,Middle,Low
37,19188.76096,5816.816257,6,0.367562244,0.702224786,car,employed,own,rich,moderate,0,0.303136626,969.4693762,Middle,Low
40,12341.19791,2588.99154,6,0.216525269,1.745888988,business,employed,own,moderate,little,0,0.20978446,431.49859,Middle,Low
36,8885.495543,7079.528974,6,0.806105716,1.517848513,business,self-employed,own,moderate,little,0,0.79675117,1179.921496,Middle,Low
38,17033.81215,3563.00853,25,0.107730541,5.076571066,car,employed,rent,rich,moderate,0,0.209172703,142.5203412,Middle,Low
42,34503.90848,8920.8767,6,0.205545715,15.44977835,business,employed,own,moderate,little,0,0.258546846,1486.812783,Middle,Below_Avg
28,41278.56842,16100.52417,29,0.297052944,5.787732434,education,employed,rent,rich,moderate,0,0.390045605,555.1904888,Adult,Below_Avg
27,39889.03257,611.2698994,6,-0.107173141,13.06252352,car,employed,rent,moderate,little,0,0.01532426,101.8783166,Adult,Below_Avg
23,14647.79707,5371.454345,16,0.307337373,7.665446836,education,employed,rent,moderate,little,0,0.366707316,335.7158966,Young,Low
20,12371.45199,1225.878306,35,0.106540521,6.507516975,medical,self-employed,own,little,little,1,0.099089283,35.02509445,Young,Low
25,28234.99112,34663.09545,6,1.17040062,2.672705975,education,self-employed,own,rich,rich,1,1.227664472,5777.182575,Young,Below_Avg
41,30259.03225,3379.558548,18,0.079337328,1.963690971,business,retired,own,moderate,moderate,0,0.111687595,187.7532527,Middle,Below_Avg
29,26905.46763,8929.347416,12,0.401370025,9.363027102,car,employed,free,rich,moderate,0,0.331878544,744.1122846,Adult,Low
46,8046.305837,4777.852766,7,0.543719134,11.79013136,business,employed,rent,moderate,rich,1,0.593794576,682.5503951,Middle,Low
40,14279.17852,2585.133256,6,0.047645492,3.006327937,medical,employed,rent,little,moderate,1,0.181042155,430.8555427,Middle,Low
18,21701.9111,2350.439386,20,0.164650993,0.04552209,furniture,employed,rent,moderate,little,0,0.108305641,117.5219693,Young,Low
47,28102.3673,17475.29308,6,0.648429128,7.86386816,furniture,employed,rent,little,moderate,1,0.621844163,2912.548847,Middle,Low
49,32326.85802,10559.1752,7,0.359503794,1.677845107,education,employed,own,little,rich,0,0.326637844,1508.4536,Middle,Below_Avg
28,23673.85991,23268.76704,22,1.045472466,0.049685373,medical,employed,rent,little,little,1,0.982888601,1057.671229,Adult,Low
45,25988.04499,5137.709662,52,0.243359272,8.173485251,car,employed,rent,little,moderate,0,0.19769512,98.80210889,Middle,Low
29,22981.22206,6187.80499,7,0.272127697,3.642982635,furniture,employed,own,little,moderate,0,0.269254828,883.9721414,Adult,Low
41,31033.10097,3968.909884,24,0.367038057,5.7792595,car,employed,own,rich,little,0,0.127892791,165.3712452,Middle,Below_Avg
24,25756.25594,3906.254391,56,0.023165479,12.30730751,furniture,employed,rent,rich,rich,1,0.151662353,69.75454269,Young,Low
18,22762.47965,2135.573385,6,0.035178164,3.895419278,education,unemployed,own,little,little,1,0.093819892,355.9288975,Young,Low
35,19260.57617,5256.434125,13,0.369645009,3.497779086,medical,employed,rent,moderate,little,0,0.272911572,404.3410865,Adult,Low
38,22940.1909,2613.910681,6,0.128203221,1.717116547,furniture,employed,own,moderate,rich,0,0.113944591,435.6517802,Middle,Low
35,28065.48166,6999.032035,31,0.32517452,1.820611854,education,employed,own,little,moderate,0,0.249382217,225.7752269,Adult,Low
25,25178.29756,5630.807704,6,0.240612991,7.961480041,vacation,employed,rent,little,little,0,0.223637348,938.4679507,Young,Low
35,26646.50321,6186.629035,7,0.369579798,2.980367743,furniture,unemployed,rent,little,little,1,0.232174143,883.8041478,Adult,Low
43,43103.56256,18771.66727,20,0.33475044,0.892800452,business,employed,own,little,rich,0,0.435501526,938.5833633,Middle,Below_Avg
39,25149.21498,4768.68393,28,0.323861607,0.49649884,business,self-employed,free,rich,little,0,0.189615618,170.3101404,Middle,Low
42,15922.69517,9003.61644,9,0.682557717,3.202015805,furniture,employed,free,moderate,moderate,0,0.565458067,1000.401827,Middle,Low
31,34262.3853,25367.08055,19,0.619348045,3.127022338,car,self-employed,rent,rich,little,0,0.740376957,1335.109503,Adult,Below_Avg
54,11124.45182,13978.7508,56,1.319645384,5.298760292,education,unemployed,rent,moderate,rich,1,1.256578843,249.62055,Senior,Low
25,12826.81666,12363.89436,39,0.959605813,3.184472062,furniture,self-employed,rent,little,moderate,0,0.963909806,317.0229322,Young,Low
45,26053.92304,3845.463526,21,0.086938132,0.774362976,car,employed,own,rich,moderate,1,0.147596334,183.1173108,Middle,Low
54,28515.36472,5905.943197,51,0.0182525,3.54438001,medical,self-employed,free,little,moderate,0,0.207114419,115.8028078,Senior,Below_Avg
45,11819.1265,1711.933935,37,0.043763003,11.86446936,education,employed,own,rich,little,0,0.14484437,46.26848472,Middle,Low
37,18189.34495,7325.608637,23,0.473552965,0.86844311,vacation,employed,own,moderate,rich,0,0.402741751,318.5047233,Middle,Low
33,16268.04582,6121.534884,44,0.457676089,5.851959069,car,self-employed,free,moderate,moderate,0,0.376291962,139.1257928,Adult,Low
52,17268.88901,5007.580284,30,0.268905932,4.505277707,medical,retired,own,moderate,rich,0,0.28997698,166.9193428,Senior,Low
22,35305.67123,11178.59235,12,0.39832165,6.903266046,business,employed,rent,rich,little,0,0.316623136,931.5493622,Young,Below_Avg
28,31358.87913,1870.161635,12,0.154163396,0.816126915,vacation,self-employed,own,little,little,1,0.059637388,155.8468029,Adult,Below_Avg
35,21816.87234,18176.59908,6,0.848608124,14.20265389,furniture,employed,free,little,rich,1,0.833144128,3029.43318,Adult,Low
54,16764.50339,10111.32893,6,0.530905824,4.850652484,furniture,employed,rent,rich,moderate,0,0.603139186,1685.221488,Senior,Low
44,11216.88111,4644.749943,24,0.4581911,9.38891209,education,unemployed,free,rich,rich,0,0.414085689,193.5312476,Middle,Low
28,44805.78186,4363.441369,14,0.146084147,1.415839807,business,employed,free,rich,little,0,0.097385676,311.6743835,Adult,Below_Avg
36,29615.61249,7219.124558,25,0.311155211,6.72409038,vacation,employed,own,moderate,moderate,1,0.243760772,288.7649823,Middle,Below_Avg
32,15470.11609,16592.08388,53,1.159065173,7.594118807,car,employed,own,moderate,moderate,1,1.072524846,313.0581863,Adult,Low
31,31564.85979,5330.957662,10,0.032672545,2.532800938,medical,self-employed,rent,moderate,moderate,0,0.168889002,533.0957662,Adult,Below_Avg
51,21266.49673,5514.987811,6,0.208334593,2.422163774,medical,employed,rent,little,little,1,0.259327518,919.1646352,Senior,Low
23,19080.94072,4986.526141,17,0.071473311,5.361745015,education,employed,own,rich,rich,0,0.261335445,293.3250671,Young,Low
59,27381.0313,20447.56923,6,0.821478241,0.490312068,car,employed,free,rich,little,1,0.746778637,3407.928204,Senior,Low
49,15203.04286,3658.811027,17,0.219431929,6.651917574,vacation,unemployed,own,quite_rich,moderate,1,0.240663074,215.2241781,Middle,Low
53,18548.08337,4800.109077,13,0.301874134,0.219167831,education,self-employed,rent,moderate,moderate,0,0.258792727,369.2391598,Senior,Low
34,23405.59867,15847.20659,22,0.529501181,1.057250319,vacation,self-employed,rent,moderate,little,0,0.677069056,720.3275723,Adult,Low
38,17158.93664,5528.150924,7,0.462271367,5.455360298,vacation,self-employed,rent,rich,moderate,0,0.322173282,789.7358463,Middle,Low
22,30777.60534,12205.56273,6,0.277138936,0.51749828,car,employed,own,little,rich,0,0.396572852,2034.260455,Young,Below_Avg
33,56079.92879,2370.783937,6,0.119731419,17.84963511,education,employed,own,rich,little,0,0.042275088,395.1306561,Adult,Average
45,15106.05497,4170.394784,20,0.287869399,10.13979729,furniture,employed,own,moderate,moderate,1,0.276074382,208.5197392,Middle,Low
55,9580.042927,16115.66776,11,1.663268201,4.921540919,medical,employed,own,rich,little,1,1.682212479,1465.060706,Senior,Low
26,8096.036632,2861.004962,14,0.326367391,8.547878664,car,employed,own,little,rich,0,0.353383401,204.3574973,Adult,Low
35,20430.12751,4354.481258,7,0.149333889,10.92756927,car,self-employed,rent,moderate,little,0,0.21314019,622.0687512,Adult,Low
38,15810.31264,6035.102905,32,0.511239008,1.50198381,vacation,employed,own,little,little,1,0.38171939,188.5969658,Middle,Low
23,24438.87181,2227.591833,60,0.09241082,9.466024559,car,employed,own,rich,moderate,1,0.091149536,37.12653056,Young,Low
47,23536.29169,3529.642624,6,0.023043809,1.083284325,business,employed,free,moderate,little,0,0.149965962,588.2737706,Middle,Low
31,9881.223081,5378.201725,22,0.505889002,2.666568514,furniture,employed,rent,little,little,0,0.544285022,244.4637148,Adult,Low
37,8888.895546,5101.783112,6,0.586784073,4.085164853,education,employed,own,moderate,rich,0,0.57395017,850.2971853,Middle,Low
34,25539.11864,13688.09309,24,0.625746287,6.256911464,education,self-employed,rent,little,moderate,1,0.535965758,570.3372122,Adult,Low
30,23569.63282,16867.86743,10,0.655199047,0.153024532,furniture,employed,free,little,moderate,0,0.715661019,1686.786743,Adult,Low
39,17802.44348,2477.814257,16,0.085406286,3.580633891,medical,employed,free,little,moderate,0,0.139183942,154.863391,Middle,Low
37,9618.351887,5372.318342,6,0.560891954,4.689092734,car,self-employed,rent,moderate,rich,0,0.558548742,895.3863903,Middle,Low
35,27880.85778,8428.706901,34,0.389654088,2.210920463,furniture,employed,rent,little,little,1,0.302311606,247.9031442,Adult,Low
31,41603.92417,16532.40995,6,0.260500762,7.458831207,furniture,self-employed,own,little,little,0,0.397376216,2755.401658,Adult,Below_Avg
43,25310.92045,8732.371294,47,0.395539562,5.272768807,education,employed,rent,little,little,0,0.345004099,185.7951339,Middle,Low
59,14418.43759,6202.642695,6,0.383782015,1.335486688,furniture,self-employed,rent,little,moderate,1,0.430188268,1033.773782,Senior,Low
41,22522.63501,8376.906944,6,0.339489553,0.788704633,car,employed,own,little,little,0,0.371932811,1396.151157,Middle,Low
51,11124.92048,8425.474444,14,0.957509005,4.958399459,medical,self-employed,own,moderate,moderate,1,0.757351431,601.8196031,Senior,Low
23,37383.33728,2339.818324,35,0.04294295,2.993435243,furniture,employed,own,moderate,little,0,0.062589873,66.85195212,Young,Below_Avg
41,22946.53371,5734.403616,15,0.325372201,0.92536895,furniture,employed,rent,quite_rich,moderate,0,0.249902826,382.2935744,Middle,Low
26,9099.015903,15793.10601,6,1.807585241,1.975402615,furniture,self-employed,own,little,moderate,0,1.735693857,2632.184335,Adult,Low
22,18951.9635,4163.513487,35,0.10168532,1.805184706,car,employed,rent,rich,little,0,0.219687711,118.9575282,Young,Low
31,27768.31094,5451.016118,16,0.011764049,0.572185542,car,employed,rent,little,little,0,0.196303482,340.6885074,Adult,Low
54,18647.6645,4048.034932,6,0.299178205,3.958311666,car,employed,own,little,rich,0,0.217079996,674.6724887,Senior,Low
51,19188.22597,771.9443049,14,-0.068124516,7.212178709,car,employed,free,little,moderate,0,0.040230103,55.13887892,Senior,Low
42,11941.78528,4996.396051,20,0.251977776,4.28382638,car,self-employed,own,little,rich,0,0.418396072,249.8198026,Middle,Low
21,29239.34444,6256.858772,20,0.316603877,8.751879472,furniture,self-employed,own,moderate,little,0,0.213987656,312.8429386,Young,Below_Avg
37,15926.90983,3261.704816,23,0.102849396,0.682355961,education,employed,own,rich,rich,0,0.204792069,141.8132529,Middle,Low
43,7493.395499,1951.376775,40,0.183161142,2.860065344,education,employed,own,rich,moderate,0,0.26041289,48.78441938,Middle,Low
42,18294.7848,2429.67998,31,0.330244561,4.700549646,car,unemployed,own,quite_rich,little,0,0.132807246,78.37677355,Middle,Low
18,35974.83185,9057.515127,16,0.085800125,5.635082905,medical,employed,rent,rich,little,0,0.251773661,566.0946955,Young,Below_Avg
29,18151.98639,23813.78321,6,1.186281988,5.950124426,vacation,self-employed,rent,moderate,moderate,0,1.311910592,3968.963868,Adult,Low
39,52522.26703,14852.84447,24,0.236821568,6.527544455,medical,employed,rent,moderate,little,0,0.282791382,618.8685196,Middle,Below_Avg
46,27295.68675,1676.599973,60,0.037397939,5.269578347,furniture,unemployed,rent,rich,rich,1,0.061423623,27.94333288,Middle,Low
18,26091.8708,9737.131523,6,0.283811879,0.494838792,business,employed,own,rich,moderate,0,0.373186407,1622.855254,Young,Low
38,20656.82117,2891.324843,16,0.024103986,5.942231133,car,employed,own,little,little,0,0.139969496,180.7078027,Middle,Low
41,21287.1077,3084.628014,26,0.295905357,6.450970772,vacation,employed,rent,moderate,rich,0,0.144905924,118.639539,Middle,Low
50,19308.25845,3396.224056,18,0.202193505,25.16435416,car,self-employed,rent,moderate,little,0,0.175894893,188.6791142,Middle,Low
48,18936.85503,8646.012923,46,0.515087562,5.910444022,furniture,employed,own,moderate,little,0,0.456570688,187.9568027,Middle,Low
46,28722.4286,10587.21798,11,0.354882036,5.805051843,furniture,self-employed,free,rich,little,0,0.368604554,962.4743615,Middle,Below_Avg
30,13795.31589,4544.055358,13,0.358336673,3.616107467,education,employed,rent,moderate,moderate,0,0.329391178,349.5427198,Adult,Low
18,12862.26469,4606.130475,6,0.451402099,10.12184751,education,employed,rent,quite_rich,little,0,0.358111933,767.6884125,Young,Low
35,12561.63334,7125.327682,41,0.467599494,28.77763508,car,self-employed,rent,rich,little,0,0.567229395,173.7884801,Adult,Low
52,61256.62427,7741.847488,6,0.152867441,7.548978153,furniture,employed,own,little,moderate,0,0.126383841,1290.307915,Senior,Average
56,28714.90058,12594.06015,60,0.50819395,4.740202027,medical,employed,rent,little,moderate,1,0.438589718,209.9010026,Senior,Below_Avg
48,25648.647,1759.002946,6,0.223060465,0.41123098,vacation,employed,own,little,moderate,0,0.06858073,293.1671577,Middle,Low
45,12981.00826,4994.146831,6,0.579516288,6.486641893,education,retired,rent,rich,moderate,0,0.38472719,832.3578051,Middle,Low
44,30081.66564,2091.382269,11,0.076509466,6.164632542,education,employed,own,little,moderate,0,0.069523486,190.1256609,Middle,Below_Avg
33,20779.33634,4718.499742,19,0.340940432,7.470915858,car,employed,own,moderate,little,0,0.227076537,248.3420917,Adult,Low
38,24516.07909,4101.302027,10,-0.099726501,0.665116971,car,employed,own,moderate,moderate,0,0.167290292,410.1302027,Middle,Low
60,13516.81631,4734.353391,7,0.505484837,5.302718408,car,employed,own,rich,little,1,0.350256546,676.3361987,Senior,Low
28,23864.19336,2592.053479,13,0.036028483,1.752924096,furniture,employed,own,little,little,1,0.108616849,199.3887291,Adult,Low
59,17820.11636,1495.428647,57,0.059808262,7.141235878,business,self-employed,rent,little,moderate,0,0.083918007,26.23559031,Senior,Low
36,15020.8486,920.0702066,58,0.105363326,1.374645058,furniture,employed,own,little,little,0,0.061252878,15.86327942,Middle,Low
55,31794.6453,4425.134164,7,0.123834361,3.580633891,car,self-employed,own,moderate,little,0,0.139178598,632.1620235,Senior,Below_Avg
23,10210.23672,3481.432463,20,0.360620044,1.74773736,furniture,employed,rent,little,little,0,0.340974706,174.0716231,Young,Low
47,29213.55615,2861.925326,23,0.256734957,0.045174928,car,unemployed,rent,rich,little,0,0.097965661,124.4315359,Middle,Below_Avg
31,31015.52197,14158.05176,19,0.418060778,5.016845719,business,retired,own,little,little,0,0.456482782,745.160619,Adult,Below_Avg
23,14188.37381,2471.176052,6,0.065476701,0.601068529,car,employed,rent,moderate,little,0,0.174169083,411.8626753,Young,Low
42,14615.46903,15267.28016,13,1.225943732,5.383639631,furniture,employed,own,quite_rich,little,0,1.044597346,1174.406166,Middle,Low
52,19702.23105,18017.07134,25,0.967145007,12.9921317,business,self-employed,rent,moderate,little,1,0.914468585,720.6828538,Senior,Low
29,25362.27481,1032.026503,6,0.232915299,17.40866536,car,employed,rent,little,little,1,0.040691401,172.0044171,Adult,Low
22,20405.76023,5291.754679,7,0.345689506,1.345434119,car,employed,own,rich,little,0,0.259326515,755.9649541,Young,Low
38,27358.46401,3569.72131,6,-0.001879844,8.284042649,education,retired,own,little,moderate,0,0.130479595,594.9535517,Middle,Low
38,53182.77402,478.4524554,39,0.073534847,2.181322462,car,employed,rent,little,little,1,0.00899638,12.26801168,Middle,Below_Avg
46,17088.16872,1547.331321,35,-0.007844945,11.53583149,education,employed,own,little,moderate,0,0.090549862,44.20946631,Middle,Low
51,9343.255402,9135.734638,6,0.978532424,7.743821015,business,self-employed,rent,little,little,1,0.977789244,1522.62244,Senior,Low
39,33288.3176,24719.78965,25,0.735025105,0.383982543,furniture,employed,own,moderate,little,1,0.742596545,988.7915859,Middle,Below_Avg
62,51106.0052,10118.72062,8,0.036228368,2.613959625,furniture,employed,own,moderate,little,0,0.197994748,1264.840078,Senior,Below_Avg
42,26806.08469,6367.141973,20,0.156244947,2.057298897,medical,employed,own,moderate,little,0,0.237525996,318.3570986,Middle,Low
35,12786.25011,4831.605508,12,0.598393828,7.689797812,furniture,employed,rent,little,little,1,0.377875098,402.6337923,Adult,Low
20,20703.41245,18885.13402,11,0.936012681,2.640585574,medical,unemployed,own,moderate,little,1,0.91217494,1716.830365,Young,Low
36,12591.00889,27408.03127,38,2.159234281,5.769384095,car,unemployed,own,little,little,0,2.176793894,721.2639809,Middle,Low
35,30376.59674,3073.357393,18,0.282464194,4.611987396,business,employed,rent,little,moderate,0,0.101175172,170.7420774,Adult,Below_Avg
51,11207.68294,992.2853844,6,0.048912645,18.57380128,business,self-employed,own,little,little,0,0.088536176,165.3808974,Senior,Low
45,18957.13405,917.3141787,6,0.039246828,13.88579228,vacation,employed,own,moderate,little,0,0.048388864,152.8856964,Middle,Low
25,13330.78214,14150.49371,48,1.160570419,2.790455508,car,self-employed,own,moderate,rich,0,1.061490133,294.8019523,Young,Low
42,23468.45229,4733.182875,6,0.161609208,6.429136806,car,employed,free,little,little,0,0.201682787,788.8638124,Middle,Low
48,18339.80588,5690.728374,23,0.235641743,8.843929784,car,employed,rent,quite_rich,little,0,0.310293817,247.4229728,Middle,Low
58,24061.80606,1173.186941,12,-0.176618415,11.45752126,medical,employed,rent,little,little,1,0.048757227,97.76557839,Senior,Low
50,22273.99821,2690.40998,6,0.027137194,0.352832673,furniture,employed,own,rich,little,0,0.120787025,448.4016633,Middle,Low
49,13449.14059,3880.096676,26,0.193898684,1.798245378,medical,employed,rent,little,little,0,0.288501459,149.2344876,Middle,Low
40,30134.87843,5803.814813,42,0.208451268,1.930004168,car,employed,rent,moderate,rich,0,0.192594599,138.186067,Middle,Below_Avg
44,21495.89303,3572.876772,6,0.105166239,2.849747055,car,retired,own,moderate,rich,0,0.166212065,595.4794621,Middle,Low
54,13436.57165,2143.379443,6,0.375320229,0.927220639,car,retired,own,moderate,little,0,0.159518328,357.2299072,Senior,Low
24,67539.18846,2623.714671,34,-0.0669156,3.427937932,education,self-employed,rent,little,little,1,0.038847293,77.16807856,Young,Average
35,27951.19083,12921.63902,12,0.602357639,5.441542685,vacation,employed,own,moderate,moderate,0,0.46229297,1076.803252,Adult,Low
30,20401.62275,5977.918418,20,0.314987204,3.439444351,furniture,employed,rent,rich,little,0,0.293011908,298.8959209,Adult,Low
44,44694.34504,8020.254597,10,0.260124145,5.479975012,medical,employed,own,rich,moderate,0,0.179446742,802.0254597,Middle,Below_Avg
54,55320.99682,2394.431115,9,0.117884461,0.343758959,car,employed,rent,little,little,0,0.043282501,266.0479017,Senior,Average
32,20482.48252,462.6362979,6,-0.199236628,10.43685777,business,employed,own,little,little,0,0.022586925,77.10604965,Adult,Low
18,26204.82264,3234.13426,14,0.122262254,13.99008178,business,employed,own,little,little,0,0.123417521,231.00959,Young,Low
35,13440.10721,2457.115934,6,0.156596854,4.810461772,car,employed,rent,little,little,0,0.182819668,409.5193223,Adult,Low
50,20463.61325,6497.740726,22,0.204228751,10.65961449,car,self-employed,free,little,little,0,0.31752656,295.3518512,Middle,Low
46,19939.71445,68089.54601,14,3.460732969,0.704627691,furniture,self-employed,free,little,rich,0,3.414770365,4863.539001,Middle,Low
45,24159.03035,8570.941059,33,0.526425764,7.983815889,car,employed,own,rich,moderate,0,0.354771733,259.7254866,Middle,Low
36,26013.74261,43860.44323,45,1.418748579,0.634329389,medical,self-employed,own,moderate,little,1,1.686048943,974.6765162,Middle,Low
24,29141.37383,7746.649887,41,0.21238298,2.621329636,medical,employed,rent,rich,little,0,0.265829948,188.9426802,Young,Below_Avg
46,24805.51603,2969.328197,16,-0.004872265,1.956468995,business,employed,own,rich,little,0,0.119704351,185.5830123,Middle,Low
29,12023.62432,6492.045015,6,0.547118556,4.404519307,business,employed,rent,moderate,moderate,0,0.539940773,1082.007502,Adult,Low
66,13777.14649,20424.91748,7,1.449959488,1.794204549,car,self-employed,rent,moderate,moderate,0,1.482521616,2917.845354,Senior,Low
46,16760.7679,21240.1827,19,1.20668822,5.071084059,car,employed,rent,quite_rich,moderate,1,1.267255941,1117.904353,Middle,Low
33,19127.44902,3101.775925,22,0.231114279,2.289484376,vacation,employed,rent,moderate,little,0,0.162163596,140.9898148,Adult,Low
32,37249.25208,6018.220861,6,0.32518435,9.858872158,education,employed,own,moderate,little,0,0.16156622,1003.03681,Adult,Below_Avg
38,12314.47288,1566.48024,60,0.393338304,5.024023097,business,employed,rent,rich,moderate,0,0.127206439,26.108004,Middle,Low
37,18421.84515,9506.536558,6,0.442084021,1.21225815,business,employed,own,little,rich,0,0.516046926,1584.42276,Middle,Low
53,35472.20635,17029.18233,16,0.297983579,2.048340306,furniture,self-employed,rent,moderate,rich,0,0.480071134,1064.323896,Senior,Below_Avg
42,18959.51628,5073.770778,13,0.323530415,9.400360239,car,employed,own,little,moderate,0,0.267610771,390.2900598,Middle,Low
31,27728.2721,2881.576319,16,0.264970431,2.44271004,business,self-employed,own,rich,little,0,0.103921958,180.09852,Adult,Low
62,20542.04373,6555.795595,13,0.400509374,3.837188861,furniture,employed,free,rich,little,0,0.319140378,504.2919688,Senior,Low
40,25044.05189,6863.461773,6,0.434690268,5.234018223,vacation,employed,rent,moderate,little,0,0.274055564,1143.910296,Middle,Low
49,19648.64637,5244.394472,60,0.244360023,2.137094056,furniture,self-employed,free,moderate,moderate,0,0.26690869,87.40657453,Middle,Low
32,30746.53969,5670.157077,60,0.123458661,1.740548869,car,employed,rent,rich,little,1,0.184416105,94.50261795,Adult,Below_Avg
44,10172.79009,4276.747713,13,0.431954085,3.224213315,car,employed,free,moderate,moderate,1,0.420410495,328.9805933,Middle,Low
43,18367.6087,10902.68036,6,0.560526597,1.209599724,business,employed,own,quite_rich,rich,0,0.593581916,1817.113393,Middle,Low
18,25547.28527,8857.164479,6,0.413006297,1.671846355,education,self-employed,own,moderate,little,0,0.346696895,1476.19408,Young,Low
64,28763.07208,2238.401966,6,0.174798853,0.320445026,furniture,self-employed,rent,little,rich,0,0.077822075,373.0669944,Senior,Below_Avg
55,46466.0079,2189.71684,17,0.1519335,1.811814563,furniture,employed,rent,moderate,little,0,0.047125134,128.8068729,Senior,Below_Avg
35,18114.85623,4009.815328,11,0.27241434,1.933492243,education,employed,rent,moderate,little,0,0.221355073,364.5286662,Adult,Low
26,46154.09096,8861.485554,9,0.216580068,16.32894184,car,self-employed,rent,little,rich,1,0.191997835,984.609506,Adult,Below_Avg
44,15843.07993,5532.781386,13,0.42866652,4.454684683,furniture,employed,free,little,rich,0,0.349223851,425.5985681,Middle,Low
41,42801.27649,2937.986236,37,-0.1276567,7.741300757,car,employed,own,rich,moderate,0,0.068642491,79.40503341,Middle,Below_Avg
44,33147.86414,6058.483967,6,0.203828549,0.232195228,furniture,self-employed,rent,moderate,rich,0,0.182771473,1009.747328,Middle,Below_Avg
42,13950.50113,3771.965828,14,0.275629908,0.563250062,education,self-employed,own,moderate,rich,0,0.270382103,269.4261306,Middle,Low
46,25681.33182,9940.664695,21,0.4083855,8.424498334,car,employed,own,moderate,moderate,0,0.38707746,473.3649855,Middle,Low
57,21469.36002,6415.33661,60,0.290051239,4.884844229,furniture,self-employed,own,little,moderate,0,0.298813593,106.9222768,Senior,Low
46,30115.41051,3819.128179,24,0.170001957,1.059670751,furniture,employed,rent,moderate,little,0,0.126816408,159.1303408,Middle,Below_Avg
27,19699.80873,5914.81215,14,0.242786894,2.594250384,car,self-employed,rent,little,little,0,0.300247187,422.4865821,Adult,Low
56,18889.79083,14073.35325,26,0.857976646,3.86823538,medical,employed,free,quite_rich,moderate,0,0.745024303,541.2828171,Senior,Low
59,43675.70564,3115.970497,60,0.118708313,9.277006495,car,employed,own,moderate,moderate,0,0.071343335,51.93284162,Senior,Below_Avg
77,20965.62672,6782.66645,39,0.338582237,0.311568944,education,employed,own,rich,little,0,0.323513651,173.9145244,Senior,Low
26,33296.61976,4645.395197,6,0.069763862,4.54064923,car,employed,own,moderate,little,0,0.139515519,774.2325328,Adult,Below_Avg
42,19679.3326,6915.959198,15,0.432964297,6.312176604,vacation,employed,own,little,rich,0,0.351432609,461.0639465,Middle,Low
18,50682.28041,2911.279769,27,0.078107737,19.05904659,medical,self-employed,own,rich,moderate,0,0.057441768,107.8251766,Young,Below_Avg
46,15690.84477,5368.30957,20,0.266581715,8.229474277,furniture,employed,own,little,rich,1,0.342130054,268.4154785,Middle,Low
33,16202.61996,11923.40586,9,0.73022754,1.616389525,vacation,self-employed,own,moderate,rich,0,0.735893694,1324.822873,Adult,Low
63,47205.16486,2322.488258,7,0.112108138,6.182121761,car,employed,own,little,moderate,0,0.049199876,331.7840369,Senior,Below_Avg
30,17632.98905,1696.76015,17,0.151383816,7.20434168,car,self-employed,own,moderate,little,0,0.096226462,99.80942056,Adult,Low
19,49047.13988,1749.063094,9,0.084361755,6.541770848,furniture,employed,free,little,little,0,0.035660858,194.3403437,Young,Below_Avg
34,34403.73076,1926.518902,8,0.065250523,8.57799563,furniture,employed,rent,rich,little,0,0.055997383,240.8148628,Adult,Below_Avg
18,20387.45718,7912.971313,32,0.490711343,11.70299144,furniture,employed,rent,quite_rich,moderate,0,0.38812939,247.2803535,Young,Low
49,8895.966618,1596.090134,6,0.30319693,0.518087228,furniture,employed,rent,rich,little,0,0.17941728,266.0150223,Middle,Low
18,21814.73304,3872.60902,18,0.251254902,0.553338747,furniture,employed,own,little,rich,0,0.177522641,215.1449455,Young,Low
40,23174.66712,8059.698619,37,0.289035429,7.957989696,business,employed,rent,moderate,moderate,0,0.347780556,217.8296924,Middle,Low
18,39482.34412,6859.070723,17,0.067918841,1.454251941,car,retired,rent,rich,little,1,0.173725012,403.4747484,Young,Below_Avg
36,48738.45306,3610.324065,12,0.019681498,0.301624638,car,unemployed,own,little,moderate,0,0.074075475,300.8603388,Middle,Below_Avg
59,15638.73941,5725.808181,6,0.561495452,2.5643818,furniture,self-employed,rent,little,little,1,0.366129778,954.3013635,Senior,Low
44,32879.04757,5354.626667,20,0.191027918,8.570574193,furniture,employed,own,little,little,0,0.162858327,267.7313334,Middle,Below_Avg
29,32296.07801,4107.653564,60,0.339831563,0.676607964,car,self-employed,own,moderate,little,0,0.127187381,68.46089274,Adult,Below_Avg
39,37673.27934,4151.945195,29,0.098189451,5.571299967,car,employed,rent,rich,little,0,0.110209285,143.170524,Middle,Below_Avg
40,28264.02168,29388.00708,18,1.013885989,0.018112074,education,employed,rent,moderate,rich,0,1.039767356,1632.66706,Middle,Below_Avg
45,8339.438396,9390.452148,11,1.118623667,0.581194283,car,employed,rent,moderate,moderate,0,1.12602932,853.677468,Middle,Low
23,20379.58174,35757.69372,6,1.74536687,2.160459984,vacation,employed,own,rich,moderate,0,1.754584278,5959.615621,Young,Low
47,12359.07899,3302.481695,21,0.189845896,0.436524088,car,employed,own,moderate,moderate,0,0.267210987,157.2610331,Middle,Low
18,19904.42034,4591.796967,6,0.115807496,9.350821786,car,employed,own,moderate,moderate,0,0.230692323,765.2994945,Young,Low
32,35954.23354,1693.071117,39,0.097223281,9.978094666,furniture,employed,free,little,moderate,0,0.047089618,43.41207992,Adult,Below_Avg
34,25657.09493,2571.762031,7,0.205725973,7.044145931,medical,self-employed,rent,little,rich,0,0.100235901,367.3945759,Adult,Low
47,39106.55712,22505.8492,9,0.819998784,1.388524264,education,unemployed,rent,little,little,0,0.575500654,2500.649911,Middle,Below_Avg
40,26130.98255,3236.903908,6,0.080500971,3.703784499,furniture,employed,own,rich,rich,0,0.123872262,539.4839847,Middle,Low
23,11508.45234,22820.73976,11,1.947689161,1.017859934,car,employed,own,rich,moderate,0,1.98295471,2074.612706,Young,Low
28,6245.250268,1817.669003,20,0.213925295,1.651406352,furniture,self-employed,own,little,little,0,0.291048225,90.88345014,Adult,Low
42,23727.84141,2115.877233,6,0.201745508,3.628406533,car,employed,own,little,little,0,0.089172765,352.6462055,Middle,Low
39,19792.07268,3740.651313,21,0.270496198,6.640387809,education,unemployed,own,rich,rich,0,0.188997452,178.126253,Middle,Low
33,13514.61715,4670.400292,17,0.25788794,0.49719254,education,unemployed,rent,moderate,rich,0,0.345581398,274.729429,Adult,Low
34,9411.488239,10285.28831,8,1.002624176,1.759835201,car,employed,own,little,little,0,1.092843985,1285.661039,Adult,Low
48,15254.47823,7048.825835,6,0.557333871,13.06061119,car,employed,rent,little,little,0,0.462082395,1174.804306,Middle,Low
33,19985.33948,3522.575912,35,0.214577612,2.802910304,business,retired,own,little,little,0,0.176257997,100.6450261,Adult,Low
38,30728.28706,4417.580181,6,0.219601528,13.973736,education,retired,own,moderate,little,0,0.143762657,736.2633635,Middle,Below_Avg
66,24205.02513,3807.582164,22,0.069028594,23.78028024,vacation,employed,rent,little,little,0,0.157305441,173.0719166,Senior,Low
22,49218.93192,2364.393954,9,-0.139734184,3.739704826,car,employed,rent,moderate,little,0,0.048038303,262.7104393,Young,Below_Avg
18,13124.00102,2415.422866,22,0.096549725,1.698695905,business,self-employed,rent,quite_rich,little,0,0.184046227,109.7919485,Young,Low
49,34218.76463,11184.75661,12,0.395637,7.821768476,car,employed,rent,little,little,1,0.326860327,932.0630507,Middle,Below_Avg
31,22553.58634,1138.501334,6,0.261585634,0.867665853,car,unemployed,rent,little,rich,1,0.050479836,189.7502224,Adult,Low
36,31173.84005,17923.84016,60,0.532017742,1.452074748,business,self-employed,own,little,little,1,0.574964141,298.7306693,Middle,Below_Avg
30,17707.48248,3735.379204,6,0.438534785,7.682794232,vacation,self-employed,own,moderate,moderate,0,0.210949197,622.5632006,Adult,Low
36,37640.66222,2649.147356,6,0.153361912,2.842679108,furniture,employed,rent,moderate,moderate,0,0.070379935,441.5245594,Middle,Below_Avg
59,25530.07324,8882.225576,9,0.208609034,1.125339114,business,self-employed,free,little,rich,0,0.347912264,986.9139529,Senior,Low
49,15682.13598,16125.75992,52,1.049691874,5.265218612,business,employed,rent,little,little,0,1.02828849,310.1107677,Middle,Low
50,21894.43963,12017.34081,6,0.63527381,6.598075566,furniture,employed,own,rich,little,1,0.548876382,2002.890135,Middle,Low
23,19540.06145,7342.844932,15,0.133235837,0.668064062,vacation,employed,own,rich,rich,0,0.375784127,489.5229955,Young,Low
26,28129.92331,11725.14303,13,0.481266125,1.621593771,education,employed,own,little,rich,1,0.416821009,901.9340791,Adult,Low
18,12211.23398,1244.889361,7,0.219218356,1.250497831,education,self-employed,own,little,moderate,0,0.101946238,177.8413373,Young,Low
30,21705.56914,3237.431563,21,0.189038928,2.389006793,furniture,unemployed,rent,moderate,little,0,0.149152116,154.1634077,Adult,Low
51,26840.13515,2370.992569,12,0.082165458,7.207870493,furniture,employed,own,little,little,0,0.088337579,197.5827141,Senior,Low
46,22393.17835,13091.40236,15,0.567322984,6.253716836,vacation,employed,own,little,little,1,0.584615643,872.760157,Middle,Low
37,43194.59377,3616.339426,6,0.060589805,5.431303084,car,employed,own,rich,little,1,0.083722038,602.7232376,Middle,Below_Avg
39,32435.58453,9665.568839,47,0.180394764,0.031526915,car,employed,own,little,little,1,0.297992744,205.6504008,Middle,Below_Avg
31,21944.23193,7545.340912,6,0.275089267,0.766591127,vacation,self-employed,own,rich,little,0,0.34384165,1257.556819,Adult,Low
42,24546.99074,2465.511207,21,0.058781062,1.26348974,vacation,employed,own,moderate,little,0,0.100440467,117.4052956,Middle,Low
49,25535.7006,3073.073353,39,0.13169363,1.586967908,furniture,unemployed,rent,little,moderate,1,0.120344196,78.79675264,Middle,Low
20,26947.60764,13836.34566,6,0.457772106,0.791618366,car,self-employed,rent,moderate,moderate,0,0.513453582,2306.057611,Young,Low
43,8841.139077,2642.851907,6,0.212013706,2.640838591,business,employed,own,moderate,little,0,0.29892663,440.4753179,Middle,Low
51,18943.89229,5431.084345,7,0.362670246,0.390783938,car,employed,own,little,rich,0,0.28669316,775.8691921,Senior,Low
35,10485.83383,2627.970018,28,0.287682384,6.931915633,furniture,employed,rent,little,moderate,0,0.250620987,93.85607208,Adult,Low
48,41736.88185,3823.181661,22,0.037679042,7.749264149,car,employed,own,moderate,little,0,0.091601995,173.7809846,Middle,Below_Avg
73,21366.40783,4736.579098,31,0.272311302,4.269710803,education,employed,rent,moderate,little,0,0.221683455,152.7928741,Senior,Low
38,19996.8397,2627.286364,9,0.08606929,0.469932106,car,employed,own,moderate,little,0,0.131385079,291.9207071,Middle,Low
44,34489.1019,2279.342805,60,0.072395287,11.04015643,education,retired,own,little,moderate,1,0.066088784,37.98904674,Middle,Below_Avg
31,27205.17247,6179.660845,8,0.324654623,16.85370395,business,employed,own,quite_rich,little,0,0.227150217,772.4576056,Adult,Low
42,12527.51548,2500.410189,29,0.139219353,1.130511874,furniture,self-employed,own,moderate,little,0,0.199593462,86.221041,Middle,Low
45,21259.24883,2569.518883,7,0.003624769,6.097798582,car,employed,own,moderate,little,0,0.12086593,367.0741262,Middle,Low
42,18627.91448,2318.689617,6,0.109960466,9.223859539,car,employed,rent,moderate,moderate,0,0.124473924,386.4482696,Middle,Low
27,9207.130855,4617.799459,7,0.365199477,3.880943395,furniture,employed,own,little,little,0,0.501545979,659.6856369,Adult,Low
42,15597.43698,10456.31423,6,0.642641844,1.952806859,furniture,employed,free,quite_rich,little,1,0.670386695,1742.719038,Middle,Low
57,20095.07098,16403.05553,6,0.788208837,3.255792999,education,employed,rent,little,little,1,0.816272585,2733.842588,Senior,Low
45,20796.17874,2749.750698,8,-0.114144568,3.589953718,car,self-employed,rent,rich,little,0,0.132223844,343.7188372,Middle,Low
51,10497.41471,27453.49153,6,2.668325681,2.559439641,business,employed,rent,moderate,little,0,2.615262164,4575.581921,Senior,Low
37,39176.51705,2200.051639,12,0.037888431,13.28506237,business,self-employed,own,rich,little,1,0.056157408,183.3376366,Middle,Below_Avg
48,20930.20208,11694.08946,6,0.676908066,6.810606704,furniture,self-employed,rent,rich,little,1,0.558718421,1949.01491,Middle,Low
43,22443.9538,2759.053146,10,0.144483996,1.380755006,furniture,unemployed,free,moderate,little,1,0.122930798,275.9053146,Middle,Low
28,26911.81852,2448.574712,57,0.164545965,4.404101405,vacation,self-employed,own,little,little,1,0.090985108,42.95745109,Adult,Low
43,14853.07024,2708.621396,8,0.301364919,5.834816756,business,employed,own,quite_rich,little,1,0.182361044,338.5776745,Middle,Low
28,27672.04527,4712.820501,6,0.157138092,0.75502396,medical,retired,own,little,little,1,0.1703098,785.4700835,Adult,Low
32,18333.08586,7816.387238,6,0.426271831,2.219151727,furniture,unemployed,rent,little,little,1,0.42635415,1302.731206,Adult,Low
42,14068.69267,8399.222578,28,0.439660821,3.580633891,medical,self-employed,own,moderate,little,1,0.597015144,299.9722349,Middle,Low
43,29340.48983,2309.559258,6,0.202669545,4.187087002,car,employed,own,quite_rich,little,0,0.07871577,384.9265429,Middle,Below_Avg
25,46436.30787,2226.692479,8,0.0333818,1.223098522,furniture,employed,rent,moderate,little,0,0.04795154,278.3365598,Young,Below_Avg
52,31647.50795,2360.642355,27,-0.025981325,0.655014663,furniture,self-employed,own,little,rich,0,0.07459173,87.43119833,Senior,Below_Avg
46,34943.53607,4495.878999,6,0.202633498,3.651410046,furniture,unemployed,rent,moderate,rich,0,0.128661249,749.3131664,Middle,Below_Avg
31,16978.18726,4154.201525,11,0.026700624,3.966890189,education,self-employed,own,little,little,1,0.244678743,377.6546841,Adult,Low
21,9908.914995,2298.14977,6,0.189000066,2.035440507,car,self-employed,own,moderate,little,1,0.231927489,383.0249617,Young,Low
38,46400.65066,6097.797719,6,0.222247316,4.976886535,vacation,employed,own,little,rich,1,0.131416211,1016.29962,Middle,Below_Avg
34,61528.60359,30033.08982,6,0.444343716,0.355786881,education,employed,rent,moderate,little,0,0.488115902,5005.514969,Adult,Average
41,47638.82633,3282.063536,11,-0.002897476,0.784086037,medical,self-employed,rent,quite_rich,rich,0,0.068894719,298.3694124,Middle,Below_Avg
35,18622.15036,3474.446772,30,0.144960544,3.951306964,car,employed,own,moderate,little,0,0.186576024,115.8148924,Adult,Low
18,12365.71287,7690.409071,7,0.420921002,0.319044304,education,self-employed,own,little,little,1,0.621913929,1098.629867,Young,Low
35,12928.10175,3143.043782,8,0.314665034,10.63932699,furniture,self-employed,rent,moderate,little,0,0.243117191,392.8804727,Adult,Low
36,9491.327028,8393.153436,6,0.872008545,0.766608945,education,employed,rent,little,little,1,0.88429715,1398.858906,Middle,Low
47,20875.06557,2766.02302,6,0.10527122,5.603060714,business,employed,own,rich,little,0,0.132503681,461.0038366,Middle,Low
31,49160.1679,21283.67628,9,0.406078695,2.481355629,car,self-employed,rent,moderate,moderate,0,0.432945557,2364.85292,Adult,Below_Avg
60,20520.27466,6475.751736,41,0.316986199,2.552359661,car,employed,rent,rich,moderate,0,0.315578219,157.9451643,Senior,Low
18,25620.84226,2992.850751,6,0.182156866,7.238498921,business,employed,own,quite_rich,little,0,0.116813129,498.8084586,Young,Low
55,43817.93477,3068.814594,17,0.064829229,3.460360135,education,self-employed,own,little,little,0,0.070035583,180.5185056,Senior,Below_Avg
37,17996.8558,3258.297823,39,0.044884516,6.466852653,car,self-employed,own,quite_rich,moderate,0,0.181048171,83.54609803,Middle,Low
50,60947.35443,14738.22493,9,0.299370557,3.517919559,furniture,unemployed,rent,little,little,1,0.241818945,1637.580548,Middle,Average
40,59637.93857,1781.122734,18,0.079722568,4.493547721,furniture,employed,own,moderate,moderate,0,0.029865599,98.951263,Middle,Average
53,20628.81844,2880.291155,15,0.16017733,7.150492068,business,employed,rent,little,moderate,0,0.139624631,192.0194104,Senior,Low
35,16501.93405,3135.900192,7,0.297556413,4.673657906,car,self-employed,rent,little,little,1,0.190032282,447.9857417,Adult,Low
26,31213.90736,4853.472109,6,0.158528561,4.780554545,education,employed,rent,moderate,little,0,0.155490694,808.9120182,Adult,Below_Avg
57,18513.16776,3956.488806,6,0.324849755,7.784692025,education,employed,own,little,rich,0,0.213712146,659.4148011,Senior,Low
38,12353.84206,1490.724817,6,0.261390025,14.88816684,business,employed,free,little,little,0,0.120668923,248.4541361,Middle,Low
42,41798.65023,3569.36095,26,0.143625456,2.363766261,vacation,employed,own,little,rich,0,0.085394168,137.2831135,Middle,Below_Avg
54,40466.25491,4538.534554,13,0.037362669,4.303300529,furniture,employed,own,moderate,rich,0,0.112156031,349.1180426,Senior,Below_Avg
27,23807.49681,2973.579521,27,0.111822401,0.451118059,furniture,employed,free,little,moderate,0,0.124900973,110.1325748,Adult,Low
47,11714.32374,8513.601936,6,0.850654141,2.222099552,car,employed,rent,moderate,moderate,0,0.726768538,1418.933656,Middle,Low
32,11911.22932,10255.06227,29,0.711194718,2.65556026,furniture,retired,own,moderate,little,1,0.860957505,353.622837,Adult,Low
38,23239.63823,4616.031537,6,0.159432146,9.016245621,car,employed,own,moderate,rich,1,0.198627513,769.3385895,Middle,Low
40,17155.335,5910.190063,6,0.310213843,3.601486173,vacation,employed,own,little,little,0,0.344510327,985.0316772,Middle,Low
21,18572.80205,872.3190169,13,-0.03955351,6.566453354,vacation,employed,free,moderate,moderate,0,0.04696755,67.10146284,Young,Low
30,36716.50195,3509.110208,52,0.182861003,0.095951814,furniture,employed,rent,moderate,little,0,0.095573108,67.48288861,Adult,Below_Avg
56,31779.91161,10980.29249,9,0.383191986,3.122703502,car,unemployed,own,moderate,rich,0,0.345510479,1220.032499,Senior,Below_Avg
50,43873.74429,3502.56464,13,0.008726982,11.57924663,car,self-employed,rent,moderate,rich,0,0.079832818,269.4280492,Middle,Below_Avg
39,13422.50948,2724.909945,10,0.263561761,1.270036815,vacation,self-employed,rent,little,moderate,0,0.203010469,272.4909945,Middle,Low
42,18553.32349,30398.57894,11,1.622602236,0.160148516,vacation,unemployed,own,moderate,little,1,1.638443859,2763.507176,Middle,Low
36,32192.5664,21062.75833,6,0.565254516,2.84058553,car,unemployed,rent,little,little,0,0.654273973,3510.459722,Middle,Below_Avg
56,27557.75245,7144.227236,9,0.187953801,6.094278717,education,employed,own,little,little,0,0.259245642,793.8030262,Senior,Low
37,47391.12203,12223.65746,12,0.301536487,3.029927887,car,employed,rent,little,moderate,1,0.257931379,1018.638122,Middle,Below_Avg
42,27180.86068,828.1975109,24,0.124370866,3.0807299,car,employed,own,rich,moderate,0,0.030469878,34.50822962,Middle,Low
53,55495.3522,2617.457871,6,-0.00151147,5.540360074,car,employed,rent,moderate,moderate,0,0.047165353,436.2429785,Senior,Average
30,28854.14399,3374.605479,15,0.171398061,1.467755027,education,self-employed,own,quite_rich,rich,0,0.116953928,224.9736986,Adult,Below_Avg
58,37462.05091,4069.257873,19,0.266798883,6.969411215,car,employed,own,quite_rich,little,0,0.108623468,214.171467,Senior,Below_Avg
21,18736.75771,3321.07825,8,0.051362301,0.830943161,car,self-employed,own,quite_rich,rich,0,0.177249357,415.1347812,Young,Low
59,22184.37754,639.0476152,14,0.064373187,2.518841306,car,employed,rent,little,little,0,0.0288062,45.64625823,Senior,Low
35,34733.92666,6693.014804,22,0.275759441,5.335685965,furniture,employed,own,moderate,little,0,0.192693872,304.2279456,Adult,Below_Avg
37,49339.93562,7592.55395,11,0.144367545,8.812042488,business,employed,rent,moderate,moderate,0,0.153882526,690.2321773,Middle,Below_Avg
18,31717.32925,17703.52468,7,0.681994002,7.839826356,car,self-employed,own,moderate,rich,1,0.558165681,2529.074954,Young,Below_Avg
34,21129.26054,2615.871494,31,0.343686971,6.395019333,vacation,self-employed,rent,little,little,0,0.123803267,84.38295141,Adult,Low
27,43856.03053,2450.064118,60,0.090201606,2.224380988,car,retired,own,little,little,1,0.055866071,40.83440197,Adult,Below_Avg
32,7361.438727,575.9451389,6,0.054879148,0.652276736,furniture,self-employed,own,rich,rich,0,0.078238122,95.99085649,Adult,Low
38,10817.09194,3886.042361,39,0.456948473,3.580633891,car,employed,own,quite_rich,rich,0,0.359250192,99.64211181,Middle,Low
51,30971.32675,10106.0489,14,0.410510276,10.00625127,car,employed,own,moderate,rich,0,0.32630339,721.8606359,Senior,Below_Avg
42,22182.39373,3012.681154,10,-0.116069026,9.736153057,car,self-employed,rent,little,little,0,0.135814069,301.2681154,Middle,Low
43,29814.69959,27303.10893,40,0.915486432,15.1372348,car,self-employed,rent,quite_rich,moderate,0,0.915759988,682.5777232,Middle,Below_Avg
26,22747.34607,4002.698875,43,0.136503388,0.39515463,vacation,employed,own,little,rich,1,0.175963335,93.08602035,Adult,Low
29,29303.81078,5528.06889,6,0.228317327,3.848079835,business,employed,rent,quite_rich,moderate,0,0.188646758,921.344815,Adult,Below_Avg
61,14658.83625,1651.629302,7,0.093305415,5.230332285,vacation,employed,own,rich,little,0,0.112671243,235.9470432,Senior,Low
31,29297.07741,6184.344371,34,0.20257322,6.200718733,car,employed,own,moderate,moderate,1,0.211090829,181.8924815,Adult,Below_Avg
59,36214.22455,1008.827621,12,-0.058464056,5.162202253,furniture,unemployed,rent,moderate,little,0,0.02785722,84.0689684,Senior,Below_Avg
37,40549.36104,8560.880825,6,0.284575381,7.348627463,car,self-employed,own,rich,little,0,0.211122459,1426.813471,Middle,Below_Avg
40,60281.29571,8773.951386,58,0.311054368,2.227308906,business,employed,rent,moderate,little,0,0.145550146,151.2750239,Middle,Average
52,24885.71497,14580.39562,6,0.501126987,0.988797183,medical,employed,free,little,moderate,1,0.585894182,2430.065936,Senior,Low
55,25259.44801,2173.349978,16,-0.053664431,1.144446207,vacation,self-employed,own,moderate,little,0,0.086041072,135.8343736,Senior,Low
38,10284.71167,5588.407795,10,0.545370712,0.060255061,car,self-employed,rent,little,rich,0,0.54337039,558.8407795,Middle,Low
35,16886.9143,7716.014456,10,0.454057133,2.156391133,furniture,employed,free,rich,little,0,0.456922699,771.6014456,Adult,Low
39,19999.42822,7001.119268,6,0.46715925,0.481145289,car,self-employed,own,moderate,little,0,0.350065971,1166.853211,Middle,Low
44,37240.78371,2459.616149,6,-0.056873191,1.939270674,car,self-employed,own,little,rich,0,0.066046305,409.9360249,Middle,Below_Avg
50,16228.09759,725.1760757,6,-0.009109067,4.947131539,car,employed,own,rich,moderate,0,0.04468645,120.8626793,Middle,Low
40,32799.54787,6487.082932,24,-0.016990679,11.24418172,car,unemployed,rent,moderate,little,0,0.197779645,270.2951222,Middle,Below_Avg
47,22008.61269,4350.30074,21,0.335161924,9.150592839,furniture,employed,rent,moderate,rich,0,0.19766356,207.1571781,Middle,Low
59,20159.19806,3123.356568,28,0.179989027,1.456270302,furniture,employed,rent,little,moderate,0,0.154934564,111.5484489,Senior,Low
44,24945.4566,9055.759933,21,0.316679125,0.719831911,furniture,employed,rent,moderate,moderate,0,0.363022416,431.2266635,Middle,Low
43,18113.66335,4741.289241,6,0.129524942,1.072605867,business,employed,rent,little,rich,1,0.26175209,790.2148735,Middle,Low
21,17773.81127,1710.676111,60,-0.0268006,17.69999638,car,employed,own,little,little,1,0.096247005,28.51126851,Young,Low
18,9391.939,1048.208891,6,0.153033983,3.986702773,car,self-employed,free,little,little,0,0.111607293,174.7014819,Young,Low
44,19458.18136,1991.870424,7,-0.008375773,1.007535477,education,employed,own,little,rich,1,0.102366731,284.5529177,Middle,Low
38,17326.90764,33336.55547,22,1.934376601,9.186279192,education,unemployed,own,moderate,little,0,1.923976059,1515.297976,Middle,Low
33,17017.70421,8762.36758,6,0.719191647,2.514214886,car,self-employed,free,moderate,rich,0,0.514897161,1460.394597,Adult,Low
42,27131.11576,5715.230304,6,0.175893478,11.47418355,vacation,employed,rent,moderate,little,0,0.21065224,952.538384,Middle,Low
39,30617.16188,4249.987234,37,0.042666176,1.51010274,furniture,employed,rent,moderate,little,0,0.13881062,114.8645198,Middle,Below_Avg
53,24738.03588,4032.273533,7,0.201199657,2.497959452,furniture,employed,own,rich,little,0,0.162998936,576.0390762,Senior,Low
41,36232.34819,12503.41126,19,0.222510556,3.515459961,furniture,employed,rent,little,moderate,1,0.34508973,658.0742767,Middle,Below_Avg
31,29371.52548,3319.347168,35,0.285010873,11.15668941,furniture,employed,rent,little,little,1,0.11301242,94.83849052,Adult,Below_Avg
51,19005.27602,7797.327522,60,0.550633699,10.15354,education,employed,rent,rich,little,0,0.410271733,129.9554587,Senior,Low
37,17475.79146,3719.176827,6,0.19640163,4.270748893,furniture,employed,free,little,rich,0,0.212818792,619.8628045,Middle,Low
46,25755.69685,23205.0523,6,0.811238434,1.253701243,car,employed,own,moderate,rich,0,0.900967752,3867.508717,Middle,Low
34,29345.17906,8900.215831,24,0.260716982,2.582181435,medical,employed,rent,moderate,little,0,0.303293969,370.8423263,Adult,Below_Avg
32,44308.07208,13312.32333,6,0.270882605,18.57264102,furniture,unemployed,rent,little,little,0,0.300449167,2218.720556,Adult,Below_Avg
41,39958.09354,3079.344967,15,0.115421075,4.67957548,business,employed,own,little,little,1,0.077064362,205.2896645,Middle,Below_Avg
40,16802.17291,11458.74978,13,0.785943465,7.595650096,furniture,employed,own,rich,rich,0,0.681980232,881.4422907,Middle,Low
45,20931.21491,3827.388744,14,0.079204284,2.987955113,furniture,employed,own,moderate,moderate,0,0.182855547,273.3849103,Middle,Low
36,30807.36003,5367.018715,18,0.275303181,3.796512645,car,employed,rent,little,rich,1,0.174212224,298.1677064,Middle,Below_Avg
18,37571.41831,18179.28679,34,0.545628038,2.801428543,business,self-employed,own,rich,rich,0,0.483859476,534.6849056,Young,Below_Avg
34,35224.06294,2134.0566,6,0.009806242,6.068785879,business,employed,own,rich,moderate,0,0.060585192,355.6761,Adult,Below_Avg
49,21334.08022,5782.539269,14,0.162375849,9.534875736,car,employed,own,little,little,1,0.271047039,413.0385192,Middle,Low
36,11766.22801,6977.208635,7,0.604609285,3.539918936,car,employed,own,moderate,little,1,0.592986013,996.7440908,Middle,Low
37,13366.83358,7450.254744,6,0.451409858,3.27798025,medical,employed,own,moderate,rich,0,0.557368707,1241.709124,Middle,Low
51,25243.31778,3426.766573,6,0.238117538,2.079747896,vacation,employed,own,little,moderate,0,0.135749453,571.1277622,Senior,Low
31,26137.14573,26082.27596,16,0.88551242,0.974582876,education,employed,rent,moderate,rich,0,0.997900698,1630.142248,Adult,Low
21,12716.55941,1744.205607,60,0.191930802,14.00475357,furniture,employed,own,little,rich,1,0.137160182,29.07009346,Young,Low
38,22522.83146,15789.62426,25,0.692988064,1.89956958,vacation,employed,rent,little,little,0,0.701049701,631.5849704,Middle,Low
34,30200.45225,12991.52479,6,0.37411401,8.064506103,car,retired,rent,little,little,0,0.430176498,2165.254131,Adult,Below_Avg
28,12386.80003,22487.4135,22,1.805150491,6.282422296,business,employed,rent,quite_rich,moderate,0,1.815433642,1022.155159,Adult,Low
37,38272.94776,1379.419891,6,0.144039959,7.825134238,furniture,employed,own,rich,little,0,0.036041642,229.9033152,Middle,Below_Avg
45,18237.48601,2452.67565,25,0.015259662,13.80473443,business,self-employed,rent,moderate,little,0,0.134485403,98.107026,Middle,Low
39,41307.79724,16212.76943,34,0.351271248,4.882470121,car,self-employed,own,moderate,little,0,0.392486904,476.8461598,Middle,Below_Avg
43,16869.68962,1094.845653,7,-0.010274191,11.41147877,education,self-employed,own,little,rich,0,0.064900166,156.4065219,Middle,Low
61,13183.05087,1359.446457,6,0.099259064,0.917795549,education,self-employed,own,moderate,rich,0,0.103120778,226.5744095,Senior,Low
35,17517.07687,3325.428346,6,0.121371139,4.927032911,vacation,employed,own,little,little,0,0.189839228,554.2380577,Adult,Low
43,21003.11289,5730.711832,6,0.09604247,7.398096049,business,employed,own,moderate,moderate,1,0.272850594,955.1186386,Middle,Low
33,18137.91988,17567.04634,17,0.86301221,1.584807,vacation,self-employed,own,rich,moderate,1,0.968525964,1033.355667,Adult,Low
29,19771.5495,4237.74797,6,0.378111155,6.749885473,vacation,unemployed,own,little,moderate,1,0.214335653,706.2913284,Adult,Low
32,26029.41633,3021.197882,6,0.14074142,3.580633891,furniture,employed,rent,moderate,moderate,1,0.116068599,503.5329804,Adult,Low
34,20219.65267,6305.08639,13,0.333065815,8.894846744,car,employed,free,moderate,little,0,0.311829609,485.0066454,Adult,Low
44,21310.25738,7155.790633,37,0.307529667,1.876252842,education,self-employed,own,little,little,1,0.335790906,193.3997468,Middle,Low
68,9371.10971,6995.286595,10,0.741311121,5.722337615,vacation,employed,own,moderate,little,0,0.746473663,699.5286595,Senior,Low
31,26791.74262,4262.499625,8,0.116116321,1.813847989,car,unemployed,rent,moderate,rich,0,0.159097513,532.8124531,Adult,Low
35,21065.63568,1028.576523,6,0.101520078,6.716948125,education,employed,rent,rich,moderate,0,0.048827225,171.4294205,Adult,Low
39,49273.73652,2358.79744,8,0.057952178,3.108540725,car,self-employed,own,little,rich,0,0.047871292,294.84968,Middle,Below_Avg
44,13769.58449,15309.31688,7,0.994694446,4.550852177,car,employed,rent,moderate,little,1,1.111821267,2187.045268,Middle,Low
43,8918.226079,5708.177931,60,0.66543,2.687901646,business,employed,rent,quite_rich,moderate,1,0.64005755,95.13629886,Middle,Low
55,30002.44769,3797.059782,6,-0.119315859,0.883584026,business,employed,rent,moderate,moderate,0,0.126558334,632.843297,Senior,Below_Avg
18,26193.41989,12022.49598,6,0.500375087,0.980254043,education,employed,own,moderate,moderate,0,0.458989167,2003.74933,Young,Low
18,13303.514,1990.033385,6,0.008651362,0.40371301,vacation,employed,own,little,little,1,0.149587048,331.6722309,Young,Low
34,10250.94856,4104.016852,35,0.39074933,4.812624748,car,self-employed,rent,little,little,0,0.400354838,117.2576243,Adult,Low
53,47510.13641,5487.382935,9,-0.003963556,9.440417947,car,employed,own,quite_rich,little,0,0.115499204,609.709215,Senior,Below_Avg
21,44669.90088,3452.6523,28,0.077574909,0.105284882,vacation,employed,own,little,rich,0,0.077292589,123.3090107,Young,Below_Avg
18,6350.39072,5327.355597,21,0.896729871,0.342676499,education,employed,own,quite_rich,moderate,0,0.838902019,253.6835998,Young,Low
46,17516.3233,4229.524502,47,0.391744597,3.057531759,car,self-employed,own,little,little,0,0.241461888,89.98988302,Middle,Low
42,50619.69594,1604.432775,6,-0.122439945,6.691727252,business,employed,own,little,little,1,0.03169582,267.4054625,Middle,Below_Avg
26,17360.77658,5682.703152,6,0.424877304,0.858140548,vacation,retired,free,little,little,0,0.327330009,947.117192,Adult,Low
28,17234.93802,1698.190526,21,0.111647132,1.584876944,business,self-employed,rent,moderate,moderate,0,0.098531861,80.86621553,Adult,Low
28,19122.48862,5611.044127,15,0.248359744,1.319868102,business,self-employed,rent,rich,moderate,0,0.293426459,374.0696085,Adult,Low
41,12576.07544,14754.5776,21,1.249211565,2.546227852,car,employed,own,quite_rich,rich,0,1.173225914,702.5989333,Middle,Low
32,9391.986718,3925.234769,15,0.394341961,1.274452713,car,self-employed,own,little,moderate,0,0.417934446,261.6823179,Adult,Low
45,37282.28856,1925.254597,15,0.123392977,2.173944482,vacation,employed,rent,little,little,0,0.051639925,128.3503064,Middle,Below_Avg
18,8765.085455,4440.000417,48,0.40732832,6.519750265,education,employed,rent,moderate,little,1,0.506555291,92.5000087,Young,Low
29,24925.2276,2526.077829,45,0.038046526,4.720998553,car,employed,rent,rich,little,0,0.101346229,56.13506286,Adult,Low
26,34313.34918,7907.818259,6,0.32481895,0.423334485,education,employed,own,little,little,0,0.230458945,1317.96971,Adult,Below_Avg
36,10661.4195,4366.028226,9,0.558056649,5.077043672,business,employed,rent,little,moderate,0,0.409516596,485.1142473,Middle,Low
33,13875.30331,19299.03939,12,1.387388163,3.241606907,car,employed,free,little,little,0,1.390891353,1608.253283,Adult,Low
49,40400.18302,12461.40662,7,0.029720369,13.63353389,business,employed,own,moderate,little,0,0.308449261,1780.200945,Middle,Below_Avg
18,28751.51844,4348.279795,6,0.131331599,1.707554768,car,employed,own,moderate,moderate,0,0.151236527,724.7132991,Young,Below_Avg
40,16177.18421,8712.266502,11,0.541795328,6.476173641,furniture,self-employed,rent,rich,little,0,0.538552716,792.0242275,Middle,Low
46,40179.99451,3588.217617,60,0.066026249,6.562633234,business,retired,rent,little,little,0,0.089303587,59.80362695,Middle,Below_Avg
62,40266.20706,5050.11103,6,0.159051952,1.251936455,car,self-employed,own,rich,moderate,0,0.125418096,841.6851716,Senior,Below_Avg
34,25198.16231,3680.679434,30,0.098378367,11.67676187,car,employed,rent,little,rich,1,0.14606936,122.6893145,Adult,Low
43,14043.56954,9073.966496,6,0.730016724,3.378336247,vacation,employed,own,little,little,1,0.646129637,1512.327749,Middle,Low
18,17912.88649,15465.86508,15,0.746721911,5.679754394,business,employed,rent,moderate,moderate,0,0.863393239,1031.057672,Young,Low
18,25417.50457,9310.690786,8,0.489995055,0.788274823,furniture,employed,own,rich,moderate,0,0.366310184,1163.836348,Young,Low
50,20044.34976,10275.82452,7,0.667662303,1.49070904,car,retired,own,little,moderate,1,0.512654421,1467.974931,Middle,Low
39,35223.84648,10284.84519,36,0.200679321,4.410740388,furniture,employed,rent,quite_rich,moderate,0,0.291985294,285.6901441,Middle,Below_Avg
54,10250.81978,7638.868261,60,0.653835858,1.921165076,education,self-employed,rent,rich,rich,1,0.74519584,127.314471,Senior,Low
23,10434.4513,1975.488666,8,0.230393206,3.462666031,car,self-employed,free,little,little,0,0.189323675,246.9360833,Young,Low
46,24111.29196,19163.77803,18,0.676083068,2.342066068,furniture,self-employed,own,rich,little,0,0.794805109,1064.654335,Middle,Low
62,17226.90687,20817.07123,14,1.159144181,5.11595378,furniture,unemployed,rent,moderate,moderate,1,1.208404468,1486.933659,Senior,Low
45,16098.40846,4076.101587,6,0.363451737,3.338814161,furniture,employed,own,rich,rich,0,0.253199041,679.3502646,Middle,Low
43,9099.471741,3653.502837,6,0.475267812,0.023102972,car,employed,own,quite_rich,little,0,0.401507136,608.9171395,Middle,Low
40,22242.78404,8021.889907,26,0.558670976,5.244553242,car,unemployed,own,rich,moderate,1,0.360651342,308.5342272,Middle,Low
21,21453.05731,7636.160994,9,0.373025862,2.741958694,medical,employed,own,little,little,0,0.355947448,848.4623326,Young,Low
56,30538.37874,4181.574566,6,0.075844705,2.090460018,medical,employed,rent,rich,rich,0,0.136928506,696.9290943,Senior,Below_Avg
32,22798.56938,1808.005306,60,0.084427805,0.494389821,furniture,employed,own,moderate,moderate,1,0.079303454,30.13342176,Adult,Low
46,20613.42746,6276.457153,6,0.289425084,1.24467717,business,self-employed,rent,moderate,little,0,0.304483918,1046.076192,Middle,Low
21,39675.94321,7639.972102,6,0.178903595,1.266546816,business,employed,rent,little,moderate,0,0.192559306,1273.328684,Young,Below_Avg
25,11427.36673,8783.734329,34,0.766277408,13.69534417,car,unemployed,own,quite_rich,moderate,1,0.768657779,258.3451273,Young,Low
57,28801.84163,6499.199002,9,0.132475532,2.832686964,car,employed,free,moderate,little,0,0.225652203,722.1332225,Senior,Below_Avg
35,9551.241429,3956.471538,15,0.442458141,0.214881187,furniture,self-employed,own,moderate,rich,0,0.414236366,263.7647692,Adult,Low
57,14484.27794,10885.66028,6,0.610683756,0.747239423,education,self-employed,free,moderate,little,1,0.751550083,1814.276714,Senior,Low
39,12012.12018,5180.613674,45,0.359599544,0.411653609,education,employed,free,rich,little,1,0.431282205,115.1247483,Middle,Low
18,32564.28022,3388.22542,6,0.092159423,4.444221648,medical,employed,free,little,moderate,0,0.1040473,564.7042367,Young,Below_Avg
50,21317.7403,4253.414259,6,-0.026430701,1.032793539,business,unemployed,rent,rich,rich,0,0.199524631,708.9023764,Middle,Low
32,21878.25232,1215.881703,6,0.132474054,3.45133307,vacation,self-employed,own,little,little,0,0.055574901,202.6469505,Adult,Low
48,12665.45524,4248.012649,12,0.130086046,2.310669885,vacation,self-employed,own,rich,moderate,0,0.335401497,354.0010541,Middle,Low
40,18961.26043,8524.92254,30,0.516555597,8.145050449,vacation,employed,rent,moderate,little,0,0.449596828,284.1640847,Middle,Low
21,15036.97352,6449.942001,6,0.299657913,1.931913975,furniture,employed,own,moderate,rich,0,0.428938842,1074.990334,Young,Low
41,26681.54768,16589.6011,6,0.581271205,3.064896087,car,employed,rent,moderate,little,1,0.621763074,2764.933517,Middle,Low
66,13419.36957,3982.320899,9,0.348672229,6.387837465,education,employed,rent,little,moderate,0,0.296759164,442.4800999,Senior,Low
45,42825.85049,7257.934262,60,0.389289495,2.840077899,business,self-employed,own,moderate,moderate,0,0.169475543,120.965571,Middle,Below_Avg
39,9530.09319,9266.788339,6,0.984016417,7.880391325,furniture,employed,own,quite_rich,little,0,0.97237122,1544.464723,Middle,Low
52,14716.72798,32025.4317,12,1.977861825,5.41887981,vacation,self-employed,own,rich,little,0,2.176124457,2668.785975,Senior,Low
42,50950.01102,5518.229764,19,0.203676257,2.642649739,medical,employed,rent,little,little,0,0.108306743,290.4331455,Middle,Below_Avg
42,17719.67044,2131.647123,29,0.09710651,3.505714564,education,employed,own,quite_rich,rich,1,0.12029835,73.5050732,Middle,Low
26,11413.59728,9685.091299,24,0.855547966,17.08716065,furniture,unemployed,rent,rich,little,1,0.8485573,403.5454708,Adult,Low
42,24576.24933,21863.67548,6,0.94541251,5.417803125,vacation,unemployed,rent,little,rich,1,0.889626207,3643.945913,Middle,Low
52,17366.59616,3796.979009,11,-0.003900881,11.76914068,car,unemployed,own,moderate,little,1,0.218636915,345.1799099,Senior,Low
29,14502.33387,9632.18362,6,0.664835306,0.984690318,car,self-employed,rent,little,little,0,0.664181621,1605.363937,Adult,Low
57,12734.42958,13134.30048,17,0.990431381,3.580633891,vacation,self-employed,rent,little,rich,1,1.03140077,772.6059103,Senior,Low
38,87920.37047,11088.37382,6,0.248301861,11.96592377,business,unemployed,own,rich,moderate,0,0.12611837,1848.062304,Middle,Above_Avg
29,19423.21055,5434.087097,6,0.352484233,1.947555721,furniture,self-employed,free,little,moderate,0,0.279772856,905.6811828,Adult,Low
51,8410.332764,2810.790371,6,0.171506604,17.15790123,vacation,retired,own,moderate,rich,0,0.334206796,468.4650618,Senior,Low
36,46483.60178,4605.361106,50,0.225337548,0.510592719,furniture,employed,own,rich,rich,0,0.099074963,92.10722211,Middle,Below_Avg
49,29897.65872,7093.118468,22,0.282199129,11.64830018,education,unemployed,rent,quite_rich,little,0,0.23724662,322.4144758,Middle,Below_Avg
36,15014.4265,10163.70194,6,0.522204922,2.945847201,education,employed,own,little,little,1,0.676929082,1693.950324,Middle,Low
39,13814.036,6419.888561,6,0.470311942,0.383024015,car,employed,own,little,little,1,0.464736632,1069.981427,Middle,Low
45,30845.19915,3626.682606,6,0.221059502,10.58142367,car,employed,rent,moderate,rich,0,0.117576891,604.447101,Middle,Below_Avg
43,19468.26214,7664.110403,6,0.272267649,1.451361871,medical,unemployed,rent,rich,little,0,0.393672036,1277.351734,Middle,Low
18,8408.606896,9779.738791,20,1.300820642,0.112506968,car,employed,own,quite_rich,moderate,1,1.163062908,488.9869396,Young,Low
26,53831.81791,6658.756572,25,-0.027567323,0.729796388,car,retired,own,little,rich,1,0.123695555,266.3502629,Adult,Average
51,17729.84699,2517.572212,29,0.062873556,5.381046724,furniture,employed,own,moderate,moderate,0,0.141996274,86.81283491,Senior,Low
38,46526.89764,4250.853955,43,-0.002923718,19.04090326,car,employed,rent,little,little,0,0.091363365,98.85706871,Middle,Below_Avg
33,41740.09593,10490.8279,8,0.389030311,0.590890103,vacation,employed,rent,rich,little,0,0.251336938,1311.353488,Adult,Below_Avg
23,13352.98491,1625.524404,35,0.072633295,3.099000793,car,employed,rent,little,little,0,0.121734909,46.44355441,Young,Low
27,36923.18425,920.9977397,23,-0.091338084,0.996137609,education,self-employed,rent,rich,little,0,0.024943616,40.04337999,Adult,Below_Avg
18,15903.24929,16423.4633,13,1.077232265,6.833175075,furniture,self-employed,own,little,little,1,1.032711177,1263.34333,Young,Low
38,8661.556386,7399.237283,55,0.920379961,0.628150025,vacation,employed,own,rich,little,0,0.854261862,134.531587,Middle,Low
32,17813.30479,7985.510588,53,0.515042722,1.371143208,education,employed,own,little,rich,0,0.448289112,150.6700111,Adult,Low
28,26871.42547,2076.722941,41,0.050149774,1.093305361,furniture,employed,own,moderate,rich,0,0.077283691,50.65177905,Adult,Low
39,17476.83687,8866.385107,6,0.532775503,4.020614721,medical,unemployed,rent,moderate,rich,1,0.507322073,1477.730851,Middle,Low
44,18891.65992,6125.397615,6,0.259214881,10.32509394,car,employed,rent,little,little,0,0.32423819,1020.899603,Middle,Low
65,39018.18203,1383.729872,41,0.202943888,3.577886335,education,employed,own,little,rich,1,0.03546372,33.74950907,Senior,Below_Avg
21,23231.09565,15358.53664,9,0.775540287,0.300042401,medical,employed,rent,little,moderate,1,0.661119771,1706.504071,Young,Low
53,14448.5717,5580.014528,28,0.494494031,4.143562408,business,self-employed,own,little,rich,0,0.386198348,199.2862331,Senior,Low
51,31288.78989,3580.052797,20,0.193831257,7.985595491,business,employed,own,little,rich,0,0.114419663,179.0026399,Senior,Below_Avg
30,24314.73401,3632.2523,25,0.201358156,0.708717657,car,employed,own,moderate,rich,0,0.149384826,145.290092,Adult,Low
42,6242.884407,980.2645416,6,0.032584846,0.377451174,car,self-employed,rent,rich,little,0,0.157021094,163.3774236,Middle,Low
34,27287.29414,7900.404816,10,0.352856992,1.040091198,car,retired,own,rich,moderate,0,0.289526868,790.0404816,Adult,Low
42,26793.49341,6060.125363,35,0.237605516,6.853804617,medical,self-employed,rent,little,moderate,0,0.226178993,173.1464389,Middle,Low
58,22249.18293,4207.971132,12,0.315465652,4.478525629,medical,employed,own,little,little,1,0.189129243,350.664261,Senior,Low
47,34401.32261,13667.66586,21,0.478042511,3.889111759,furniture,employed,free,rich,little,0,0.397300593,650.8412314,Middle,Below_Avg
46,15737.52407,1624.430846,25,0.158258276,1.434944195,car,retired,own,moderate,little,0,0.103220229,64.97723384,Middle,Low
34,26062.42483,3049.039857,6,-0.051432603,2.019106763,car,employed,rent,little,rich,0,0.116989876,508.1733094,Adult,Low
22,10061.99078,2489.888965,6,0.238554851,16.89009244,furniture,employed,rent,little,rich,1,0.247454904,414.9814942,Young,Low
37,26998.73229,3932.23803,23,0.089856058,1.376299255,furniture,employed,own,little,moderate,0,0.145645284,170.9668709,Middle,Low
54,58485.24901,5187.338441,6,0.113931409,11.595881,business,retired,own,little,moderate,1,0.088694817,864.5564069,Senior,Average
21,13394.12991,6932.74293,7,0.476040789,4.34383428,vacation,self-employed,own,rich,little,0,0.517595617,990.3918471,Young,Low
27,15064.54026,3723.506972,45,0.219575725,0.657931949,business,self-employed,free,little,moderate,1,0.247170302,82.74459937,Adult,Low
41,15444.25361,2436.00678,15,0.203632397,3.14910051,education,employed,rent,quite_rich,little,1,0.157729007,162.400452,Middle,Low
28,23505.7209,18935.7237,43,0.762365553,14.83559944,business,employed,rent,rich,little,1,0.805579364,440.3656674,Adult,Low
30,12945.2197,33837.06754,6,2.626024993,2.711285609,business,employed,rent,rich,rich,0,2.613865839,5639.511257,Adult,Low
34,27190.52074,5511.705253,18,0.050765677,9.952999911,furniture,employed,own,little,moderate,0,0.202706866,306.2058474,Adult,Low
23,33638.27965,2682.691086,6,-0.00348901,1.481453064,furniture,unemployed,own,little,moderate,1,0.079751138,447.1151811,Young,Below_Avg
28,28772.44988,16000.30886,6,0.621702601,4.230584561,car,employed,own,moderate,little,0,0.556098244,2666.718143,Adult,Below_Avg
48,9097.839868,1544.714395,60,0.046769927,9.284756881,business,employed,own,little,little,0,0.169789139,25.74523992,Middle,Low
24,36227.86426,3760.026711,6,0.22836076,12.671857,medical,unemployed,rent,quite_rich,moderate,1,0.103788252,626.6711184,Young,Below_Avg
20,35195.85881,2816.094736,6,0.17745204,3.325942144,education,employed,rent,little,little,0,0.080012105,469.3491227,Young,Below_Avg
32,33358.92682,1943.744526,33,0.031444604,5.103926198,medical,self-employed,free,rich,little,0,0.058267598,58.90134927,Adult,Below_Avg
48,26540.34015,3928.372958,29,0.447888581,0.014922901,car,self-employed,own,moderate,little,1,0.14801517,135.4611365,Middle,Low
37,24589.98824,2461.835125,60,0.224425702,1.459945388,business,unemployed,own,rich,little,0,0.100115344,41.03058542,Middle,Low
34,36908.40933,4964.776554,6,0.039588184,1.6335846,vacation,self-employed,rent,moderate,little,0,0.134516135,827.4627591,Adult,Below_Avg
40,57627.59108,5022.794515,6,0.161776949,0.490782698,education,self-employed,own,moderate,little,0,0.087159543,837.1324192,Middle,Average
19,13677.12172,2989.718818,10,0.225178996,1.640402821,medical,employed,own,quite_rich,moderate,1,0.218592689,298.9718818,Young,Low
45,37762.15531,3654.042305,16,0.019093456,1.936569461,education,employed,own,little,little,0,0.096764665,228.3776441,Middle,Below_Avg
44,21097.11227,4085.99612,6,0.086684697,17.3312465,car,unemployed,own,little,little,1,0.193675611,680.9993533,Middle,Low
35,20643.65885,9394.473303,6,0.554567252,5.522181787,car,employed,free,little,rich,0,0.455077919,1565.745551,Adult,Low
52,10216.24781,4364.489372,21,0.367416055,3.580633891,education,self-employed,own,moderate,little,0,0.427210601,207.8328273,Senior,Low
26,19103.08836,9506.788417,19,0.48746951,22.13698675,medical,employed,rent,little,little,0,0.497657145,500.3572851,Adult,Low
53,13378.00903,7852.995944,6,0.494905229,0.83164454,car,employed,rent,little,little,0,0.587007822,1308.832657,Senior,Low
41,17467.07196,7763.779608,48,0.369665092,3.231806489,education,employed,own,little,little,1,0.444480885,161.7454085,Middle,Low
35,12719.69436,14917.29827,6,1.160078835,5.207317308,business,employed,rent,rich,little,1,1.172771755,2486.216378,Adult,Low
39,17598.09271,2007.18254,39,0.152875052,0.285924842,car,retired,own,moderate,moderate,0,0.114056823,51.46621897,Middle,Low
38,17978.7327,3365.909591,46,-0.07161974,6.311521732,car,unemployed,own,rich,little,0,0.187216176,73.17194763,Middle,Low
54,23118.2461,20143.54241,12,0.873018564,0.526065704,furniture,employed,rent,little,little,1,0.871326584,1678.628534,Senior,Low
27,9824.406903,4000.388657,9,0.332576719,0.755756047,car,self-employed,own,rich,little,0,0.40718882,444.4876285,Adult,Low
30,10691.89146,516.9266809,6,0.188583808,0.869919137,car,employed,own,moderate,little,0,0.048347543,86.15444682,Adult,Low
52,26395.71949,4178.156191,29,0.452564422,13.21762434,car,self-employed,own,moderate,little,0,0.158289157,144.0743514,Senior,Low
32,14783.7065,5475.02228,6,0.334413748,5.747984129,car,self-employed,own,little,little,0,0.370341651,912.5037134,Adult,Low
50,37694.32739,605.6543877,17,-0.156155335,5.32725382,education,employed,own,little,rich,0,0.016067521,35.62672869,Middle,Below_Avg
60,24652.53123,14287.61721,15,0.591247543,4.053952965,business,employed,own,quite_rich,little,0,0.579559846,952.5078142,Senior,Low
35,29833.31721,2776.732148,6,0.072531938,1.73225125,business,self-employed,own,rich,rich,0,0.093074871,462.7886913,Adult,Below_Avg
48,44593.62365,6392.306853,60,0.340480824,4.849640497,education,retired,free,little,rich,1,0.14334576,106.5384476,Middle,Below_Avg
26,18866.5274,4101.937753,33,0.384077735,2.639432684,medical,self-employed,own,quite_rich,moderate,0,0.2174188,124.301144,Adult,Low
49,16527.09852,1753.411968,6,0.192630649,0.785703269,vacation,unemployed,own,little,moderate,0,0.106093152,292.235328,Middle,Low
42,34059.05787,2087.230804,9,0.002613285,5.849423805,medical,self-employed,own,moderate,rich,0,0.061282694,231.9145338,Middle,Below_Avg
45,28417.39629,2326.066054,8,0.149630252,0.693909579,furniture,employed,rent,rich,little,0,0.081853595,290.7582568,Middle,Below_Avg
32,20057.027,11713.97119,38,0.610533912,1.057733904,vacation,unemployed,rent,little,little,1,0.584033276,308.2623998,Adult,Low
20,44166.81453,4367.602234,6,0.123021096,8.510489112,business,employed,free,little,little,1,0.098888776,727.9337056,Young,Below_Avg
46,19808.72636,3237.34098,60,0.007607057,5.395770605,furniture,employed,rent,moderate,moderate,0,0.163430042,53.95568301,Middle,Low
18,22390.38308,2326.948124,6,0.210105765,4.984673315,car,self-employed,own,moderate,little,0,0.103926231,387.8246873,Young,Low
36,22261.44028,12796.41301,6,0.585604961,2.708166593,business,employed,own,little,rich,0,0.574824129,2132.735502,Middle,Low
51,13803.85324,15856.91589,19,1.138646992,2.523228116,car,employed,rent,little,little,0,1.148731127,834.5745206,Senior,Low
42,22897.72168,12680.17614,6,0.493758927,5.860152335,car,self-employed,rent,quite_rich,rich,0,0.553774577,2113.36269,Middle,Low
63,44284.06075,7287.748076,39,0.085206548,6.735474753,education,employed,own,little,little,0,0.164568198,186.8653353,Senior,Below_Avg
52,27514.93309,6197.269269,6,0.256958798,3.568925447,business,unemployed,rent,little,moderate,0,0.22523294,1032.878211,Senior,Low
32,22371.24512,1857.988529,60,-0.091863749,17.41245657,medical,retired,rent,rich,moderate,1,0.083052531,30.96647549,Adult,Low
40,20315.03151,4037.353567,37,0.277687129,15.58380323,education,employed,rent,little,little,1,0.198737254,109.117664,Middle,Low
39,25989.1264,2843.843716,32,0.004013824,2.658795116,business,employed,rent,little,rich,1,0.109424367,88.87011613,Middle,Low
21,32044.57926,1140.920091,9,-0.170263916,8.591306927,furniture,self-employed,rent,quite_rich,little,0,0.035604153,126.7688989,Young,Below_Avg
28,29870.28389,11448.73744,12,0.565471374,3.918290733,business,employed,own,quite_rich,little,1,0.383281842,954.061453,Adult,Below_Avg
33,18658.69561,2816.741623,10,0.065152631,3.584698839,furniture,employed,own,little,rich,0,0.150961336,281.6741623,Adult,Low
18,25910.16902,12794.28065,60,0.421577877,0.28266161,vacation,self-employed,own,rich,little,0,0.493793793,213.2380109,Young,Low
40,28000.28228,9950.689464,6,0.468832017,4.266282847,furniture,self-employed,own,rich,little,0,0.355378184,1658.448244,Middle,Low
37,13311.75164,7672.320426,8,0.761800029,11.54190582,furniture,employed,free,moderate,little,0,0.576356939,959.0400532,Middle,Low
19,23959.38228,8024.922233,60,0.181638454,7.573681616,furniture,self-employed,own,moderate,moderate,0,0.334938612,133.7487039,Young,Low
44,7475.214226,3004.146843,8,0.306264231,7.716311739,vacation,self-employed,rent,little,moderate,0,0.401881037,375.5183554,Middle,Low
48,28036.62177,21726.32898,9,0.686658896,0.871344564,medical,employed,rent,little,moderate,1,0.774926778,2414.036553,Middle,Low
42,30643.36763,5087.288949,17,0.259496154,2.219336469,furniture,self-employed,rent,moderate,moderate,1,0.166015988,299.2522911,Middle,Below_Avg
36,32009.02147,6257.55835,42,0.359406798,1.327678399,furniture,employed,rent,rich,little,0,0.195493585,148.9894845,Middle,Below_Avg
47,18078.46218,2924.090974,6,0.053719197,1.898367565,business,employed,own,moderate,little,0,0.161744453,487.3484956,Middle,Low
48,25707.12366,2333.367522,53,0.232241885,4.332021838,vacation,self-employed,own,little,moderate,0,0.090767351,44.02580229,Middle,Low
43,44890.29587,7200.003615,6,0.089487682,2.268949433,furniture,unemployed,free,little,moderate,0,0.160391093,1200.000602,Middle,Below_Avg
30,44662.29106,5848.911162,30,0.164570891,4.112838799,car,employed,own,moderate,little,0,0.130958601,194.9637054,Adult,Below_Avg
43,21707.51191,2613.689509,6,-0.006740529,2.88572864,furniture,unemployed,own,moderate,little,1,0.120404841,435.6149182,Middle,Low
54,23615.52976,1555.04323,6,0.05365529,1.688674076,education,employed,own,little,rich,0,0.065848331,259.1738717,Senior,Low
32,38386.28727,1779.453423,30,0.035245215,0.501331092,furniture,employed,own,moderate,rich,1,0.046356487,59.31511408,Adult,Below_Avg
65,10400.39424,12796.24406,10,1.198845611,11.12064702,car,employed,own,rich,moderate,0,1.230361442,1279.624406,Senior,Low
33,18740.8728,3009.101922,8,0.199060694,0.057192687,car,employed,free,little,little,0,0.160563596,376.1377402,Adult,Low
40,42949.71225,3747.60843,10,-0.013447358,0.008269275,business,employed,rent,little,moderate,0,0.087255728,374.760843,Middle,Below_Avg
31,35867.98059,15682.05285,17,0.34884361,8.766476165,medical,unemployed,rent,little,little,1,0.43721594,922.4736972,Adult,Below_Avg
42,26492.89569,2002.75608,6,0.119383182,28.74014589,medical,employed,own,quite_rich,moderate,0,0.075595967,333.79268,Middle,Low
19,10374.26809,2747.383105,6,0.399030225,6.493301065,business,employed,own,moderate,moderate,0,0.264826692,457.8971842,Young,Low
33,21483.59465,2657.089254,11,0.12139855,0.076958423,vacation,self-employed,rent,moderate,little,0,0.123679919,241.5535685,Adult,Low
26,16400.09328,17934.02069,6,1.143898704,1.285377845,car,employed,rent,rich,little,0,1.093531627,2989.003448,Adult,Low
41,25991.35993,24214.49744,18,1.007444418,17.846193,education,self-employed,rent,little,moderate,1,0.931636417,1345.249858,Middle,Low
51,14695.94167,8966.499022,31,0.693184883,8.267060082,car,employed,rent,little,rich,0,0.610134364,289.2419039,Senior,Low
47,13188.99835,9197.69124,23,0.602023552,4.182777016,business,employed,free,moderate,moderate,0,0.697376025,399.8996191,Middle,Low
18,7844.495551,3089.350018,11,0.316122901,1.35157354,medical,self-employed,own,moderate,moderate,0,0.393823924,280.8500017,Young,Low
64,40574.7951,23338.57359,14,0.506191344,0.072372286,vacation,employed,own,little,little,0,0.575198803,1667.040971,Senior,Below_Avg
43,18035.81432,6088.499869,6,0.530441699,0.105410738,education,employed,rent,little,moderate,0,0.337578318,1014.749978,Middle,Low
30,23826.95762,9725.321349,43,0.458983924,4.733503099,business,employed,free,moderate,moderate,1,0.40816463,226.1702639,Adult,Low
41,22001.83068,4516.894815,14,0.251627889,0.110368591,medical,employed,own,rich,little,0,0.205296317,322.635344,Middle,Low
42,12916.78663,3966.24043,6,0.343684499,25.28089045,car,self-employed,rent,little,little,0,0.307060923,661.0400717,Middle,Low
31,11736.60119,18591.0174,6,1.451941204,1.012930515,business,employed,rent,moderate,moderate,1,1.584020545,3098.5029,Adult,Low
42,13324.26965,7568.717731,19,0.761859017,6.201582573,car,employed,own,quite_rich,moderate,1,0.56803997,398.3535648,Middle,Low
32,15343.01776,15695.04551,15,1.070862593,0.842446652,vacation,employed,rent,little,little,0,1.02294384,1046.336367,Adult,Low
35,26457.71623,6028.554467,6,0.300172203,3.883659497,car,employed,own,moderate,little,1,0.227856192,1004.759078,Adult,Low
31,14796.42932,2493.161271,9,-0.008054634,0.420231369,car,unemployed,rent,moderate,rich,0,0.168497495,277.017919,Adult,Low
22,52746.11059,3081.974228,20,0.136394745,7.278831548,business,retired,rent,little,little,1,0.05843036,154.0987114,Young,Below_Avg
41,36811.866,5336.750328,6,0.109352398,4.396433218,car,employed,rent,rich,little,0,0.144973643,889.4583881,Middle,Below_Avg
47,32997.25895,2977.382468,12,-0.042047092,0.45053551,car,employed,own,rich,rich,0,0.090231206,248.1152057,Middle,Below_Avg
46,20747.28241,2026.429939,6,0.0022957,9.438693608,education,employed,own,rich,little,0,0.097672066,337.7383232,Middle,Low
49,46964.17556,12850.44378,6,0.147132838,3.959521233,vacation,employed,rent,little,little,0,0.273622258,2141.740631,Middle,Below_Avg
43,19751.74626,3178.306998,8,0.032734289,12.72916635,car,employed,own,rich,little,0,0.160912709,397.2883747,Middle,Low
33,21684.85334,5489.28999,23,0.259194146,12.42193634,vacation,employed,own,moderate,rich,0,0.253139364,238.6647822,Adult,Low
50,23980.28396,6228.600028,6,0.221062098,12.66048122,vacation,self-employed,own,little,little,0,0.259738377,1038.100005,Middle,Low
23,31285.54724,3070.137107,25,0.131539696,3.580633891,education,employed,rent,little,moderate,0,0.09813276,122.8054843,Young,Below_Avg
29,30286.39981,15687.81496,19,0.685579753,0.644611649,education,retired,own,quite_rich,moderate,1,0.517982166,825.6744718,Adult,Below_Avg
28,17368.91444,2010.797304,12,0.102819518,21.99314231,car,employed,rent,moderate,little,0,0.115769889,167.566442,Adult,Low
52,16873.55935,6059.000981,60,0.134593636,3.34325656,furniture,self-employed,rent,rich,little,1,0.359082566,100.9833497,Senior,Low
51,30331.78582,5984.297086,38,0.173098764,1.36044836,car,unemployed,rent,little,little,0,0.197294585,157.4815023,Senior,Below_Avg
45,31496.07746,4706.012934,14,0.268755286,7.341091437,car,employed,free,rich,rich,0,0.149415842,336.143781,Middle,Below_Avg
52,18093.79675,1741.443959,14,0.087651411,1.534563821,furniture,unemployed,own,little,rich,0,0.096245359,124.3888542,Senior,Low
29,9960.733228,9864.069015,6,1.143228538,6.49536931,furniture,employed,own,little,rich,1,0.990295472,1644.011503,Adult,Low
44,19857.59737,8908.922096,45,0.493934643,9.078799276,business,retired,own,quite_rich,little,0,0.448640484,197.9760466,Middle,Low
38,30084.42574,2862.770603,40,-0.088669079,7.668484773,education,retired,rent,little,little,0,0.095157894,71.56926507,Middle,Below_Avg
50,54323.2952,8655.842156,24,0.170297641,1.601355589,medical,employed,free,moderate,moderate,0,0.159339416,360.6600899,Middle,Average
38,12100.7295,6633.754079,6,0.577911217,2.567634462,car,self-employed,own,rich,moderate,0,0.548211088,1105.62568,Middle,Low
35,17795.73985,1764.301753,21,0.207177384,2.66579077,car,employed,own,rich,moderate,0,0.099141804,84.01436919,Adult,Low
46,18129.54522,2482.091594,6,0.318872309,3.379217956,education,employed,own,moderate,rich,0,0.136908652,413.6819323,Middle,Low
50,43386.45913,12217.50644,6,0.372369776,0.91584669,car,employed,rent,moderate,rich,1,0.281597224,2036.251073,Middle,Below_Avg
31,21644.98896,6295.138502,25,0.334883818,3.011690582,business,employed,rent,moderate,little,0,0.290835838,251.8055401,Adult,Low
39,13993.33915,3129.278179,57,0.291245093,3.574745529,education,self-employed,rent,little,moderate,0,0.223626266,54.89961718,Middle,Low
27,29124.8675,2473.079186,6,0.068112296,3.793326871,furniture,employed,own,little,moderate,0,0.084912976,412.1798643,Adult,Below_Avg
18,17991.96845,3254.145372,6,0.034578772,8.571227071,furniture,self-employed,own,little,moderate,0,0.180866556,542.3575619,Young,Low
42,11941.87445,3444.094748,6,0.292554479,3.642157043,furniture,employed,rent,little,moderate,0,0.28840487,574.0157913,Middle,Low
47,14095.53481,2497.959741,59,0.213745419,1.31191682,furniture,retired,rent,little,rich,0,0.177216386,42.33830069,Middle,Low
43,52418.82058,1219.978738,21,-0.097092085,5.440272171,car,employed,own,little,moderate,0,0.023273678,58.09422564,Middle,Below_Avg
18,26691.61128,12234.4452,20,0.591025096,7.980490032,car,employed,own,little,little,0,0.458362932,611.7222598,Young,Low
35,23245.80647,10684.04662,12,0.560152887,1.923694438,education,self-employed,free,little,little,1,0.459611786,890.3372186,Adult,Low
18,19439.32066,1774.71591,13,-0.04588098,5.182498165,car,unemployed,own,moderate,rich,0,0.091295161,136.5166085,Young,Low
56,25490.83924,5481.033935,6,0.351602981,0.794615224,business,self-employed,own,little,rich,0,0.215019752,913.5056559,Senior,Low
26,25339.45568,2387.995136,6,0.063408754,2.092191774,car,employed,own,rich,little,0,0.094240191,397.9991894,Adult,Low
55,25491.09397,3986.808126,27,0.078550884,11.99679785,car,employed,own,rich,moderate,0,0.15640004,147.6595602,Senior,Low
51,23328.30117,3730.086625,11,0.267823108,12.11293713,car,employed,own,little,little,0,0.159895339,339.098784,Senior,Low
29,34009.63579,3490.263897,6,0.097520294,4.282150583,furniture,employed,rent,little,little,0,0.102625736,581.7106494,Adult,Below_Avg
26,22282.39476,24400.46985,18,1.284974522,6.059209437,car,employed,own,rich,little,0,1.09505599,1355.581658,Adult,Low
44,13507.90816,3455.558774,6,0.170528657,9.621271232,car,employed,own,quite_rich,little,0,0.255817461,575.9264624,Middle,Low
29,16216.5654,2574.444187,12,-0.014411779,15.91672124,furniture,employed,rent,little,little,0,0.158753973,214.5370156,Adult,Low
41,8188.538022,2670.269964,6,0.298054672,3.36560956,furniture,self-employed,free,little,moderate,0,0.3260985,445.044994,Middle,Low
34,60682.37412,11327.87255,25,0.265597091,4.122840998,vacation,self-employed,rent,little,rich,0,0.186674841,453.1149021,Adult,Average
18,33907.01811,1310.701979,6,-0.054058526,2.686203643,vacation,employed,rent,moderate,moderate,1,0.038655773,218.4503299,Young,Below_Avg
18,14544.44994,2670.18134,10,0.050577609,0.37352041,car,employed,free,quite_rich,little,0,0.183587647,267.018134,Young,Low
42,19131.23417,15637.9866,25,0.840298793,2.747862341,car,employed,rent,rich,little,0,0.817406053,625.5194642,Middle,Low
33,16019.49606,5974.10127,19,0.226558196,7.818197748,education,employed,free,moderate,little,0,0.372926917,314.4263826,Adult,Low
33,47632.6441,5730.382744,9,0.150972958,8.170843515,vacation,self-employed,rent,rich,little,0,0.120303688,636.7091938,Adult,Below_Avg
48,10829.84922,27057.43663,6,2.464350745,11.14560982,medical,self-employed,rent,little,rich,1,2.49841305,4509.572772,Middle,Low
54,23323.99713,5985.399478,45,0.306066449,0.264191938,car,self-employed,rent,moderate,little,0,0.2566198,133.0088773,Senior,Low
36,20863.07395,2789.035374,6,-0.004700021,3.744933859,furniture,employed,free,little,little,0,0.133682859,464.839229,Middle,Low
35,33303.55128,3921.926847,23,0.247579337,0.568220808,business,unemployed,rent,little,little,0,0.117763022,170.5185585,Adult,Below_Avg
46,20910.26334,1981.588655,52,0.076462869,1.120358554,vacation,employed,rent,little,rich,0,0.094766318,38.10747413,Middle,Low
23,9144.387313,13423.33155,6,1.544283478,11.52376232,car,unemployed,own,moderate,moderate,1,1.467931211,2237.221924,Young,Low
42,19427.42648,7782.628192,6,0.496587605,3.433751009,business,employed,free,rich,moderate,0,0.400600059,1297.104699,Middle,Low
46,13546.97956,12082.71648,6,0.776167714,7.105359155,car,employed,own,moderate,moderate,0,0.89191221,2013.786079,Middle,Low
48,22920.5639,12969.90747,6,0.654089118,0.332751282,car,employed,own,little,little,1,0.565863367,2161.651244,Middle,Low
18,45120.34436,3528.511449,10,-0.06430445,2.696352725,furniture,employed,rent,little,rich,0,0.078202228,352.8511449,Young,Below_Avg
30,9230.67428,2308.141002,13,0.113037406,5.607976133,car,employed,own,little,little,1,0.250051181,177.5493078,Adult,Low
29,14763.13734,4715.590901,23,0.515816508,0.715926243,business,unemployed,own,little,moderate,1,0.319416584,205.0256914,Adult,Low
41,16708.17706,2444.977363,41,0.257519515,1.971274978,business,employed,own,moderate,little,0,0.146334178,59.63359422,Middle,Low
45,18200.13794,5608.09013,11,0.515500902,0.333626178,vacation,self-employed,own,little,little,0,0.308134485,509.8263755,Middle,Low
57,31890.48065,12157.20777,24,0.344196049,5.26828937,furniture,unemployed,own,rich,rich,0,0.381217452,506.5503236,Senior,Below_Avg
34,20195.75658,4296.208992,6,0.222971168,17.68358387,car,self-employed,rent,rich,moderate,1,0.212728301,716.0348321,Adult,Low
34,27116.59993,5541.364627,7,0.257088699,8.773633368,car,employed,rent,little,little,0,0.204353224,791.6235181,Adult,Low
53,16108.67907,4559.296011,6,0.281813955,18.36958315,furniture,retired,own,moderate,moderate,1,0.283033512,759.8826685,Senior,Low
43,24709.97217,9341.125787,21,0.303417005,9.341198491,business,employed,rent,little,little,0,0.378030607,444.8155137,Middle,Low
55,32496.86218,2880.658188,42,-0.000964275,9.661864184,furniture,employed,rent,moderate,rich,0,0.088644195,68.58709972,Senior,Below_Avg
43,15273.12803,847.9680776,39,0.076906486,4.304010446,education,self-employed,own,rich,moderate,1,0.055520263,21.74277122,Middle,Low
26,32554.76607,7163.078227,7,0.113345645,3.651673848,education,employed,rent,moderate,little,0,0.22003163,1023.29689,Adult,Below_Avg
24,22610.87772,10832.08169,6,0.36957872,2.606520546,car,self-employed,own,little,little,0,0.479065069,1805.346949,Young,Low
21,37150.41126,7024.079094,6,0.22842857,8.521350646,education,employed,rent,rich,little,0,0.189071368,1170.679849,Young,Below_Avg
47,19916.22589,2944.857193,6,0.138346276,1.004878007,furniture,employed,own,moderate,moderate,0,0.147862211,490.8095322,Middle,Low
54,26652.07606,1982.254915,6,0.168095881,0.289336998,vacation,employed,free,moderate,little,0,0.074375254,330.3758191,Senior,Low
62,21583.76918,7299.769311,6,0.295715279,14.77235885,business,retired,own,moderate,little,0,0.33820642,1216.628219,Senior,Low
50,20991.94074,5503.740122,6,0.204057887,0.018926703,car,unemployed,rent,little,rich,0,0.262183482,917.2900204,Middle,Low
53,25070.95325,4444.247747,6,0.219622143,18.82433837,furniture,employed,own,moderate,little,0,0.177266804,740.7079578,Senior,Low
33,28807.86545,21119.89306,6,0.651926911,6.525477669,business,employed,rent,moderate,little,0,0.733129398,3519.982177,Adult,Below_Avg
26,11792.48265,2304.363837,21,0.129596787,1.991198271,car,employed,own,quite_rich,little,0,0.195409559,109.7316113,Adult,Low
50,45108.0862,20333.59284,17,0.388929456,5.983659467,business,employed,own,little,little,1,0.450774895,1196.093696,Middle,Below_Avg
45,8692.088123,5041.339623,52,0.559021565,8.515314388,car,unemployed,own,little,moderate,1,0.579991775,96.9488389,Middle,Low
41,15640.1084,1131.776293,9,0.249607366,1.407585946,education,retired,own,quite_rich,moderate,0,0.072363712,125.7529215,Middle,Low
44,21012.34633,4258.353561,10,0.064980711,7.367889238,medical,self-employed,rent,little,little,0,0.202659593,425.8353561,Middle,Low
43,27069.90801,10589.27379,6,0.52073324,8.15764121,education,employed,own,rich,little,0,0.391182482,1764.878965,Middle,Low
55,48440.24541,3670.03315,6,0.149542808,1.434109746,furniture,employed,rent,little,little,0,0.075764132,611.6721917,Senior,Below_Avg
55,8698.050994,1510.471552,21,0.330354208,0.214153148,car,employed,own,little,little,0,0.173656323,71.92721675,Senior,Low
46,17088.36217,4308.686475,6,0.565810175,1.141548644,car,employed,own,little,little,1,0.252141571,718.1144126,Middle,Low
50,7605.167703,2475.659492,26,0.468668629,1.119759445,education,employed,own,rich,little,0,0.325523327,95.21767277,Middle,Low
46,22377.49369,7284.117128,22,0.418077551,0.337329765,furniture,self-employed,rent,little,little,0,0.325510856,331.0962331,Middle,Low
34,25231.33093,9124.513417,24,0.230384614,6.473270621,furniture,employed,rent,little,moderate,0,0.361634249,380.188059,Adult,Low
49,48795.71941,2111.140652,21,-0.075357352,2.389976787,medical,employed,own,little,little,0,0.043264874,100.5305072,Middle,Below_Avg
23,23395.9306,2794.355464,22,0.15545669,10.78749836,furniture,employed,rent,little,moderate,0,0.119437671,127.0161575,Young,Low
52,37123.76334,9003.007544,14,0.072705717,1.45290539,education,retired,rent,moderate,little,0,0.242513332,643.0719675,Senior,Below_Avg
25,29493.30421,2472.350453,20,0.145371442,3.018655001,education,self-employed,own,little,moderate,0,0.083827517,123.6175226,Young,Below_Avg
43,17718.70077,2067.868181,13,-0.096786782,5.094628007,education,employed,rent,little,moderate,0,0.116705407,159.0667832,Middle,Low
29,10889.12242,1914.184753,6,0.291012046,10.49679082,furniture,unemployed,own,little,moderate,1,0.175788707,319.0307922,Adult,Low
46,25273.23347,6513.491306,6,0.22555288,3.718215561,furniture,employed,own,rich,little,0,0.257722911,1085.581884,Middle,Low
39,10445.73449,6293.836975,9,0.615186686,2.338229078,medical,employed,own,little,little,0,0.602526991,699.3152194,Middle,Low
20,42091.60259,2843.420977,6,-0.007284065,10.08759765,furniture,employed,rent,moderate,rich,0,0.067553165,473.9034962,Young,Below_Avg
45,20312.03708,4934.804405,39,0.053097113,1.857104412,education,employed,own,little,little,0,0.242949754,126.5334463,Middle,Low
33,40038.17711,16675.66762,6,0.539963705,0.413776958,business,employed,own,little,little,1,0.416494177,2779.277937,Adult,Below_Avg
50,17324.77406,2254.65416,6,0.263710605,2.944315188,car,self-employed,own,rich,rich,0,0.130140465,375.7756934,Middle,Low
40,25195.6186,1031.331446,9,0.005784191,7.687756644,business,employed,own,quite_rich,moderate,0,0.040932968,114.5923829,Middle,Low
44,24457.06545,7073.14474,30,0.355399556,0.156322564,education,employed,own,little,rich,1,0.2892066,235.7714913,Middle,Low
28,21535.92912,4499.308822,9,0.169831903,4.408024566,business,employed,rent,moderate,little,0,0.208921045,499.9232025,Adult,Low
32,17741.64967,2784.935328,6,0.185820595,4.512728749,business,self-employed,own,moderate,little,0,0.156971611,464.155888,Adult,Low
34,26801.89865,8280.546022,14,0.38486763,13.19321052,vacation,self-employed,rent,rich,little,0,0.30895371,591.467573,Adult,Low
50,13862.16365,9617.889335,15,0.749331591,1.687617665,furniture,employed,own,rich,moderate,0,0.693823098,641.1926223,Middle,Low
60,12031.48612,839.9795817,25,0.203912076,1.63444778,vacation,employed,rent,moderate,little,0,0.069815115,33.59918327,Senior,Low
30,41003.53029,2915.864641,28,0.123000594,2.903412658,car,employed,own,quite_rich,little,1,0.071112527,104.1380229,Adult,Below_Avg
52,31684.53527,31382.72888,22,0.993283109,2.207391087,business,employed,rent,quite_rich,moderate,0,0.990474647,1426.487676,Senior,Below_Avg
18,22764.23184,7837.882069,6,0.268165002,6.665585603,car,employed,rent,moderate,little,1,0.344306899,1306.313678,Young,Low
25,50643.75431,8441.226616,6,0.118827994,5.132650051,car,employed,own,moderate,moderate,0,0.166678532,1406.871103,Young,Below_Avg
28,19266.38681,12560.53988,60,0.732945745,7.113153778,car,self-employed,rent,moderate,little,1,0.651940605,209.3423313,Adult,Low
23,42674.27719,4982.340603,6,-0.033429869,8.575153142,furniture,employed,own,little,little,0,0.116752782,830.3901005,Young,Below_Avg
20,24047.51737,9296.072964,6,0.497151736,12.81852429,car,self-employed,own,moderate,little,0,0.386571005,1549.345494,Young,Low
44,13195.41401,8729.380072,23,0.633432136,2.818818295,education,self-employed,free,moderate,moderate,1,0.661546509,379.538264,Middle,Low
37,55493.44007,7564.588257,15,0.054454409,20.89865921,furniture,employed,own,little,little,0,0.136315,504.3058838,Middle,Average
44,36147.22363,3798.60975,11,-0.004785239,1.214568581,business,self-employed,own,rich,rich,0,0.105087179,345.3281591,Middle,Below_Avg
48,20733.15699,5640.043955,6,0.339466936,6.26520537,car,employed,own,quite_rich,moderate,0,0.272030157,940.0073258,Middle,Low
43,31684.58708,3069.6252,6,0.095416572,3.817948196,car,self-employed,own,little,moderate,0,0.096880707,511.6042001,Middle,Below_Avg
47,18000.38243,4965.411453,21,0.434726853,8.488630376,furniture,employed,free,rich,rich,1,0.275850331,236.4481644,Middle,Low
39,33342.04585,1929.868773,6,-0.068426631,3.23867568,furniture,employed,own,little,little,0,0.057880935,321.6447955,Middle,Below_Avg
25,6663.903596,2611.031954,10,0.334000824,7.660964081,car,employed,rent,moderate,moderate,0,0.391817186,261.1031954,Young,Low
52,13228.10925,3921.18964,23,0.287206464,13.30836578,medical,employed,own,moderate,little,0,0.29642858,170.4865061,Senior,Low
32,35940.85221,2310.075888,46,-0.010911297,6.589334549,car,employed,own,moderate,rich,0,0.064274377,50.21904104,Adult,Below_Avg
28,19441.636,3281.271187,37,0.169387333,7.482651182,business,employed,rent,moderate,moderate,0,0.168775467,88.68300506,Adult,Low
37,24434.98382,4310.715672,35,0.208365813,0.347690625,car,employed,rent,rich,moderate,0,0.176415737,123.1633049,Middle,Low
29,11232.95524,6780.525435,7,0.652076346,1.146799553,vacation,unemployed,own,moderate,little,0,0.603627923,968.6464907,Adult,Low
34,55488.63466,10502.8911,47,0.339896755,18.30704921,furniture,employed,rent,moderate,little,1,0.189280042,223.4657682,Adult,Average
44,39945.24107,3391.31321,20,-0.045448188,5.907584249,medical,employed,own,moderate,little,0,0.084899055,169.5656605,Middle,Below_Avg
44,19923.54328,14300.98498,39,0.751569287,4.121396039,furniture,employed,own,quite_rich,moderate,0,0.717793255,366.6919226,Middle,Low
29,17991.45265,10413.81806,6,0.51412602,2.286237664,car,employed,free,little,little,0,0.578820302,1735.636343,Adult,Low
34,36857.04946,7356.025598,6,0.242583934,0.227021769,education,self-employed,rent,little,little,0,0.199582596,1226.004266,Adult,Below_Avg
52,59351.65144,5557.587018,10,0.136771506,2.303324123,education,employed,rent,rich,moderate,0,0.093638288,555.7587018,Senior,Average
45,35485.52436,6344.202441,31,0.080090891,3.454876437,car,self-employed,rent,rich,rich,0,0.178782829,204.6516917,Middle,Below_Avg
64,65244.78076,12703.60284,9,0.104591571,1.187857612,car,employed,own,quite_rich,little,0,0.194706806,1411.511427,Senior,Average
54,13888.60968,13080.31527,38,0.992965939,0.950580021,business,employed,rent,little,rich,0,0.941801633,344.2188229,Senior,Low
53,14622.35184,14299.17872,6,0.980239142,3.550617851,car,self-employed,own,rich,little,0,0.977898691,2383.196454,Senior,Low
23,12155.40786,5079.974219,6,0.395956678,4.408290085,furniture,employed,rent,rich,little,0,0.417918862,846.6623698,Young,Low
49,27470.8391,7661.581718,25,0.344697398,1.37164425,education,employed,rent,rich,rich,0,0.278898715,306.4632687,Middle,Low
39,24047.87165,14397.89372,17,0.671889852,4.426255842,business,employed,free,moderate,little,0,0.598718004,846.9349246,Middle,Low
33,20414.98437,2984.021517,10,0.093205189,11.52995262,car,employed,rent,little,rich,0,0.1461682,298.4021517,Adult,Low
42,33012.09585,3809.550633,33,0.030193316,3.204417737,education,employed,own,moderate,little,0,0.11539863,115.4409283,Middle,Below_Avg
51,40788.86076,4978.228234,31,-0.004143178,9.738214182,car,employed,own,moderate,rich,0,0.12204872,160.5880075,Senior,Below_Avg
46,10271.91546,10093.82359,7,0.986007666,13.10510593,car,employed,own,moderate,little,1,0.982662254,1441.974799,Middle,Low
29,16342.33054,10220.36646,32,0.483076198,0.484724736,furniture,self-employed,rent,rich,moderate,1,0.625392225,319.386452,Adult,Low
48,33192.25342,4085.946619,7,0.13304225,0.503587554,medical,unemployed,rent,moderate,rich,1,0.123099404,583.7066599,Middle,Below_Avg
32,17433.18161,1470.139299,17,0.206013627,3.231739584,car,self-employed,own,little,little,0,0.084329948,86.47878229,Adult,Low
42,14778.03095,5984.614204,6,0.369620979,4.434903059,car,self-employed,free,moderate,little,0,0.404966956,997.4357007,Middle,Low
36,36653.66542,2357.476603,6,0.010697194,2.774614398,business,self-employed,free,little,little,0,0.064317622,392.9127672,Middle,Below_Avg
37,11559.35061,1492.265981,10,0.328880482,1.975970953,furniture,retired,free,little,rich,0,0.129096005,149.2265981,Middle,Low
49,18943.38544,1788.089037,6,0.24536139,5.122082505,education,employed,own,moderate,little,0,0.094391208,298.0148395,Middle,Low
27,25960.2555,6381.157628,6,0.169345098,0.010418409,medical,employed,rent,rich,moderate,0,0.245804885,1063.526271,Adult,Low
63,16532.6095,14600.775,11,0.897051374,17.22156015,medical,employed,free,rich,moderate,1,0.883150056,1327.343182,Senior,Low
18,32584.03841,5070.098949,12,0.188468517,1.320342653,furniture,employed,rent,moderate,rich,1,0.155600693,422.5082458,Young,Below_Avg
32,16573.51987,5820.285088,6,0.371545824,12.45052681,education,employed,own,rich,little,0,0.351179781,970.0475147,Adult,Low
44,44547.43015,12661.43389,6,0.46569101,0.577137,medical,employed,rent,little,rich,0,0.284223666,2110.238982,Middle,Below_Avg
47,20684.22996,1428.579785,6,0.077789123,1.35961571,car,employed,rent,quite_rich,little,0,0.069066133,238.0966309,Middle,Low
38,30811.24711,7451.280213,6,0.265559859,1.338571811,furniture,retired,rent,quite_rich,moderate,0,0.241836372,1241.880035,Middle,Below_Avg
39,31984.6691,4869.410554,7,0.221108247,27.80218377,furniture,retired,own,moderate,little,0,0.152242018,695.6300791,Middle,Below_Avg
44,16094.45366,7729.859512,6,0.599272923,0.023055804,car,self-employed,own,little,little,1,0.480280951,1288.309919,Middle,Low
37,7889.252946,3338.286309,45,0.516833445,5.10323389,medical,employed,rent,moderate,rich,1,0.423143526,74.18414021,Middle,Low
56,26380.43398,2554.598041,6,0.150645325,10.18906408,business,unemployed,own,little,little,1,0.096836847,425.7663401,Senior,Low
50,22837.15682,5499.470663,6,0.084942425,5.577881649,furniture,unemployed,rent,moderate,little,0,0.240812405,916.5784438,Middle,Low
50,29083.11412,18386.15213,9,0.583379605,2.252839215,vacation,unemployed,own,little,moderate,1,0.632193377,2042.905792,Middle,Below_Avg
28,19667.76468,9786.195837,6,0.579517519,15.8873935,furniture,self-employed,own,moderate,moderate,1,0.497575398,1631.03264,Adult,Low
39,17761.45876,3274.255467,6,0.209385959,11.19902596,vacation,employed,own,little,little,0,0.18434609,545.7092445,Middle,Low
36,60128.33691,1681.131523,25,0.110571919,2.845407789,car,employed,own,little,moderate,0,0.027959056,67.24526092,Middle,Average
27,10549.38633,1279.655491,14,0.310018021,4.258704327,car,unemployed,rent,little,moderate,1,0.121301415,91.40396364,Adult,Low
44,31792.16768,14085.19552,6,0.325343477,17.13552879,car,employed,own,little,rich,0,0.443039797,2347.532586,Middle,Below_Avg
33,16526.14698,2289.146156,11,0.252307646,20.24504807,education,employed,rent,rich,moderate,0,0.138516628,208.104196,Adult,Low
47,18622.21852,3787.984148,6,0.170375731,2.987578677,car,employed,rent,little,little,1,0.203412077,631.3306914,Middle,Low
27,18796.92523,14142.91259,7,0.845940624,9.398038721,car,employed,own,moderate,little,0,0.752405642,2020.416085,Adult,Low
60,14739.45017,1351.376303,8,0.087562235,1.797539242,medical,unemployed,free,moderate,little,1,0.091684309,168.9220378,Senior,Low
29,29307.89185,16216.93925,31,0.766030572,2.324585919,medical,employed,rent,little,little,0,0.553330118,523.1270725,Adult,Below_Avg
42,44148.8341,4012.170465,23,0.103886982,0.900551315,education,employed,rent,little,little,0,0.090878288,174.4421941,Middle,Below_Avg
49,27861.66004,1960.850032,40,0.006326654,1.173453524,vacation,retired,free,moderate,rich,0,0.070378076,49.02125079,Middle,Low
33,23194.97636,4032.409061,6,0.215835842,5.348277594,medical,employed,own,quite_rich,rich,0,0.17384838,672.0681769,Adult,Low
50,13450.61018,2757.066621,13,0.237371345,3.574731501,business,unemployed,own,moderate,little,0,0.204977067,212.0820477,Middle,Low
25,28521.47619,6992.936444,6,0.358991144,1.314178972,education,employed,own,moderate,little,0,0.245181434,1165.489407,Young,Below_Avg
57,64742.60832,2926.299846,31,0.09000426,2.578433903,vacation,self-employed,own,rich,little,1,0.04519898,94.39676924,Senior,Average
40,18208.66189,1064.953304,8,0.305992547,2.335506903,education,employed,rent,rich,little,0,0.058486083,133.119163,Middle,Low
32,18251.60336,4119.759111,6,0.214579981,21.85452536,car,employed,rent,quite_rich,rich,0,0.225720395,686.6265185,Adult,Low
36,16638.18168,1660.317218,7,0.089827588,9.605896761,furniture,employed,own,moderate,moderate,0,0.099789583,237.188174,Middle,Low
49,17245.26484,5787.501208,6,0.275210834,2.454839936,furniture,retired,own,little,rich,0,0.335599439,964.5835347,Middle,Low
32,5582.266877,1901.304929,26,0.349164116,12.2621922,medical,employed,own,rich,moderate,0,0.340597283,73.12711266,Adult,Low
31,26971.00537,3326.213196,6,0.14643143,2.097582275,business,employed,own,little,moderate,0,0.123325518,554.368866,Adult,Low
37,14432.29831,5687.75128,14,0.422219842,5.511618528,vacation,unemployed,rent,moderate,moderate,0,0.394098789,406.2679486,Middle,Low
25,9846.471441,4146.554469,28,0.427839622,17.00348704,business,employed,rent,moderate,little,0,0.421120855,148.091231,Young,Low
61,32099.47567,6004.978934,24,0.126091929,2.473767902,furniture,self-employed,own,moderate,little,0,0.187074051,250.2074556,Senior,Below_Avg
33,12822.94095,8469.525227,49,0.57233136,5.695374319,business,self-employed,own,rich,rich,0,0.660497873,172.8474536,Adult,Low
49,18595.3248,1946.236993,6,0.067145333,1.754343529,car,employed,own,little,little,0,0.104662705,324.3728322,Middle,Low
42,45854.1596,4667.981207,7,0.215954371,1.548359195,furniture,employed,rent,quite_rich,little,0,0.101800605,666.8544582,Middle,Below_Avg
28,10887.73386,342.5429194,8,0.167141329,4.26841881,vacation,unemployed,free,little,moderate,0,0.03146136,42.81786493,Adult,Low
39,10236.35505,5990.119503,6,0.577484451,19.379564,education,employed,own,little,little,1,0.585180904,998.3532505,Middle,Low
49,25201.35633,3863.576917,30,0.059149996,3.017756013,vacation,employed,rent,moderate,moderate,0,0.153308293,128.7858972,Middle,Low
37,39133.87276,2237.781359,21,0.049065361,13.87391326,car,self-employed,rent,quite_rich,little,1,0.057182722,106.5610171,Middle,Below_Avg
54,10024.91869,6326.962473,13,0.840290114,12.28821961,business,employed,own,moderate,rich,0,0.63112357,486.689421,Senior,Low
52,27006.82439,12558.56349,9,0.56491123,1.463557577,car,self-employed,free,moderate,little,0,0.465014446,1395.395943,Senior,Low
51,29451.48965,3358.285322,40,0.169101959,2.569312879,education,employed,own,moderate,little,0,0.11402769,83.95713305,Senior,Below_Avg
34,7866.903109,2308.027189,6,0.38965296,5.154335675,furniture,unemployed,free,little,little,1,0.293384469,384.6711981,Adult,Low
27,32835.01216,5608.396955,7,0.324862048,3.649531827,education,employed,rent,moderate,little,0,0.170805387,801.199565,Adult,Below_Avg
32,34142.6611,1688.362945,54,-0.065836375,0.504400228,car,employed,own,little,moderate,0,0.049450245,31.26598046,Adult,Below_Avg
42,18846.96578,2897.764636,6,0.114548329,25.33446508,furniture,self-employed,free,quite_rich,rich,0,0.153752316,482.9607727,Middle,Low
46,41199.16142,13067.99943,27,0.264318745,6.984835589,business,employed,own,little,moderate,1,0.317190908,483.999979,Middle,Below_Avg
18,38879.70951,5165.428725,22,0.191568109,2.878545806,education,employed,rent,little,little,1,0.13285667,234.7922148,Young,Below_Avg
39,23191.91401,1092.721256,41,0.063127565,4.813879986,education,self-employed,own,moderate,little,0,0.047116476,26.65173794,Middle,Low
41,17575.78365,1167.25099,6,0.142043587,0.458234982,education,self-employed,rent,moderate,little,0,0.066412458,194.5418317,Middle,Low
36,13542.47137,5595.223432,60,0.362472443,3.418971811,medical,employed,own,moderate,moderate,0,0.413161178,93.25372386,Middle,Low
55,21616.63087,9797.79325,6,0.590447764,13.35611481,medical,employed,free,little,little,1,0.453252558,1632.965542,Senior,Low
45,29286.42742,1347.360582,7,0.039072943,11.34579791,furniture,self-employed,own,little,moderate,0,0.046006314,192.4800831,Middle,Below_Avg
55,18730.55768,7042.863306,6,0.445463825,2.057774407,furniture,employed,own,rich,little,0,0.376009269,1173.810551,Senior,Low
37,7341.140547,14246.61774,6,2.060195191,3.789685881,education,unemployed,rent,moderate,little,1,1.940654541,2374.43629,Middle,Low
51,41537.70913,22254.22574,60,0.647272015,5.976445156,car,employed,free,moderate,rich,0,0.535759583,370.9037623,Senior,Below_Avg
59,24224.3017,6405.922345,22,0.300524822,2.077647424,furniture,self-employed,own,moderate,rich,0,0.264441982,291.1782884,Senior,Low
55,18218.40729,7371.983464,12,0.486579474,0.335397898,car,employed,own,moderate,little,0,0.404644783,614.3319553,Senior,Low
26,33812.27544,891.9878023,6,0.200546657,3.520450752,car,employed,own,rich,little,0,0.026380591,148.6646337,Adult,Below_Avg
36,47208.03066,26365.24747,13,0.609850853,4.601942278,education,employed,own,moderate,moderate,0,0.558490729,2028.09596,Middle,Below_Avg
35,5426.470574,3101.396676,6,0.498566456,0.029293645,furniture,employed,rent,little,moderate,0,0.571531096,516.8994459,Adult,Low
45,27368.05743,2329.067084,6,0.143406732,0.502281547,car,employed,own,moderate,rich,0,0.085101659,388.1778473,Middle,Low
48,10793.24112,4007.148189,17,0.367536464,1.16149318,vacation,employed,rent,little,little,0,0.371264585,235.7145993,Middle,Low
29,28269.96615,16470.70671,28,0.347821975,2.138954575,vacation,unemployed,rent,moderate,little,0,0.582622088,588.2395255,Adult,Below_Avg
40,23481.39305,28751.25904,10,1.270627118,3.894083359,vacation,employed,own,moderate,little,0,1.224427315,2875.125904,Middle,Low
18,30268.51261,5433.435728,12,0.191172919,1.739587858,furniture,retired,own,little,moderate,0,0.179507854,452.7863107,Young,Below_Avg
57,17160.68332,10921.26776,18,0.75205395,1.616089031,car,employed,rent,rich,moderate,1,0.636412173,606.737098,Senior,Low
33,8633.281405,5087.60892,6,0.514292509,10.17614132,car,self-employed,own,little,moderate,1,0.589301875,847.9348201,Adult,Low
40,17585.25251,2142.574927,31,-0.028731662,0.783565204,car,unemployed,own,quite_rich,rich,0,0.121839304,69.11532022,Middle,Low
36,26995.45554,16016.82381,32,0.610183645,3.580633891,car,unemployed,own,little,little,1,0.593315559,500.5257439,Middle,Low
53,36596.07102,2987.816152,14,0.119660824,15.26942594,vacation,employed,rent,quite_rich,moderate,0,0.081643085,213.4154395,Senior,Below_Avg
18,12259.84234,16788.08384,6,1.378738901,4.904322923,medical,self-employed,own,moderate,rich,0,1.369355606,2798.013974,Young,Low
39,36810.1983,13888.7309,12,0.379377472,6.315173612,vacation,employed,free,little,rich,0,0.377306604,1157.394242,Middle,Below_Avg
38,15931.66401,8032.322646,6,0.397300795,2.821457183,business,employed,rent,little,little,0,0.50417349,1338.720441,Middle,Low
34,26402.78935,21230.19638,25,0.790197434,0.100667462,education,self-employed,own,little,moderate,1,0.804089148,849.2078554,Adult,Low
60,17069.5768,29315.6513,6,1.682580513,5.19413353,business,employed,rent,little,moderate,0,1.717421096,4885.941884,Senior,Low
29,24126.96356,4271.862995,6,0.284328504,4.997333025,medical,employed,own,little,moderate,1,0.17705763,711.9771658,Adult,Low
49,34404.36818,2573.35225,52,0.11272979,0.585072111,education,employed,free,little,little,0,0.074797254,49.48754326,Middle,Below_Avg
44,11926.20026,1106.08732,9,0.064944607,3.100968142,car,employed,own,little,little,0,0.092744319,122.8985911,Middle,Low
55,15678.52235,29606.39915,28,2.060729652,12.34490734,car,employed,own,moderate,moderate,1,1.888341164,1057.371398,Senior,Low
31,24160.66783,3457.33864,18,0.116207042,1.147599385,education,unemployed,rent,little,little,0,0.143097809,192.0743689,Adult,Low
31,73188.37168,12185.83494,6,0.222278277,3.091114716,furniture,employed,rent,moderate,little,0,0.166499605,2030.97249,Adult,Average
53,14305.58278,2716.217879,6,0.173179046,3.580633891,medical,self-employed,rent,little,little,0,0.18987118,452.7029798,Senior,Low
45,61087.76887,16824.8546,28,0.438536255,8.323734932,education,self-employed,free,quite_rich,moderate,0,0.275421003,600.8876644,Middle,Average
21,60006.70901,2807.096423,25,0.055465687,8.702743196,business,employed,own,moderate,moderate,0,0.04677971,112.2838569,Young,Average
33,20980.41001,1894.337956,6,0.101932221,7.120384474,car,self-employed,own,moderate,little,0,0.090290798,315.7229927,Adult,Low
44,18975.87542,4159.68594,6,0.205222136,2.274228736,furniture,self-employed,own,little,moderate,0,0.219209172,693.28099,Middle,Low
50,15583.49158,3211.776337,26,0.225752394,0.373816684,furniture,employed,free,moderate,little,1,0.206101201,123.5298591,Middle,Low
31,21287.99834,7919.155326,60,0.491954721,2.149939063,business,employed,free,little,little,0,0.372000937,131.9859221,Adult,Low
18,10901.33223,4716.791395,33,0.517264657,3.580633891,furniture,unemployed,free,quite_rich,little,0,0.432680272,142.9330726,Young,Low
46,21202.62961,8120.621062,20,0.385808275,6.065851097,medical,retired,own,rich,little,0,0.383000657,406.0310531,Middle,Low
25,46557.34869,3893.963535,44,0.253770511,16.76206601,business,self-employed,own,moderate,moderate,1,0.083638,88.49917125,Young,Below_Avg
18,16227.41652,2886.829451,6,0.265196842,3.022397169,business,employed,own,rich,rich,0,0.177898278,481.1382419,Young,Low
18,19528.64904,3081.437727,6,0.113972513,5.004283456,medical,employed,own,moderate,little,0,0.157790624,513.5729546,Young,Low
49,9409.073446,25234.08751,6,2.543853839,3.87385679,medical,employed,own,little,rich,1,2.681888674,4205.681252,Middle,Low
41,26556.53257,5884.851265,60,0.180095745,0.816234561,car,self-employed,own,rich,moderate,1,0.221597125,98.08085442,Middle,Low
37,25140.63757,1005.24868,38,0.081319889,3.092077113,vacation,self-employed,own,little,little,0,0.039985011,26.45391263,Middle,Low
56,22739.32719,3241.633957,6,0.20227632,3.935478141,car,employed,own,moderate,little,0,0.142556283,540.2723261,Senior,Low
47,19763.3892,5310.773786,12,0.404631534,15.05418956,furniture,self-employed,own,little,moderate,0,0.268717766,442.5644821,Middle,Low
59,19027.12822,21511.00073,6,1.021089144,2.282784649,car,employed,own,little,moderate,1,1.130543742,3585.166788,Senior,Low
23,28309.42641,11192.04988,28,0.351431575,19.58495239,education,self-employed,rent,moderate,little,1,0.395347109,399.716067,Young,Below_Avg
39,21711.37725,2351.069784,8,-0.009476812,3.907707465,furniture,employed,own,little,little,0,0.108287455,293.883723,Middle,Low
20,25783.3944,34019.34468,43,1.185548551,1.388455698,education,self-employed,rent,moderate,rich,1,1.319428472,791.1475506,Young,Low
37,24526.05765,4793.766505,6,0.132674182,1.06388972,business,employed,own,moderate,little,0,0.195456056,798.9610842,Middle,Low
37,38627.26462,13320.55818,23,0.381509826,0.763978342,education,employed,rent,quite_rich,rich,0,0.344848601,579.1547036,Middle,Below_Avg
47,30899.5546,1950.796836,9,0.140272937,3.015918806,car,employed,own,little,little,0,0.063133494,216.755204,Middle,Below_Avg
40,24256.28217,721.5989573,6,-0.065086459,0.110851933,vacation,unemployed,own,rich,little,0,0.029748951,120.2664929,Middle,Low
47,47061.52256,1592.809644,13,-0.047082328,2.944343801,education,self-employed,rent,rich,little,1,0.033845264,122.5238188,Middle,Below_Avg
48,27177.21628,364.9400958,11,-0.164554154,22.28577379,furniture,employed,free,little,little,0,0.013428163,33.17637235,Middle,Low
65,42297.41891,26626.74556,7,0.650947523,5.544931501,medical,self-employed,own,rich,little,1,0.629512302,3803.820794,Senior,Below_Avg
36,29836.00916,5834.981272,18,0.122354533,7.131127954,car,self-employed,own,little,little,0,0.195568423,324.1656262,Middle,Below_Avg
28,8769.547262,2345.572495,19,0.43377105,0.63351886,education,self-employed,free,little,moderate,0,0.267467912,123.4511839,Adult,Low
42,42294.71353,7059.286224,6,0.207887938,3.203730684,business,employed,own,little,little,0,0.166907058,1176.547704,Middle,Below_Avg
30,23566.65624,5718.530976,16,0.225508898,1.685924159,car,employed,own,rich,moderate,0,0.242653473,357.408186,Adult,Low
57,21461.64386,8076.765133,22,0.312223636,11.22618342,furniture,employed,free,little,rich,0,0.376334878,367.1256879,Senior,Low
36,25353.55342,12934.13372,6,0.360683705,1.000141838,vacation,employed,rent,little,rich,1,0.510150727,2155.688954,Middle,Low
33,18536.71092,3897.392729,19,0.07346548,3.069215979,car,self-employed,own,moderate,little,1,0.210252657,205.1259331,Adult,Low
34,24674.22438,2431.171588,29,0.036316726,4.434238788,furniture,employed,free,little,moderate,1,0.098530821,83.83350303,Adult,Low
48,16384.02358,9530.192268,32,0.511785649,3.608156046,education,employed,rent,moderate,moderate,1,0.581675937,297.8185084,Middle,Low
38,41653.31055,9338.175993,6,0.124270902,8.866951932,business,employed,own,little,little,0,0.224188087,1556.362665,Middle,Below_Avg
32,20810.35427,5327.240464,21,0.293699371,1.316268913,business,employed,rent,little,little,0,0.255989898,253.6781173,Adult,Low
59,18191.46994,28058.40055,28,1.593819815,2.369183715,vacation,retired,rent,moderate,little,1,1.542393256,1002.085734,Senior,Low
29,13870.74316,3462.486674,9,0.203761934,7.853112767,furniture,unemployed,rent,moderate,moderate,0,0.249625174,384.7207415,Adult,Low
40,25194.67381,2392.546653,14,0.288477625,3.754638004,business,employed,free,rich,rich,1,0.094962398,170.8961895,Middle,Low
47,24186.58816,6866.934993,6,0.109242056,2.571804207,business,self-employed,own,moderate,rich,0,0.283914992,1144.489166,Middle,Low
20,26747.92841,2864.215342,6,0.112898153,0.149423228,furniture,employed,rent,quite_rich,moderate,0,0.107081763,477.3692237,Young,Low
45,13178.92256,7305.722465,12,0.532490974,6.999642911,medical,self-employed,own,little,little,0,0.554348994,608.8102054,Middle,Low
27,9891.285546,2523.982765,6,0.200102281,17.91037394,vacation,employed,own,little,rich,0,0.255172369,420.6637942,Adult,Low
49,30115.51153,3568.16299,8,0.048716278,4.841697999,car,employed,rent,moderate,moderate,0,0.118482563,446.0203737,Middle,Below_Avg
28,46273.32457,22307.36866,6,0.481382377,9.708537686,business,unemployed,rent,rich,little,1,0.482078365,3717.894777,Adult,Below_Avg
48,13184.84297,3552.937889,6,0.246918602,3.63740699,business,unemployed,rent,quite_rich,rich,1,0.269471385,592.1563148,Middle,Low
53,48762.68471,2593.902467,11,0.014006762,1.317751112,furniture,employed,rent,moderate,little,0,0.053194415,235.8093152,Senior,Below_Avg
50,25386.06117,12538.29739,32,0.364032834,0.072737033,vacation,unemployed,rent,little,little,0,0.493904797,391.8217936,Middle,Low
43,21948.81757,2119.989553,6,-0.065223311,5.297894517,business,self-employed,own,rich,moderate,0,0.096587871,353.3315921,Middle,Low
37,18055.86157,2823.254047,19,0.127510542,3.397294946,business,employed,rent,little,rich,0,0.156362189,148.5923182,Middle,Low
33,11023.01887,7795.086641,6,0.6669548,7.618552668,car,employed,own,little,little,0,0.70716441,1299.181107,Adult,Low
57,36093.36231,10412.15486,6,0.268774699,5.932013949,furniture,employed,own,moderate,moderate,0,0.288478385,1735.359143,Senior,Below_Avg
31,14945.96764,13047.88216,51,0.862141327,22.09443585,furniture,self-employed,rent,little,little,1,0.873003507,255.8408266,Adult,Low
27,14914.6117,2703.283797,18,0.129000465,3.580633891,business,retired,rent,little,moderate,0,0.181250699,150.1824332,Adult,Low
47,36169.19812,7917.311249,6,0.197655768,2.785873259,education,employed,rent,quite_rich,little,0,0.21889651,1319.551875,Middle,Below_Avg
30,8591.32521,3385.014403,18,0.308650925,1.689544166,car,self-employed,free,little,rich,0,0.394003756,188.0563557,Adult,Low
28,10282.52462,3027.448587,6,0.446821164,3.239543168,furniture,self-employed,own,rich,rich,0,0.294426583,504.5747645,Adult,Low
22,21827.65184,12868.918,39,0.509595495,10.3127836,furniture,employed,own,little,little,1,0.58956951,329.9722565,Young,Low
34,25505.31688,3166.418709,6,0.087049326,0.216833052,business,employed,rent,little,rich,0,0.124147397,527.7364514,Adult,Low
39,28067.49219,6139.899647,29,0.146375957,19.06089905,business,employed,rent,little,rich,0,0.218754836,211.7206775,Middle,Low
42,18941.31423,5566.176074,6,0.219806147,25.03361053,furniture,employed,own,moderate,little,0,0.293864301,927.6960123,Middle,Low
51,78056.2371,2086.819674,14,0.02919898,4.554294786,car,unemployed,own,little,rich,1,0.026734823,149.0585481,Senior,Average
46,19654.34516,10645.30559,43,0.531402642,2.013925042,car,employed,own,rich,rich,1,0.541626063,247.5652463,Middle,Low
37,19625.92988,7694.220295,6,0.346097566,1.261889764,car,employed,rent,moderate,little,0,0.392043605,1282.370049,Middle,Low
37,14787.04392,1003.217396,6,0.039496752,1.618207291,business,self-employed,rent,moderate,little,1,0.067844351,167.2028994,Middle,Low
46,23434.23833,6136.052438,14,0.189859988,0.257021379,car,employed,own,little,little,1,0.261841343,438.2894599,Middle,Low
55,29955.87115,2648.162422,6,0.128574681,3.222841941,furniture,employed,own,little,little,0,0.088402117,441.3604036,Senior,Below_Avg
41,40206.70402,11821.32337,23,0.499533013,0.295164635,business,employed,own,moderate,little,0,0.294013739,513.9705814,Middle,Below_Avg
34,10460.46161,1546.392581,16,0.060348027,6.337656181,medical,employed,own,rich,little,0,0.147832155,96.64953634,Adult,Low
28,19477.24871,3695.305189,7,0.22912051,2.325513934,medical,self-employed,own,moderate,rich,0,0.189724188,527.9007413,Adult,Low
22,27538.81672,6565.734363,22,0.242912342,1.111748906,medical,employed,own,moderate,moderate,0,0.238417447,298.442471,Young,Low
47,29540.83337,5133.136913,6,0.240627096,3.935680305,business,self-employed,own,rich,rich,0,0.17376412,855.5228188,Middle,Below_Avg
46,22098.70589,9048.611553,44,0.47914271,18.20221957,business,employed,own,little,rich,0,0.409463414,205.6502626,Middle,Low
46,28888.87884,1458.643847,7,0.071032805,5.939366318,business,employed,rent,little,little,1,0.050491535,208.3776924,Middle,Below_Avg
38,14698.75468,18426.24838,25,1.249610426,3.383878145,vacation,employed,own,moderate,moderate,1,1.253592483,737.0499352,Middle,Low
56,47999.82846,7480.954928,6,0.112408765,7.500996365,medical,unemployed,rent,little,little,0,0.155853785,1246.825821,Senior,Below_Avg
34,36181.89199,14585.37467,22,0.326616512,6.687072851,furniture,employed,free,quite_rich,moderate,0,0.403112548,662.9715757,Adult,Below_Avg
51,11243.3948,9891.114772,6,0.870042149,11.11588806,furniture,employed,own,moderate,little,1,0.879726715,1648.519129,Senior,Low
39,12867.35131,4869.331358,6,0.249966423,1.144984164,furniture,self-employed,own,little,little,0,0.378425306,811.5552263,Middle,Low
32,13049.94404,1759.247485,6,0.075423215,9.790637559,business,employed,own,little,little,0,0.134808814,293.2079142,Adult,Low
47,30914.63531,3131.15572,10,0.211969291,1.79070929,business,employed,own,moderate,moderate,1,0.101283929,313.115572,Middle,Below_Avg
44,11586.96591,17529.679,10,1.52273036,14.15099831,vacation,employed,own,moderate,rich,1,1.512879138,1752.9679,Middle,Low
44,18666.53883,14888.587,8,0.886874779,1.649922679,furniture,self-employed,rent,quite_rich,little,1,0.797608337,1861.073375,Middle,Low
40,27649.20345,2993.863629,60,0.255244674,13.07611618,furniture,retired,rent,moderate,moderate,1,0.108280285,49.89772715,Middle,Low
39,21309.68691,515.6130448,6,0.006493236,16.59219843,medical,employed,own,moderate,little,0,0.024196181,85.93550747,Middle,Low
68,25070.41533,4145.788226,28,0.186098341,0.786143312,car,employed,rent,little,little,0,0.165365758,148.0638652,Senior,Low
54,12927.326,3904.315229,10,0.271835738,18.34536124,car,employed,own,little,rich,0,0.302020327,390.4315229,Senior,Low
48,29656.2207,4024.604445,7,0.054448032,0.448108277,business,self-employed,own,moderate,little,0,0.135708609,574.9434921,Middle,Below_Avg
41,16210.16922,7501.298077,6,0.367455782,1.23313436,car,employed,rent,rich,little,0,0.462752608,1250.216346,Middle,Low
52,18726.41106,9906.73456,18,0.613339767,2.936452968,furniture,employed,own,moderate,little,0,0.52902473,550.3741422,Senior,Low
46,24806.62079,10853.46473,7,0.45838563,25.25522883,car,self-employed,rent,moderate,moderate,0,0.437522902,1550.494961,Middle,Low
40,23191.45361,7020.34269,30,0.487372798,3.352654842,car,employed,free,moderate,little,0,0.302712491,234.011423,Middle,Low
36,22292.15294,1163.727435,60,0.149408658,3.997089921,education,employed,rent,moderate,little,0,0.052203456,19.39545725,Middle,Low
39,15133.80994,3740.745544,6,0.174056745,3.580633891,furniture,retired,own,little,rich,0,0.247178044,623.4575907,Middle,Low
18,18962.62649,31047.44592,6,1.721330925,17.25617705,furniture,retired,rent,rich,little,0,1.637296707,5174.574319,Young,Low
42,22050.52732,6630.08821,6,0.270169528,7.647392967,car,employed,own,moderate,little,0,0.300677082,1105.014702,Middle,Low
34,11075.13056,6596.243866,11,0.71727659,1.269006189,business,employed,free,little,rich,0,0.595590619,599.6585332,Adult,Low
59,17478.61682,6552.413616,6,0.326248314,1.804784282,furniture,employed,free,moderate,moderate,0,0.374881702,1092.068936,Senior,Low
40,26737.97021,6852.05371,60,0.151024191,0.513643463,furniture,employed,own,little,little,0,0.256266787,114.2008952,Middle,Low
25,11629.28423,730.3400555,27,-0.016773701,5.17048021,car,unemployed,free,moderate,little,1,0.062801806,27.04963169,Young,Low
39,39272.93272,4057.736344,60,0.028854959,0.996770797,furniture,self-employed,own,moderate,moderate,0,0.10332145,67.62893907,Middle,Below_Avg
27,41556.39217,4768.016811,8,0.030710886,1.488021601,furniture,self-employed,own,little,moderate,0,0.114736063,596.0021014,Adult,Below_Avg
45,11818.53939,13700.61936,6,1.101987275,10.95135851,education,employed,own,rich,rich,0,1.159248102,2283.43656,Middle,Low
43,43425.83487,5105.830064,9,0.203245051,1.978234885,medical,employed,own,moderate,moderate,0,0.117575864,567.3144516,Middle,Below_Avg
51,20500.59534,1316.57756,13,0.243825851,4.181009953,medical,employed,rent,rich,moderate,0,0.064221431,101.2751969,Senior,Low
30,27153.39272,6933.162414,24,0.12231424,2.533885889,education,employed,own,rich,little,0,0.255333191,288.8817673,Adult,Low
40,17182.97718,2583.603171,38,0.2767096,0.384574163,car,employed,rent,moderate,little,0,0.150358296,67.98955712,Middle,Low
23,34944.71128,1856.72876,11,0.005362955,2.253859392,education,employed,free,little,moderate,1,0.053133327,168.7935236,Young,Below_Avg
48,26985.28535,2521.660174,6,0.128234001,2.621819293,car,employed,rent,rich,little,0,0.093445748,420.2766956,Middle,Low
46,14660.66552,7585.572628,6,0.351995239,11.30247241,business,employed,own,little,rich,0,0.517409842,1264.262105,Middle,Low
45,12300.54685,13453.69397,21,1.146151132,1.961145363,furniture,employed,rent,moderate,moderate,0,1.09374763,640.6520937,Middle,Low
40,10613.14687,7232.528346,15,0.480937549,2.384062745,vacation,employed,rent,little,little,0,0.681468789,482.1685564,Middle,Low
44,24196.68425,8148.739885,11,0.368164438,7.636911591,medical,employed,rent,moderate,moderate,0,0.336770931,740.794535,Middle,Low
59,29326.17397,7175.560947,6,0.27040672,7.113892456,furniture,employed,own,little,moderate,0,0.244681115,1195.926824,Senior,Below_Avg
36,30500.02674,5329.761351,37,0.193846884,8.004504202,furniture,employed,rent,little,moderate,0,0.174746121,144.0476041,Middle,Below_Avg
41,20764.69469,8583.049149,27,0.339857184,15.37071175,education,unemployed,rent,quite_rich,moderate,1,0.413348199,317.8907092,Middle,Low
26,12351.11686,709.7974349,6,0.112420947,7.937342544,car,employed,rent,moderate,moderate,0,0.057468279,118.2995725,Adult,Low
29,15661.52898,5371.544062,8,0.38208514,2.617935221,medical,self-employed,free,moderate,rich,0,0.34297699,671.4430078,Adult,Low
41,39189.89921,2130.389216,14,0.033365393,8.616071963,furniture,unemployed,own,little,rich,0,0.054360671,152.1706583,Middle,Below_Avg
53,17286.57932,12460.5391,10,0.788006592,3.553243534,car,employed,own,little,little,0,0.720821562,1246.05391,Senior,Low
36,23663.96759,4368.940263,9,0.175063751,1.626670708,business,employed,own,rich,rich,0,0.184624165,485.4378069,Middle,Low
37,12863.82977,5037.969841,22,0.444516126,1.804254456,car,employed,own,little,rich,1,0.39163841,228.9986291,Middle,Low
35,26063.50979,1474.30578,6,0.043977963,1.26699836,car,employed,own,rich,moderate,0,0.056565896,245.7176301,Adult,Low
33,17521.03992,11086.29247,11,0.654411892,0.783227868,education,employed,own,moderate,moderate,0,0.632741693,1007.84477,Adult,Low
43,37173.68349,8118.189954,6,0.2758577,1.019710498,business,self-employed,rent,little,moderate,1,0.218385406,1353.031659,Middle,Below_Avg
22,32428.04303,7673.731684,6,0.196847496,0.32631018,education,employed,free,little,little,1,0.236638754,1278.955281,Young,Below_Avg
55,17191.09896,2564.661341,11,0.025801763,10.96645056,business,retired,own,rich,little,0,0.149185421,233.151031,Senior,Low
32,20674.74087,2646.750987,6,0.155626481,13.36880982,car,self-employed,own,moderate,rich,0,0.128018581,441.1251645,Adult,Low
48,16721.35426,5877.457583,6,0.470433251,4.418759451,furniture,employed,own,moderate,moderate,0,0.351494113,979.5762638,Middle,Low
24,10832.25354,2819.743696,12,0.290225077,9.178229415,furniture,employed,rent,little,little,0,0.260309979,234.9786413,Young,Low
48,14346.75101,6959.858134,60,0.516931603,1.014077263,medical,employed,rent,rich,little,1,0.485117371,115.9976356,Middle,Low
48,24321.32129,872.4190913,20,0.031652936,11.59732506,car,employed,own,little,little,0,0.035870547,43.62095457,Middle,Low
44,25916.36105,3327.45942,6,0.202304096,3.529759659,car,employed,rent,moderate,rich,0,0.128392231,554.57657,Middle,Low
28,23724.74682,20689.93796,8,0.853489019,0.347634674,medical,self-employed,own,little,moderate,0,0.872082561,2586.242245,Adult,Low
42,18941.93399,6985.477725,9,0.323393886,0.761752515,medical,employed,free,little,moderate,0,0.368783765,776.1641917,Middle,Low
25,35120.2548,5616.336891,6,0.270447141,1.847906952,vacation,employed,rent,moderate,little,0,0.159917316,936.0561485,Young,Below_Avg
36,22737.50294,24056.99844,6,1.004977848,3.580633891,car,self-employed,free,little,moderate,0,1.05803168,4009.49974,Middle,Low
52,31307.93673,758.4198355,6,0.113171618,1.850200578,education,employed,own,rich,rich,0,0.024224523,126.4033059,Senior,Below_Avg
49,9073.491631,2559.970741,13,0.39273088,0.309006996,furniture,employed,own,moderate,moderate,0,0.282137334,196.9208262,Middle,Low
40,3098.891898,3565.506729,20,1.20725643,1.346118115,vacation,employed,own,rich,little,0,1.150574737,178.2753364,Middle,Low
28,25384.49958,9766.183034,16,0.259806626,1.543982138,car,employed,rent,little,rich,0,0.384730178,610.3864396,Adult,Low
47,10803.41075,9902.327313,60,0.91930818,25.89732018,car,self-employed,own,little,little,0,0.91659269,165.0387885,Middle,Low
40,19806.67238,2458.224531,6,0.10391093,1.342971534,furniture,unemployed,rent,moderate,little,0,0.12411093,409.7040884,Middle,Low
18,18938.487,10920.13332,60,0.527010726,1.366834782,car,employed,rent,little,little,1,0.576610651,182.0022219,Young,Low
49,48712.95554,3559.40326,11,0.087344083,5.804390466,business,employed,rent,moderate,little,1,0.073068924,323.5821145,Middle,Below_Avg
39,26903.13971,12955.96658,6,0.558498871,9.807669583,vacation,employed,rent,moderate,little,0,0.481578237,2159.327763,Middle,Low
54,23930.98911,2151.425321,51,0.044045963,2.447403714,business,self-employed,rent,rich,moderate,0,0.089901229,42.18481022,Senior,Low
26,33473.03865,4453.077552,11,0.115896489,10.42198982,furniture,self-employed,own,little,little,1,0.133034757,404.825232,Adult,Below_Avg
18,26482.74833,3320.48504,7,0.101277054,2.07865325,vacation,employed,rent,rich,rich,1,0.125382947,474.3550057,Young,Low
43,17521.10623,11439.4627,6,0.769283249,1.097101703,car,employed,free,moderate,little,0,0.652896144,1906.577117,Middle,Low
43,37636.81472,3234.970302,6,0.060242225,1.999693218,car,unemployed,rent,moderate,rich,1,0.085952287,539.161717,Middle,Below_Avg
19,12646.36291,4750.671126,60,0.252214566,4.699797884,furniture,employed,rent,little,little,1,0.375655132,79.1778521,Young,Low
28,25890.29828,7372.035381,6,0.127397746,2.287555212,car,self-employed,free,moderate,moderate,1,0.28474123,1228.672563,Adult,Low
73,10160.01404,7602.305127,60,0.784530301,5.587352012,car,self-employed,rent,rich,little,1,0.748257345,126.7050854,Senior,Low
36,24391.05946,9992.220168,7,0.333599154,1.352066069,furniture,employed,free,rich,moderate,0,0.409667328,1427.460024,Middle,Low
48,24257.83218,5819.093785,6,0.306757604,6.0364397,medical,self-employed,own,little,rich,0,0.239885153,969.8489641,Middle,Low
32,50931.02172,3517.130959,6,-0.064065246,2.134248409,medical,employed,rent,moderate,moderate,0,0.069056752,586.1884932,Adult,Below_Avg
18,10071.98467,3715.397699,9,0.314993151,3.042820487,furniture,retired,own,little,little,0,0.368884368,412.8219666,Young,Low
37,16310.37051,5016.751302,6,0.174523577,4.079344789,car,employed,own,rich,little,0,0.307580462,836.125217,Middle,Low
36,33234.41496,6000.955472,21,0.22402557,5.795395603,car,employed,own,moderate,little,0,0.180564499,285.7597844,Middle,Below_Avg
35,26047.01956,4368.883143,6,0.23261539,1.363728828,furniture,employed,own,rich,little,0,0.167730635,728.1471905,Adult,Low
38,24104.4687,4990.856098,32,0.240913588,9.037784087,car,self-employed,own,moderate,rich,1,0.207051073,155.9642531,Middle,Low
43,13655.9711,1460.007587,32,-0.001680138,6.397843384,car,employed,own,little,little,0,0.106913494,45.62523711,Middle,Low
38,16392.69071,8382.355397,6,0.436770759,1.333504745,business,employed,own,moderate,little,0,0.511347133,1397.059233,Middle,Low
24,41048.94869,5681.04135,25,0.161828155,18.43931238,education,employed,rent,little,little,0,0.138396756,227.241654,Young,Below_Avg
45,21466.42581,10954.39835,35,0.341529645,5.465094669,car,employed,own,little,little,0,0.510303786,312.9828101,Middle,Low
18,26573.76814,4915.399966,16,0.16085839,3.011296428,business,self-employed,own,little,rich,0,0.184971884,307.2124979,Young,Low
18,20793.71041,1223.268847,8,0.210519326,0.857070256,business,employed,own,rich,little,0,0.058828791,152.9086058,Young,Low
48,12191.04863,3689.488275,10,0.284643569,3.809496858,furniture,self-employed,own,little,little,0,0.302639124,368.9488275,Middle,Low
46,35133.31881,4188.324539,27,-0.029642141,0.900275956,car,self-employed,rent,rich,moderate,1,0.119212323,155.1231311,Middle,Below_Avg
39,28328.2889,8904.594374,6,0.253594841,2.806137619,medical,unemployed,rent,little,little,0,0.314335765,1484.099062,Middle,Below_Avg
23,69760.16464,938.0292805,7,-0.049622744,2.627264773,business,self-employed,rent,quite_rich,little,0,0.013446489,134.0041829,Young,Average
31,13256.04972,5079.375569,6,0.597205027,6.363750716,car,employed,own,quite_rich,moderate,0,0.383174149,846.5625949,Adult,Low
36,33232.59534,7412.626972,9,0.389620814,1.068337836,education,employed,own,little,rich,0,0.223052906,823.6252191,Middle,Below_Avg
20,11432.64361,2895.200636,6,0.326333366,8.626246321,furniture,retired,own,quite_rich,moderate,0,0.253239822,482.5334393,Young,Low
31,23829.34978,5217.128365,6,0.184629491,1.973607591,education,unemployed,rent,rich,rich,0,0.218937084,869.5213942,Adult,Low
47,35891.41088,2976.105343,8,0.202982675,2.934832649,furniture,employed,rent,little,moderate,0,0.082919709,372.0131678,Middle,Below_Avg
57,7816.033204,2741.722505,6,0.237435876,7.399531381,furniture,unemployed,free,quite_rich,little,0,0.35078184,456.9537509,Senior,Low
34,19881.27798,3544.896065,6,0.285960761,4.909381001,business,self-employed,own,little,little,0,0.178303229,590.8160109,Adult,Low
49,16620.54954,2783.449893,13,0.260267742,1.841029798,education,unemployed,own,little,rich,0,0.167470389,214.1115302,Middle,Low
18,15506.60515,8492.125909,36,0.532511144,2.440454507,car,self-employed,own,moderate,little,1,0.547645718,235.8923864,Young,Low
47,26705.00623,2729.949797,7,0.216144775,1.824880906,car,unemployed,rent,little,little,0,0.102226143,389.9928281,Middle,Low
30,38574.35102,2386.712069,6,0.017150919,4.516504423,furniture,unemployed,own,little,rich,0,0.061873032,397.7853448,Adult,Below_Avg
43,20606.47534,20218.29029,6,0.854653427,2.022012364,furniture,employed,own,quite_rich,little,0,0.981161987,3369.715048,Middle,Low
37,24409.87918,10599.81693,35,0.53203941,6.467622385,car,retired,free,quite_rich,moderate,1,0.434242909,302.8519124,Middle,Low
55,23322.04609,1108.529134,13,0.039007091,4.334969654,business,employed,rent,little,moderate,0,0.047531384,85.27147188,Senior,Low
29,22046.33719,2665.602442,6,0.181087145,0.787402991,car,employed,own,moderate,moderate,0,0.120909084,444.2670737,Adult,Low
47,12776.06377,5966.825825,22,0.649120284,1.857265298,business,self-employed,own,quite_rich,little,0,0.467031625,271.2193557,Middle,Low
36,38338.97573,6367.766466,6,0.093865792,1.25159389,business,self-employed,rent,little,moderate,1,0.166091199,1061.294411,Middle,Below_Avg
38,25529.69808,1491.60158,6,0.044088184,2.474049584,car,unemployed,rent,quite_rich,little,0,0.058426135,248.6002633,Middle,Low
37,26834.42199,12417.38014,6,0.619704185,3.628187465,business,employed,rent,little,moderate,1,0.462740734,2069.563356,Middle,Low
29,14716.80306,9510.764443,6,0.713125243,3.533826004,medical,employed,own,rich,moderate,0,0.64625207,1585.127407,Adult,Low
39,17507.59036,7226.58095,16,0.342790176,7.022773893,car,employed,rent,moderate,rich,0,0.412768451,451.6613094,Middle,Low
39,20169.62222,14550.53138,11,0.625906455,1.048495815,medical,employed,rent,quite_rich,little,0,0.721408225,1322.77558,Middle,Low
42,10228.54534,7057.400024,23,0.637162972,14.63782945,education,self-employed,rent,rich,rich,1,0.689971036,306.8434793,Middle,Low
41,9470.934273,7036.489705,12,0.669114768,2.099177651,education,employed,own,rich,moderate,0,0.742956239,586.3741421,Middle,Low
49,16311.50612,17088.19952,9,1.071351101,1.785152514,car,employed,own,moderate,moderate,1,1.047616289,1898.688835,Middle,Low
51,28602.81399,11860.58106,13,0.422508283,5.778748579,business,employed,own,rich,little,0,0.414664832,912.3523892,Senior,Below_Avg
27,15889.77826,2506.879503,10,0.185690578,8.18704307,furniture,self-employed,free,rich,little,0,0.157766802,250.6879503,Adult,Low
50,13234.69939,8156.383433,6,0.532206494,2.377869692,business,employed,own,little,moderate,1,0.616287774,1359.397239,Middle,Low
25,14656.7634,2888.768911,20,0.190011209,6.868805654,vacation,self-employed,own,moderate,rich,0,0.197094599,144.4384456,Young,Low
47,17541.57029,7356.382927,58,0.213798574,10.75945717,education,employed,own,little,little,1,0.419368552,126.8341884,Middle,Low
47,18454.62912,7196.073475,9,0.40443388,7.279372708,car,employed,rent,rich,rich,0,0.389933248,799.5637195,Middle,Low
18,65040.19394,1624.939966,9,0.142527692,0.173974333,car,unemployed,rent,little,moderate,1,0.024983627,180.5488851,Young,Average
41,37320.95762,4458.303141,6,-0.023016157,8.782991985,car,employed,rent,quite_rich,rich,0,0.119458434,743.0505235,Middle,Below_Avg
34,36768.14249,6076.630449,39,0.213611723,7.446753411,vacation,employed,rent,moderate,little,0,0.1652689,155.8110372,Adult,Below_Avg
30,39509.25322,3466.73271,47,0.026643395,5.532570703,car,self-employed,free,little,moderate,0,0.08774483,73.76027042,Adult,Below_Avg
56,13367.60558,6321.854982,30,0.553173628,7.136048864,furniture,self-employed,own,quite_rich,little,0,0.472923512,210.7284994,Senior,Low
32,11953.95772,9364.846478,6,0.799274449,19.41848886,furniture,self-employed,rent,little,rich,1,0.783409704,1560.807746,Adult,Low
30,12664.58576,4795.942604,41,0.419159671,2.820366307,vacation,self-employed,own,moderate,moderate,1,0.37868926,116.9742099,Adult,Low
40,42926.86217,5882.161535,6,0.143509912,0.347946863,furniture,employed,own,rich,little,0,0.137027522,980.3602559,Middle,Below_Avg
48,16754.19754,14864.62135,10,1.020050925,3.580633891,medical,employed,own,little,moderate,1,0.887217744,1486.462135,Middle,Low
38,11781.92562,7176.429589,12,0.64384603,0.237731381,business,employed,own,moderate,little,0,0.609104982,598.0357991,Middle,Low
53,17756.41077,5771.339212,32,0.254486109,1.74247395,vacation,unemployed,own,rich,little,1,0.325028481,180.3543504,Senior,Low
46,19549.34838,2283.664107,25,0.126686862,4.420083337,car,retired,own,quite_rich,little,0,0.116815357,91.34656426,Middle,Low
18,25190.1075,8407.007045,28,0.2968543,1.852586493,car,employed,own,little,little,0,0.333742404,300.2502516,Young,Low
33,24971.12685,6400.426831,36,0.272553087,5.782190885,car,employed,own,little,moderate,1,0.256313096,177.7896342,Adult,Low
33,14558.20044,13725.23718,11,0.900806942,8.629474604,furniture,employed,own,moderate,moderate,0,0.942783913,1247.748834,Adult,Low
45,31033.67537,5102.586437,27,0.096739878,2.72742334,business,self-employed,rent,moderate,little,1,0.164420952,188.9846828,Middle,Below_Avg
18,16000.94774,1149.390177,6,0.091759852,11.51982779,car,employed,free,moderate,moderate,0,0.071832631,191.5650295,Young,Low
70,20370.8825,1261.306421,10,0.067496085,0.416032748,car,self-employed,free,little,little,0,0.061917122,126.1306421,Senior,Low
46,31051.02305,8853.291688,6,0.391516357,9.166444951,education,unemployed,rent,moderate,little,0,0.285120773,1475.548615,Middle,Below_Avg
41,15979.93734,3114.566082,44,0.153409186,8.817993037,car,retired,rent,rich,moderate,0,0.194904774,70.78559276,Middle,Low
54,16569.5887,6970.304576,57,0.222583149,1.942994943,furniture,employed,rent,little,little,1,0.420668533,122.2860452,Senior,Low
68,29609.01115,5385.072838,6,0.145485689,1.774205897,car,retired,rent,little,moderate,0,0.181872769,897.5121397,Senior,Below_Avg
50,14344.66553,4300.6793,13,0.137167282,1.819900531,business,self-employed,own,moderate,little,0,0.299810358,330.8214846,Middle,Low
51,18171.396,4550.129493,7,0.291967854,8.340467854,education,employed,own,little,moderate,0,0.250400657,650.018499,Senior,Low
41,29081.89484,2459.438611,7,-0.082820385,8.90865425,education,employed,own,moderate,little,0,0.084569407,351.348373,Middle,Below_Avg
38,61515.60865,4853.123751,10,-0.019944548,2.000317059,car,self-employed,rent,little,little,0,0.078892558,485.3123751,Middle,Average
34,29813.07255,3079.138884,6,0.067048055,4.489680412,car,retired,rent,little,little,0,0.103281501,513.189814,Adult,Below_Avg
30,27898.26785,3648.950182,6,0.285189926,0.747916138,vacation,employed,own,moderate,moderate,0,0.130794865,608.1583637,Adult,Low
31,28721.48683,3793.638122,15,0.024794614,3.162883279,business,employed,own,little,little,0,0.132083626,252.9092081,Adult,Below_Avg
23,12879.66336,4099.602858,6,0.319540965,33.59746889,education,employed,own,rich,little,0,0.318300467,683.267143,Young,Low
39,23337.07016,10277.77181,16,0.498403061,0.864861871,education,retired,rent,quite_rich,little,1,0.440405404,642.3607379,Middle,Low
19,21701.06802,4430.055258,6,0.35254602,14.74067982,car,retired,rent,moderate,little,0,0.204139965,738.3425431,Young,Low
42,25868.78401,11147.40338,32,0.508700518,3.580633891,vacation,employed,own,moderate,little,0,0.430921043,348.3563557,Middle,Low
39,23347.70628,16819.32768,16,0.829775279,17.91623205,business,employed,own,little,little,0,0.720384584,1051.20798,Middle,Low
41,26631.49558,9739.603826,22,0.4521482,0.98968682,education,unemployed,rent,rich,rich,0,0.365717494,442.7092648,Middle,Low
33,18849.96625,7536.964759,6,0.278927398,1.200930333,medical,self-employed,free,moderate,little,0,0.399839695,1256.160793,Adult,Low
76,22681.49014,6383.461395,6,0.317408452,0.085055264,car,retired,free,little,little,0,0.281439242,1063.910232,Senior,Low
56,11921.34437,9821.085817,60,0.908689778,6.44950226,business,unemployed,own,little,rich,1,0.823823682,163.6847636,Senior,Low
25,18770.58622,5278.982189,10,0.185586909,5.165452882,medical,employed,own,little,little,0,0.281236938,527.8982189,Young,Low
42,44153.02738,10803.82889,8,0.18671457,0.980472479,furniture,self-employed,own,little,moderate,0,0.244690558,1350.478611,Middle,Below_Avg
32,25832.90045,8032.769521,37,0.230631898,7.830574414,car,employed,rent,moderate,little,1,0.310951127,217.1018789,Adult,Low
27,21797.25844,3685.375251,6,0.246337472,1.777631634,business,self-employed,rent,quite_rich,rich,1,0.169075173,614.2292084,Adult,Low
23,56843.75474,10063.60475,13,0.170111649,0.72510325,car,self-employed,own,rich,rich,1,0.177039761,774.123442,Young,Average
45,11154.32407,5287.93984,6,0.441986256,2.745776767,vacation,retired,rent,moderate,little,0,0.474070845,881.3233067,Middle,Low
31,12648.22569,4514.701695,8,0.228776489,0.476885077,car,retired,own,little,little,0,0.35694348,564.3377119,Adult,Low
51,51862.73032,3357.797969,6,0.058004524,1.527490235,business,employed,free,little,little,0,0.064743949,559.6329948,Senior,Below_Avg
51,22538.50521,5612.856665,6,0.192275278,2.320770722,furniture,employed,own,moderate,rich,0,0.249034114,935.4761108,Senior,Low
56,19510.50821,10907.10938,9,0.583371644,9.548128432,car,employed,own,little,little,1,0.559037687,1211.901042,Senior,Low
29,12093.1909,10008.11962,28,0.713286315,7.864294324,vacation,unemployed,rent,little,rich,1,0.827583034,357.4328436,Adult,Low
45,27552.48839,6520.556721,54,0.254450075,2.923744988,business,self-employed,rent,moderate,rich,0,0.236659449,120.7510504,Middle,Low
47,28918.30125,7940.368094,17,0.230684264,6.447200647,furniture,retired,rent,little,little,0,0.274579341,467.0804761,Middle,Below_Avg
34,12743.19675,13593.6416,8,0.941807475,4.20417305,car,self-employed,free,little,moderate,0,1.066737168,1699.2052,Adult,Low
30,20534.51088,4359.126477,26,0.079554543,2.083958981,business,employed,own,little,little,1,0.212282947,167.6587107,Adult,Low
59,18624.66551,2013.568897,12,-0.009589015,6.470843387,vacation,employed,own,little,moderate,0,0.108113023,167.7974081,Senior,Low
42,25033.95978,13917.52173,8,0.535305772,5.752146829,business,employed,free,moderate,little,0,0.555945678,1739.690217,Middle,Low
47,12586.43441,3216.912728,6,0.26768525,4.826019072,education,self-employed,rent,little,little,0,0.255585706,536.1521213,Middle,Low
30,41190.9449,2829.144085,28,0.095666005,4.8110912,car,unemployed,own,little,little,0,0.068683641,101.0408602,Adult,Below_Avg
25,34818.77009,1167.992563,12,0.064300203,5.743983501,vacation,employed,rent,little,moderate,0,0.033544912,97.33271355,Young,Below_Avg
33,18368.86187,7762.241639,59,0.346723754,2.426971401,business,unemployed,rent,little,moderate,1,0.42257608,131.5634176,Adult,Low
38,19767.42469,1343.237334,29,0.173792356,10.16568432,education,employed,own,quite_rich,moderate,1,0.067952065,46.31852877,Middle,Low
27,20574.11322,2696.723924,9,0.086851088,0.885523017,education,employed,own,little,rich,0,0.131073641,299.6359916,Adult,Low
39,14925.78784,7868.238059,24,0.572172279,10.76589095,education,employed,own,little,moderate,1,0.527157303,327.8432524,Middle,Low
19,17646.36851,8756.372517,10,0.47979831,2.094893861,vacation,employed,own,moderate,moderate,0,0.496213853,875.6372517,Young,Low
26,19242.27222,2917.950255,6,0.189204831,0.667837627,business,unemployed,free,little,little,0,0.151642707,486.3250426,Adult,Low
48,49337.22694,4414.621321,13,0.068045699,4.581796205,vacation,employed,own,moderate,little,0,0.089478505,339.5862555,Middle,Below_Avg
47,35359.03247,2445.303142,36,0.108519881,2.357917736,education,employed,own,little,little,1,0.069156393,67.92508729,Middle,Below_Avg
35,35148.15314,3169.352444,34,0.08943235,8.450521682,education,self-employed,rent,quite_rich,little,1,0.090171237,93.21624836,Adult,Below_Avg
27,26501.66411,6081.290515,15,0.310852308,2.817489417,vacation,retired,rent,quite_rich,moderate,0,0.229468251,405.4193676,Adult,Low
27,12598.54356,3290.130988,8,0.179283189,5.521580506,car,self-employed,rent,little,moderate,0,0.261151694,411.2663735,Adult,Low
35,21574.22184,4042.537904,6,0.010389022,1.84271105,furniture,employed,own,rich,rich,0,0.187378156,673.7563174,Adult,Low
47,35783.57363,1522.691322,6,-0.05478294,1.175146888,education,employed,rent,moderate,little,0,0.042552802,253.781887,Middle,Below_Avg
51,11741.29842,12165.56783,60,1.143026637,2.455515578,medical,employed,rent,quite_rich,moderate,1,1.036134795,202.7594639,Senior,Low
34,30281.02638,7391.258333,23,0.228632883,4.667284081,car,employed,own,moderate,rich,0,0.244088765,321.359058,Adult,Below_Avg
26,70354.68195,9268.013086,22,0.140938942,5.349347823,car,unemployed,rent,little,little,0,0.131732712,421.2733221,Adult,Average
43,37455.48061,13798.84621,25,0.263042937,4.316199065,car,employed,own,little,little,0,0.368406599,551.9538484,Middle,Below_Avg
30,44668.08608,2539.772273,17,0.063414139,22.13751331,furniture,employed,rent,little,rich,1,0.056858766,149.398369,Adult,Below_Avg
33,24567.2461,3689.640894,15,0.047904104,5.873529552,car,self-employed,rent,moderate,moderate,0,0.150185368,245.9760596,Adult,Low
55,35737.8623,1079.369665,10,-0.057375715,13.40604055,education,unemployed,free,little,moderate,0,0.030202413,107.9369665,Senior,Below_Avg
49,15383.84778,60617.46477,10,3.900083441,0.627437415,vacation,employed,own,moderate,rich,0,3.940331809,6061.746477,Middle,Low
41,32791.73911,4360.455257,36,0.177483925,0.316685175,education,employed,free,little,moderate,1,0.132974199,121.1237572,Middle,Below_Avg
24,30552.26391,11282.20878,8,0.424460463,1.862531593,car,employed,rent,rich,little,0,0.369275705,1410.276098,Young,Below_Avg
42,25462.33517,1825.247886,33,0.12958872,0.734321921,vacation,employed,rent,moderate,rich,0,0.07168423,55.31054199,Middle,Low
52,42531.64686,10906.46204,32,0.097623278,3.731353146,education,employed,own,moderate,rich,1,0.256431689,340.8269388,Senior,Below_Avg
35,16824.77163,21721.82298,26,1.29039553,3.659245178,car,employed,free,moderate,little,1,1.29106198,835.4547299,Adult,Low
56,20059.7629,4683.380236,6,0.213793182,4.27888548,furniture,employed,own,rich,moderate,0,0.233471366,780.5633726,Senior,Low
55,23103.3064,2189.20732,6,-0.058460925,6.836928918,business,employed,own,little,little,1,0.094757317,364.8678866,Senior,Low
59,13163.38663,4398.253808,6,0.335726206,17.75946771,business,employed,rent,little,rich,0,0.33412783,733.0423013,Senior,Low
43,24673.02873,827.6503479,33,0.008502019,10.52928454,education,retired,own,rich,little,0,0.033544741,25.08031357,Middle,Low
47,9325.75115,4768.040196,37,0.562429366,0.629898405,car,employed,own,rich,little,0,0.511276799,128.8659513,Middle,Low
56,37178.17845,9478.427552,6,0.263070699,2.066329946,vacation,unemployed,rent,moderate,moderate,1,0.254945991,1579.737925,Senior,Below_Avg
45,22546.12936,4776.168259,7,0.156907779,1.477382014,furniture,employed,own,little,moderate,1,0.211839832,682.3097512,Middle,Low
33,16975.96074,3915.46101,34,0.323223633,0.972885902,business,self-employed,rent,little,rich,1,0.230647388,115.1606179,Adult,Low
34,14513.19034,7495.472817,6,0.294335998,3.93426688,education,employed,rent,little,rich,0,0.516459348,1249.24547,Adult,Low
42,19588.74578,7968.247636,60,0.400350303,4.028941814,car,employed,rent,quite_rich,little,1,0.406776816,132.8041273,Middle,Low
24,31074.09694,1302.545297,12,-0.134407695,1.288965024,car,self-employed,own,little,little,0,0.041917398,108.5454414,Young,Below_Avg
38,28965.75327,5276.711548,49,0.090951373,6.222190464,car,self-employed,rent,moderate,little,0,0.1821707,107.6879908,Middle,Below_Avg
53,15478.86813,34502.53572,10,2.281490328,6.600928476,car,retired,rent,rich,little,0,2.229008958,3450.253572,Senior,Low
18,14428.78089,1689.160609,7,-0.01035091,0.106016012,car,self-employed,own,little,moderate,0,0.117068838,241.3086584,Young,Low
58,30590.63983,4590.136007,8,0.007678561,2.518900044,education,employed,own,little,little,0,0.150050343,573.7670009,Senior,Below_Avg
53,15349.31763,23234.57843,38,1.751915108,11.04277144,education,employed,own,little,little,0,1.513720609,611.4362745,Senior,Low
34,22696.24763,11888.65812,7,0.387887116,3.673165813,education,employed,rent,moderate,little,0,0.523816021,1698.379731,Adult,Low
46,23432.45535,3259.348655,19,0.304147572,2.135700116,education,employed,rent,little,little,0,0.139095481,171.5446661,Middle,Low
40,25745.91019,5795.913062,11,0.207899541,1.462978299,vacation,self-employed,own,little,moderate,0,0.225119758,526.9011875,Middle,Low
54,33831.081,4906.473114,51,0.092545652,1.394302287,medical,employed,rent,little,moderate,0,0.145028565,96.20535518,Senior,Below_Avg
51,11713.74868,2701.446249,6,0.287300477,0.525514044,car,unemployed,rent,little,little,1,0.230621838,450.2410416,Senior,Low
23,8471.139713,4631.325142,10,0.680377476,8.497535775,education,employed,own,little,little,1,0.546718069,463.1325142,Young,Low
47,16585.37164,3928.555554,6,0.122261914,0.453221141,car,employed,rent,little,moderate,0,0.236868708,654.759259,Middle,Low
37,54217.78141,5378.684736,15,0.048180201,1.72863804,car,employed,rent,little,rich,0,0.099205179,358.5789824,Middle,Average
40,60541.6629,2700.7734,9,0.129297136,0.233758843,business,employed,free,rich,little,1,0.044610162,300.0859333,Middle,Average
31,55027.51258,1769.947988,6,0.060964214,7.602251337,furniture,self-employed,own,little,little,0,0.032164783,294.9913313,Adult,Average
60,20000.43528,4755.111298,34,0.347942174,0.200380542,business,retired,own,moderate,little,1,0.237750391,139.8562147,Senior,Low
52,9035.734178,19381.89331,8,2.196538144,1.843022696,furniture,employed,free,moderate,little,1,2.145026948,2422.736663,Senior,Low
31,6825.906619,5248.839802,12,0.949781031,4.258339627,car,self-employed,own,rich,moderate,0,0.76895863,437.4033168,Adult,Low
23,16203.47362,3769.603026,9,0.250500521,2.634447806,vacation,self-employed,rent,little,little,0,0.232641662,418.8447807,Young,Low
35,19949.57632,8984.612259,12,0.472547184,1.658316561,car,retired,rent,little,moderate,0,0.450366069,748.7176883,Adult,Low
45,42205.79026,4330.093048,6,0.1347669,1.609222238,car,employed,rent,rich,rich,0,0.102594763,721.6821747,Middle,Below_Avg
42,33992.75626,21904.03926,30,0.630124848,7.992250155,car,employed,own,rich,moderate,1,0.644373733,730.1346421,Middle,Below_Avg
55,24678.86626,4899.409627,7,0.283335244,18.244083,medical,employed,free,little,little,1,0.198526528,699.915661,Senior,Low
49,14116.18958,8607.572779,23,0.633470146,2.138868553,furniture,employed,own,little,little,1,0.609766023,374.2422948,Middle,Low
51,13624.29971,2687.365149,6,0.276065948,0.199661502,education,employed,rent,rich,little,0,0.197247947,447.8941915,Senior,Low
43,25010.82083,7350.116208,13,0.388327434,0.186255316,business,employed,own,little,moderate,0,0.293877448,565.3935544,Middle,Low
23,31210.98794,6124.637081,43,0.23907883,7.119221391,education,self-employed,own,rich,little,0,0.196233362,142.4334205,Young,Below_Avg
37,26794.19748,4697.544011,9,0.225491084,4.018939411,vacation,employed,own,quite_rich,little,0,0.175319452,521.9493346,Middle,Low
52,13130.60469,3289.838621,6,0.149514403,7.65296401,furniture,self-employed,free,little,little,0,0.250547381,548.3064368,Senior,Low
39,30495.48181,2950.045484,6,0.041701774,5.978320591,medical,self-employed,rent,rich,little,0,0.096737133,491.6742473,Middle,Below_Avg
46,27253.99742,6160.308468,35,0.310371553,11.90307639,business,unemployed,rent,moderate,moderate,1,0.226033208,176.0088134,Middle,Low
36,12895.92691,8128.659353,6,0.772690772,10.85008355,furniture,employed,rent,rich,rich,0,0.630327654,1354.776559,Middle,Low
27,14880.98518,4439.378921,60,0.104282583,7.763572585,furniture,employed,own,moderate,rich,0,0.298325606,73.98964868,Adult,Low
38,31077.768,6184.579796,6,0.142217031,3.223586931,medical,employed,rent,little,moderate,0,0.199003345,1030.763299,Middle,Below_Avg
43,19589.44603,4767.933481,11,0.245755032,1.84176005,business,employed,own,rich,little,0,0.243392972,433.4484983,Middle,Low
32,48755.51756,5317.831146,11,0.021143925,3.53650221,education,self-employed,rent,little,little,0,0.109071371,483.4391951,Adult,Below_Avg
37,28298.51583,4186.599105,6,0.065692159,3.48649501,business,employed,own,quite_rich,little,0,0.147944123,697.7665175,Middle,Below_Avg
28,17269.27873,4985.944154,13,0.336209555,3.580633891,education,employed,rent,moderate,little,0,0.288717568,383.5341657,Adult,Low
53,21914.35542,42549.8822,20,2.099781847,1.029573912,car,employed,rent,little,moderate,0,1.94164425,2127.49411,Senior,Low
36,22735.70093,6306.319085,24,0.074192822,5.330046165,furniture,employed,own,little,rich,0,0.277375178,262.7632952,Middle,Low
57,15303.01036,8235.732323,13,0.521129654,3.049556414,education,retired,own,rich,moderate,0,0.538177269,633.517871,Senior,Low
58,13956.57358,6977.311044,30,0.546258121,4.840616015,car,retired,own,little,rich,0,0.499930087,232.5770348,Senior,Low
39,31278.77235,3982.824585,25,0.205354546,1.369585055,furniture,employed,free,rich,moderate,0,0.127333149,159.3129834,Middle,Below_Avg
27,33611.94029,13838.24439,6,0.44361894,2.849295683,business,employed,own,little,little,1,0.411706205,2306.374065,Adult,Below_Avg
18,29788.88853,3893.52028,9,0.306844033,1.179885339,car,unemployed,own,moderate,rich,1,0.130703778,432.6133644,Young,Below_Avg
22,46988.54122,11430.53588,6,0.246152859,10.4094289,car,unemployed,own,rich,moderate,0,0.243262199,1905.089313,Young,Below_Avg
23,16799.65084,3761.730619,6,0.35511647,3.346772865,vacation,unemployed,free,little,little,0,0.223917191,626.9551032,Young,Low
56,50875.43042,2280.208089,22,-0.019817331,1.27434135,education,employed,rent,little,little,0,0.044819436,103.6458222,Senior,Below_Avg
41,14038.22775,6583.468194,13,0.474765483,0.210409229,car,employed,own,quite_rich,little,0,0.468967188,506.4206303,Middle,Low
44,13275.25717,2030.962942,16,0.031717087,5.631027489,vacation,employed,rent,moderate,rich,0,0.152988595,126.9351839,Middle,Low
18,9136.389449,7544.032859,23,0.915799151,1.20809535,business,unemployed,free,rich,little,1,0.825712707,328.0014287,Young,Low
25,17625.50612,1890.644538,6,0.095223246,22.8211933,furniture,unemployed,rent,rich,moderate,0,0.107267532,315.1074229,Young,Low
50,17122.33159,3807.749365,9,0.258167086,3.81463438,furniture,employed,own,moderate,moderate,0,0.22238498,423.0832627,Middle,Low
43,28651.7167,1563.396915,16,0.023228695,1.705252478,car,employed,own,rich,moderate,0,0.054565558,97.71230721,Middle,Below_Avg
38,24883.13319,47067.29229,6,1.950176844,5.360009052,vacation,self-employed,own,moderate,little,0,1.891533994,7844.548715,Middle,Low
46,12130.92571,1308.756007,32,0.147629311,1.609435064,education,self-employed,own,moderate,little,0,0.107885914,40.89862523,Middle,Low
59,18099.45092,4953.506518,7,0.174217553,8.581617227,education,self-employed,rent,little,moderate,0,0.273682696,707.6437883,Senior,Low
37,18292.91288,12266.69836,19,0.576894338,1.842552478,vacation,self-employed,rent,quite_rich,little,1,0.670571081,645.6157033,Middle,Low
40,9063.484036,11261.0903,60,1.239691284,22.21854535,car,employed,rent,rich,little,1,1.242468157,187.6848384,Middle,Low
42,13487.60826,9711.574473,11,0.785994209,4.646180634,car,employed,rent,little,rich,0,0.720036813,882.8704066,Middle,Low
68,14981.82659,3813.174371,6,0.440809546,9.302691606,car,self-employed,own,moderate,moderate,0,0.254519991,635.5290618,Senior,Low
18,45107.89249,14485.03255,6,0.351418778,0.378013356,car,self-employed,rent,little,moderate,1,0.321119692,2414.172091,Young,Below_Avg
48,24239.17386,10205.81436,6,0.521799436,2.140850258,business,employed,rent,moderate,moderate,0,0.421046296,1700.969061,Middle,Low
38,30671.35319,5824.565563,26,0.028617371,6.687275013,education,employed,own,quite_rich,little,0,0.189902465,224.0217524,Middle,Below_Avg
46,10411.66667,5957.847912,6,0.773523654,5.321909707,car,self-employed,rent,little,rich,0,0.572228069,992.9746519,Middle,Low
32,40018.9048,3853.980857,6,0.156872627,1.079866107,car,employed,own,quite_rich,rich,0,0.096304006,642.3301428,Adult,Below_Avg
39,42215.8504,2373.873716,22,0.05127136,2.20185856,car,employed,own,little,moderate,0,0.056231811,107.9033507,Middle,Below_Avg
48,8109.792138,13223.10266,6,1.614041071,1.528846031,medical,self-employed,rent,moderate,moderate,1,1.630510676,2203.850444,Middle,Low
77,15480.58037,14041.41414,16,0.796314111,4.751437774,business,self-employed,own,moderate,moderate,1,0.907034091,877.5883839,Senior,Low
49,28222.72509,2422.881194,9,0.003719912,2.112305344,education,self-employed,rent,little,moderate,0,0.085848591,269.2090216,Middle,Below_Avg
29,30399.88872,4345.829236,7,0.333998996,1.848469781,furniture,employed,own,moderate,little,0,0.142955432,620.832748,Adult,Below_Avg
